Country Name,Country ISO3,Year,Indicator Name,Indicator Code,Value
#country+name,#country+code,#date+year,#indicator+name,#indicator+code,#indicator+value+num
"Congo, Rep.",COG,2024,Firms with female top manager (% of firms),IC.FRM.FEMM.ZS,19.34633064
"Congo, Rep.",COG,2009,Firms with female top manager (% of firms),IC.FRM.FEMM.ZS,17.17171669
"Congo, Rep.",COG,2024,Firms with female participation in ownership (% of firms),IC.FRM.FEMO.ZS,22.86196709
"Congo, Rep.",COG,2009,Firms with female participation in ownership (% of firms),IC.FRM.FEMO.ZS,31.77405548
"Congo, Rep.",COG,2021,"Literacy rate, youth female (% of females ages 15-24)",SE.ADT.1524.LT.FE.ZS,79.5
"Congo, Rep.",COG,2011,"Literacy rate, youth female (% of females ages 15-24)",SE.ADT.1524.LT.FE.ZS,76.9460830688477
"Congo, Rep.",COG,2005,"Literacy rate, youth female (% of females ages 15-24)",SE.ADT.1524.LT.FE.ZS,71
"Congo, Rep.",COG,1984,"Literacy rate, youth female (% of females ages 15-24)",SE.ADT.1524.LT.FE.ZS,83
"Congo, Rep.",COG,2021,"Literacy rate, youth (ages 15-24), gender parity index (GPI)",SE.ADT.1524.LT.FM.ZS,0.933210015296936
"Congo, Rep.",COG,2011,"Literacy rate, youth (ages 15-24), gender parity index (GPI)",SE.ADT.1524.LT.FM.ZS,0.898029983043671
"Congo, Rep.",COG,2005,"Literacy rate, youth (ages 15-24), gender parity index (GPI)",SE.ADT.1524.LT.FM.ZS,1
"Congo, Rep.",COG,1984,"Literacy rate, youth (ages 15-24), gender parity index (GPI)",SE.ADT.1524.LT.FM.ZS,1
"Congo, Rep.",COG,2021,"Literacy rate, youth male (% of males ages 15-24)",SE.ADT.1524.LT.MA.ZS,85.1900024414062
"Congo, Rep.",COG,2011,"Literacy rate, youth male (% of males ages 15-24)",SE.ADT.1524.LT.MA.ZS,85.6836090087891
"Congo, Rep.",COG,2005,"Literacy rate, youth male (% of males ages 15-24)",SE.ADT.1524.LT.MA.ZS,88
"Congo, Rep.",COG,1984,"Literacy rate, youth male (% of males ages 15-24)",SE.ADT.1524.LT.MA.ZS,92
"Congo, Rep.",COG,2021,"Literacy rate, adult female (% of females ages 15 and above)",SE.ADT.LITR.FE.ZS,75.370002746582
"Congo, Rep.",COG,2011,"Literacy rate, adult female (% of females ages 15 and above)",SE.ADT.LITR.FE.ZS,72.8770599365234
"Congo, Rep.",COG,2005,"Literacy rate, adult female (% of females ages 15 and above)",SE.ADT.LITR.FE.ZS,67
"Congo, Rep.",COG,1984,"Literacy rate, adult female (% of females ages 15 and above)",SE.ADT.LITR.FE.ZS,49
"Congo, Rep.",COG,2021,"Literacy rate, adult male (% of males ages 15 and above)",SE.ADT.LITR.MA.ZS,85.9400024414062
"Congo, Rep.",COG,2011,"Literacy rate, adult male (% of males ages 15 and above)",SE.ADT.LITR.MA.ZS,86.4343109130859
"Congo, Rep.",COG,2005,"Literacy rate, adult male (% of males ages 15 and above)",SE.ADT.LITR.MA.ZS,86
"Congo, Rep.",COG,1984,"Literacy rate, adult male (% of males ages 15 and above)",SE.ADT.LITR.MA.ZS,71
"Congo, Rep.",COG,2018,"School enrollment, primary (gross), gender parity index (GPI)",SE.ENR.PRIM.FM.ZS,0.972339987754822
"Congo, Rep.",COG,2015,"School enrollment, primary (gross), gender parity index (GPI)",SE.ENR.PRIM.FM.ZS,1.01142454147339
"Congo, Rep.",COG,2014,"School enrollment, primary (gross), gender parity index (GPI)",SE.ENR.PRIM.FM.ZS,0.984804332256317
"Congo, Rep.",COG,2013,"School enrollment, primary (gross), gender parity index (GPI)",SE.ENR.PRIM.FM.ZS,1.01343548297882
"Congo, Rep.",COG,2012,"School enrollment, primary (gross), gender parity index (GPI)",SE.ENR.PRIM.FM.ZS,1.07474005222321
"Congo, Rep.",COG,2011,"School enrollment, primary (gross), gender parity index (GPI)",SE.ENR.PRIM.FM.ZS,0.944280028343201
"Congo, Rep.",COG,2010,"School enrollment, primary (gross), gender parity index (GPI)",SE.ENR.PRIM.FM.ZS,0.945720016956329
"Congo, Rep.",COG,2009,"School enrollment, primary (gross), gender parity index (GPI)",SE.ENR.PRIM.FM.ZS,0.932160019874573
"Congo, Rep.",COG,2008,"School enrollment, primary (gross), gender parity index (GPI)",SE.ENR.PRIM.FM.ZS,0.93216997385025
"Congo, Rep.",COG,2007,"School enrollment, primary (gross), gender parity index (GPI)",SE.ENR.PRIM.FM.ZS,0.932449996471405
"Congo, Rep.",COG,2006,"School enrollment, primary (gross), gender parity index (GPI)",SE.ENR.PRIM.FM.ZS,0.90513002872467
"Congo, Rep.",COG,2005,"School enrollment, primary (gross), gender parity index (GPI)",SE.ENR.PRIM.FM.ZS,0.93027001619339
"Congo, Rep.",COG,2004,"School enrollment, primary (gross), gender parity index (GPI)",SE.ENR.PRIM.FM.ZS,0.938350021839142
"Congo, Rep.",COG,2003,"School enrollment, primary (gross), gender parity index (GPI)",SE.ENR.PRIM.FM.ZS,0.94011002779007
"Congo, Rep.",COG,2002,"School enrollment, primary (gross), gender parity index (GPI)",SE.ENR.PRIM.FM.ZS,0.944909989833832
"Congo, Rep.",COG,2001,"School enrollment, primary (gross), gender parity index (GPI)",SE.ENR.PRIM.FM.ZS,0.942990005016327
"Congo, Rep.",COG,2000,"School enrollment, primary (gross), gender parity index (GPI)",SE.ENR.PRIM.FM.ZS,0.925469994544983
"Congo, Rep.",COG,1999,"School enrollment, primary (gross), gender parity index (GPI)",SE.ENR.PRIM.FM.ZS,0.96288001537323
"Congo, Rep.",COG,1998,"School enrollment, primary (gross), gender parity index (GPI)",SE.ENR.PRIM.FM.ZS,0.89699000120163
"Congo, Rep.",COG,1997,"School enrollment, primary (gross), gender parity index (GPI)",SE.ENR.PRIM.FM.ZS,0.896679997444153
"Congo, Rep.",COG,1996,"School enrollment, primary (gross), gender parity index (GPI)",SE.ENR.PRIM.FM.ZS,0.936259984970093
"Congo, Rep.",COG,1995,"School enrollment, primary (gross), gender parity index (GPI)",SE.ENR.PRIM.FM.ZS,0.85097998380661
"Congo, Rep.",COG,1994,"School enrollment, primary (gross), gender parity index (GPI)",SE.ENR.PRIM.FM.ZS,0.930580019950867
"Congo, Rep.",COG,1993,"School enrollment, primary (gross), gender parity index (GPI)",SE.ENR.PRIM.FM.ZS,0.93028998374939
"Congo, Rep.",COG,1992,"School enrollment, primary (gross), gender parity index (GPI)",SE.ENR.PRIM.FM.ZS,0.934300005435944
"Congo, Rep.",COG,1991,"School enrollment, primary (gross), gender parity index (GPI)",SE.ENR.PRIM.FM.ZS,0.911639988422394
"Congo, Rep.",COG,1990,"School enrollment, primary (gross), gender parity index (GPI)",SE.ENR.PRIM.FM.ZS,0.932500004768372
"Congo, Rep.",COG,1989,"School enrollment, primary (gross), gender parity index (GPI)",SE.ENR.PRIM.FM.ZS,0.932550013065338
"Congo, Rep.",COG,1988,"School enrollment, primary (gross), gender parity index (GPI)",SE.ENR.PRIM.FM.ZS,0.954150021076202
"Congo, Rep.",COG,1987,"School enrollment, primary (gross), gender parity index (GPI)",SE.ENR.PRIM.FM.ZS,0.90692001581192
"Congo, Rep.",COG,1986,"School enrollment, primary (gross), gender parity index (GPI)",SE.ENR.PRIM.FM.ZS,0.953360021114349
"Congo, Rep.",COG,1985,"School enrollment, primary (gross), gender parity index (GPI)",SE.ENR.PRIM.FM.ZS,0.95441997051239
"Congo, Rep.",COG,1984,"School enrollment, primary (gross), gender parity index (GPI)",SE.ENR.PRIM.FM.ZS,0.945360004901886
"Congo, Rep.",COG,1983,"School enrollment, primary (gross), gender parity index (GPI)",SE.ENR.PRIM.FM.ZS,0.954729974269867
"Congo, Rep.",COG,1982,"School enrollment, primary (gross), gender parity index (GPI)",SE.ENR.PRIM.FM.ZS,0.944769978523254
"Congo, Rep.",COG,1981,"School enrollment, primary (gross), gender parity index (GPI)",SE.ENR.PRIM.FM.ZS,0.939920008182526
"Congo, Rep.",COG,1980,"School enrollment, primary (gross), gender parity index (GPI)",SE.ENR.PRIM.FM.ZS,0.928669989109039
"Congo, Rep.",COG,1979,"School enrollment, primary (gross), gender parity index (GPI)",SE.ENR.PRIM.FM.ZS,0.923829972743988
"Congo, Rep.",COG,1978,"School enrollment, primary (gross), gender parity index (GPI)",SE.ENR.PRIM.FM.ZS,0.915750026702881
"Congo, Rep.",COG,1977,"School enrollment, primary (gross), gender parity index (GPI)",SE.ENR.PRIM.FM.ZS,0.888629972934723
"Congo, Rep.",COG,1976,"School enrollment, primary (gross), gender parity index (GPI)",SE.ENR.PRIM.FM.ZS,0.875509977340698
"Congo, Rep.",COG,1975,"School enrollment, primary (gross), gender parity index (GPI)",SE.ENR.PRIM.FM.ZS,0.858650028705597
"Congo, Rep.",COG,1974,"School enrollment, primary (gross), gender parity index (GPI)",SE.ENR.PRIM.FM.ZS,0.83160001039505
"Congo, Rep.",COG,1973,"School enrollment, primary (gross), gender parity index (GPI)",SE.ENR.PRIM.FM.ZS,0.828519999980927
"Congo, Rep.",COG,1972,"School enrollment, primary (gross), gender parity index (GPI)",SE.ENR.PRIM.FM.ZS,0.813390016555786
"Congo, Rep.",COG,1971,"School enrollment, primary (gross), gender parity index (GPI)",SE.ENR.PRIM.FM.ZS,0.787970006465912
"Congo, Rep.",COG,2018,"School enrollment, primary and secondary (gross), gender parity index (GPI)",SE.ENR.PRSC.FM.ZS,0.952297329902649
"Congo, Rep.",COG,2012,"School enrollment, primary and secondary (gross), gender parity index (GPI)",SE.ENR.PRSC.FM.ZS,1.00334000587463
"Congo, Rep.",COG,2004,"School enrollment, primary and secondary (gross), gender parity index (GPI)",SE.ENR.PRSC.FM.ZS,0.908410012722015
"Congo, Rep.",COG,2003,"School enrollment, primary and secondary (gross), gender parity index (GPI)",SE.ENR.PRSC.FM.ZS,0.858039975166321
"Congo, Rep.",COG,2002,"School enrollment, primary and secondary (gross), gender parity index (GPI)",SE.ENR.PRSC.FM.ZS,0.882629990577698
"Congo, Rep.",COG,1996,"School enrollment, primary and secondary (gross), gender parity index (GPI)",SE.ENR.PRSC.FM.ZS,0.872250020503998
"Congo, Rep.",COG,1992,"School enrollment, primary and secondary (gross), gender parity index (GPI)",SE.ENR.PRSC.FM.ZS,0.879760026931763
"Congo, Rep.",COG,1990,"School enrollment, primary and secondary (gross), gender parity index (GPI)",SE.ENR.PRSC.FM.ZS,0.87975001335144
"Congo, Rep.",COG,1989,"School enrollment, primary and secondary (gross), gender parity index (GPI)",SE.ENR.PRSC.FM.ZS,0.890959978103638
"Congo, Rep.",COG,1988,"School enrollment, primary and secondary (gross), gender parity index (GPI)",SE.ENR.PRSC.FM.ZS,0.904449999332428
"Congo, Rep.",COG,1987,"School enrollment, primary and secondary (gross), gender parity index (GPI)",SE.ENR.PRSC.FM.ZS,0.868969976902008
"Congo, Rep.",COG,1986,"School enrollment, primary and secondary (gross), gender parity index (GPI)",SE.ENR.PRSC.FM.ZS,0.890209972858429
"Congo, Rep.",COG,1985,"School enrollment, primary and secondary (gross), gender parity index (GPI)",SE.ENR.PRSC.FM.ZS,0.88279002904892
"Congo, Rep.",COG,1984,"School enrollment, primary and secondary (gross), gender parity index (GPI)",SE.ENR.PRSC.FM.ZS,0.860759973526001
"Congo, Rep.",COG,1982,"School enrollment, primary and secondary (gross), gender parity index (GPI)",SE.ENR.PRSC.FM.ZS,0.855610013008118
"Congo, Rep.",COG,1981,"School enrollment, primary and secondary (gross), gender parity index (GPI)",SE.ENR.PRSC.FM.ZS,0.853410005569458
"Congo, Rep.",COG,1980,"School enrollment, primary and secondary (gross), gender parity index (GPI)",SE.ENR.PRSC.FM.ZS,0.831920027732849
"Congo, Rep.",COG,1979,"School enrollment, primary and secondary (gross), gender parity index (GPI)",SE.ENR.PRSC.FM.ZS,0.825100004673004
"Congo, Rep.",COG,1978,"School enrollment, primary and secondary (gross), gender parity index (GPI)",SE.ENR.PRSC.FM.ZS,0.818769991397858
"Congo, Rep.",COG,1977,"School enrollment, primary and secondary (gross), gender parity index (GPI)",SE.ENR.PRSC.FM.ZS,0.796109974384308
"Congo, Rep.",COG,1976,"School enrollment, primary and secondary (gross), gender parity index (GPI)",SE.ENR.PRSC.FM.ZS,0.787230014801025
"Congo, Rep.",COG,1975,"School enrollment, primary and secondary (gross), gender parity index (GPI)",SE.ENR.PRSC.FM.ZS,0.778020024299622
"Congo, Rep.",COG,1974,"School enrollment, primary and secondary (gross), gender parity index (GPI)",SE.ENR.PRSC.FM.ZS,0.763620018959045
"Congo, Rep.",COG,1973,"School enrollment, primary and secondary (gross), gender parity index (GPI)",SE.ENR.PRSC.FM.ZS,0.768010020256042
"Congo, Rep.",COG,1972,"School enrollment, primary and secondary (gross), gender parity index (GPI)",SE.ENR.PRSC.FM.ZS,0.753369987010956
"Congo, Rep.",COG,1971,"School enrollment, primary and secondary (gross), gender parity index (GPI)",SE.ENR.PRSC.FM.ZS,0.7326700091362
"Congo, Rep.",COG,2018,"School enrollment, secondary (gross), gender parity index (GPI)",SE.ENR.SECO.FM.ZS,0.923711538314819
"Congo, Rep.",COG,2012,"School enrollment, secondary (gross), gender parity index (GPI)",SE.ENR.SECO.FM.ZS,0.866320013999939
"Congo, Rep.",COG,2004,"School enrollment, secondary (gross), gender parity index (GPI)",SE.ENR.SECO.FM.ZS,0.841099977493286
"Congo, Rep.",COG,2003,"School enrollment, secondary (gross), gender parity index (GPI)",SE.ENR.SECO.FM.ZS,0.683809995651245
"Congo, Rep.",COG,2002,"School enrollment, secondary (gross), gender parity index (GPI)",SE.ENR.SECO.FM.ZS,0.737200021743774
"Congo, Rep.",COG,1996,"School enrollment, secondary (gross), gender parity index (GPI)",SE.ENR.SECO.FM.ZS,0.743900001049042
"Congo, Rep.",COG,1992,"School enrollment, secondary (gross), gender parity index (GPI)",SE.ENR.SECO.FM.ZS,0.756609976291656
"Congo, Rep.",COG,1990,"School enrollment, secondary (gross), gender parity index (GPI)",SE.ENR.SECO.FM.ZS,0.754710018634796
"Congo, Rep.",COG,1989,"School enrollment, secondary (gross), gender parity index (GPI)",SE.ENR.SECO.FM.ZS,0.799600005149841
"Congo, Rep.",COG,1988,"School enrollment, secondary (gross), gender parity index (GPI)",SE.ENR.SECO.FM.ZS,0.808539986610413
"Congo, Rep.",COG,1987,"School enrollment, secondary (gross), gender parity index (GPI)",SE.ENR.SECO.FM.ZS,0.796689987182617
"Congo, Rep.",COG,1986,"School enrollment, secondary (gross), gender parity index (GPI)",SE.ENR.SECO.FM.ZS,0.77157998085022
"Congo, Rep.",COG,1985,"School enrollment, secondary (gross), gender parity index (GPI)",SE.ENR.SECO.FM.ZS,0.742999970912933
"Congo, Rep.",COG,1984,"School enrollment, secondary (gross), gender parity index (GPI)",SE.ENR.SECO.FM.ZS,0.702400028705597
"Congo, Rep.",COG,1982,"School enrollment, secondary (gross), gender parity index (GPI)",SE.ENR.SECO.FM.ZS,0.704940021038055
"Congo, Rep.",COG,1981,"School enrollment, secondary (gross), gender parity index (GPI)",SE.ENR.SECO.FM.ZS,0.699190020561218
"Congo, Rep.",COG,1980,"School enrollment, secondary (gross), gender parity index (GPI)",SE.ENR.SECO.FM.ZS,0.638530015945435
"Congo, Rep.",COG,1979,"School enrollment, secondary (gross), gender parity index (GPI)",SE.ENR.SECO.FM.ZS,0.628489971160889
"Congo, Rep.",COG,1978,"School enrollment, secondary (gross), gender parity index (GPI)",SE.ENR.SECO.FM.ZS,0.616069972515106
"Congo, Rep.",COG,1977,"School enrollment, secondary (gross), gender parity index (GPI)",SE.ENR.SECO.FM.ZS,0.589699983596802
"Congo, Rep.",COG,1976,"School enrollment, secondary (gross), gender parity index (GPI)",SE.ENR.SECO.FM.ZS,0.5625
"Congo, Rep.",COG,1975,"School enrollment, secondary (gross), gender parity index (GPI)",SE.ENR.SECO.FM.ZS,0.549080014228821
"Congo, Rep.",COG,1974,"School enrollment, secondary (gross), gender parity index (GPI)",SE.ENR.SECO.FM.ZS,0.539309978485107
"Congo, Rep.",COG,1973,"School enrollment, secondary (gross), gender parity index (GPI)",SE.ENR.SECO.FM.ZS,0.521549999713898
"Congo, Rep.",COG,1972,"School enrollment, secondary (gross), gender parity index (GPI)",SE.ENR.SECO.FM.ZS,0.460709989070892
"Congo, Rep.",COG,1971,"School enrollment, secondary (gross), gender parity index (GPI)",SE.ENR.SECO.FM.ZS,0.430139988660812
"Congo, Rep.",COG,2023,"School enrollment, tertiary (gross), gender parity index (GPI)",SE.ENR.TERT.FM.ZS,0.669510006904602
"Congo, Rep.",COG,2017,"School enrollment, tertiary (gross), gender parity index (GPI)",SE.ENR.TERT.FM.ZS,0.668370008468628
"Congo, Rep.",COG,2015,"School enrollment, tertiary (gross), gender parity index (GPI)",SE.ENR.TERT.FM.ZS,0.693942308425903
"Congo, Rep.",COG,2013,"School enrollment, tertiary (gross), gender parity index (GPI)",SE.ENR.TERT.FM.ZS,0.748780012130737
"Congo, Rep.",COG,2012,"School enrollment, tertiary (gross), gender parity index (GPI)",SE.ENR.TERT.FM.ZS,0.625190019607544
"Congo, Rep.",COG,2011,"School enrollment, tertiary (gross), gender parity index (GPI)",SE.ENR.TERT.FM.ZS,0.581550002098083
"Congo, Rep.",COG,2009,"School enrollment, tertiary (gross), gender parity index (GPI)",SE.ENR.TERT.FM.ZS,0.209869995713234
"Congo, Rep.",COG,2003,"School enrollment, tertiary (gross), gender parity index (GPI)",SE.ENR.TERT.FM.ZS,0.403290003538132
"Congo, Rep.",COG,2002,"School enrollment, tertiary (gross), gender parity index (GPI)",SE.ENR.TERT.FM.ZS,0.189429998397827
"Congo, Rep.",COG,2001,"School enrollment, tertiary (gross), gender parity index (GPI)",SE.ENR.TERT.FM.ZS,0.136150002479553
"Congo, Rep.",COG,2000,"School enrollment, tertiary (gross), gender parity index (GPI)",SE.ENR.TERT.FM.ZS,0.313369989395142
"Congo, Rep.",COG,1999,"School enrollment, tertiary (gross), gender parity index (GPI)",SE.ENR.TERT.FM.ZS,0.26638001203537
"Congo, Rep.",COG,1992,"School enrollment, tertiary (gross), gender parity index (GPI)",SE.ENR.TERT.FM.ZS,0.224900007247925
"Congo, Rep.",COG,1991,"School enrollment, tertiary (gross), gender parity index (GPI)",SE.ENR.TERT.FM.ZS,0.209350004792213
"Congo, Rep.",COG,1990,"School enrollment, tertiary (gross), gender parity index (GPI)",SE.ENR.TERT.FM.ZS,0.190170004963875
"Congo, Rep.",COG,1989,"School enrollment, tertiary (gross), gender parity index (GPI)",SE.ENR.TERT.FM.ZS,0.172010004520416
"Congo, Rep.",COG,1988,"School enrollment, tertiary (gross), gender parity index (GPI)",SE.ENR.TERT.FM.ZS,0.212270006537437
"Congo, Rep.",COG,1986,"School enrollment, tertiary (gross), gender parity index (GPI)",SE.ENR.TERT.FM.ZS,0.17892000079155
"Congo, Rep.",COG,1985,"School enrollment, tertiary (gross), gender parity index (GPI)",SE.ENR.TERT.FM.ZS,0.175909996032715
"Congo, Rep.",COG,1984,"School enrollment, tertiary (gross), gender parity index (GPI)",SE.ENR.TERT.FM.ZS,0.173089995980263
"Congo, Rep.",COG,1983,"School enrollment, tertiary (gross), gender parity index (GPI)",SE.ENR.TERT.FM.ZS,0.152459993958473
"Congo, Rep.",COG,1982,"School enrollment, tertiary (gross), gender parity index (GPI)",SE.ENR.TERT.FM.ZS,0.152300000190735
"Congo, Rep.",COG,1981,"School enrollment, tertiary (gross), gender parity index (GPI)",SE.ENR.TERT.FM.ZS,0.173539996147156
"Congo, Rep.",COG,1980,"School enrollment, tertiary (gross), gender parity index (GPI)",SE.ENR.TERT.FM.ZS,0.165209993720055
"Congo, Rep.",COG,1978,"School enrollment, tertiary (gross), gender parity index (GPI)",SE.ENR.TERT.FM.ZS,0.151549994945526
"Congo, Rep.",COG,1977,"School enrollment, tertiary (gross), gender parity index (GPI)",SE.ENR.TERT.FM.ZS,0.139559999108315
"Congo, Rep.",COG,1976,"School enrollment, tertiary (gross), gender parity index (GPI)",SE.ENR.TERT.FM.ZS,0.108350001275539
"Congo, Rep.",COG,1975,"School enrollment, tertiary (gross), gender parity index (GPI)",SE.ENR.TERT.FM.ZS,0.0901900008320808
"Congo, Rep.",COG,1972,"School enrollment, tertiary (gross), gender parity index (GPI)",SE.ENR.TERT.FM.ZS,0.0729200020432472
"Congo, Rep.",COG,1971,"School enrollment, tertiary (gross), gender parity index (GPI)",SE.ENR.TERT.FM.ZS,0.0503400005400181
"Congo, Rep.",COG,2018,"School enrollment, preprimary, female (% gross)",SE.PRE.ENRR.FE,14.9149599075317
"Congo, Rep.",COG,2015,"School enrollment, preprimary, female (% gross)",SE.PRE.ENRR.FE,20.8130416870117
"Congo, Rep.",COG,2014,"School enrollment, preprimary, female (% gross)",SE.PRE.ENRR.FE,15.7472543716431
"Congo, Rep.",COG,2013,"School enrollment, preprimary, female (% gross)",SE.PRE.ENRR.FE,12.6916484832764
"Congo, Rep.",COG,2012,"School enrollment, preprimary, female (% gross)",SE.PRE.ENRR.FE,13.2446804046631
"Congo, Rep.",COG,2011,"School enrollment, preprimary, female (% gross)",SE.PRE.ENRR.FE,11.5091495513916
"Congo, Rep.",COG,2010,"School enrollment, preprimary, female (% gross)",SE.PRE.ENRR.FE,11.8612203598022
"Congo, Rep.",COG,2009,"School enrollment, preprimary, female (% gross)",SE.PRE.ENRR.FE,11.492790222168
"Congo, Rep.",COG,2008,"School enrollment, preprimary, female (% gross)",SE.PRE.ENRR.FE,10.863639831543
"Congo, Rep.",COG,2007,"School enrollment, preprimary, female (% gross)",SE.PRE.ENRR.FE,9.56704998016357
"Congo, Rep.",COG,2006,"School enrollment, preprimary, female (% gross)",SE.PRE.ENRR.FE,8.80533027648926
"Congo, Rep.",COG,2005,"School enrollment, preprimary, female (% gross)",SE.PRE.ENRR.FE,7.41399002075195
"Congo, Rep.",COG,2004,"School enrollment, preprimary, female (% gross)",SE.PRE.ENRR.FE,7.19771003723145
"Congo, Rep.",COG,2003,"School enrollment, preprimary, female (% gross)",SE.PRE.ENRR.FE,6.29348993301392
"Congo, Rep.",COG,2002,"School enrollment, preprimary, female (% gross)",SE.PRE.ENRR.FE,5.38676977157593
"Congo, Rep.",COG,2001,"School enrollment, preprimary, female (% gross)",SE.PRE.ENRR.FE,3.52242994308472
"Congo, Rep.",COG,2000,"School enrollment, preprimary, female (% gross)",SE.PRE.ENRR.FE,3.4594099521637
"Congo, Rep.",COG,1999,"School enrollment, preprimary, female (% gross)",SE.PRE.ENRR.FE,2.77206993103027
"Congo, Rep.",COG,1998,"School enrollment, preprimary, female (% gross)",SE.PRE.ENRR.FE,0.506669998168945
"Congo, Rep.",COG,1997,"School enrollment, preprimary, female (% gross)",SE.PRE.ENRR.FE,1.50710999965668
"Congo, Rep.",COG,1996,"School enrollment, preprimary, female (% gross)",SE.PRE.ENRR.FE,0.920750021934509
"Congo, Rep.",COG,1995,"School enrollment, preprimary, female (% gross)",SE.PRE.ENRR.FE,1.13466000556946
"Congo, Rep.",COG,1994,"School enrollment, preprimary, female (% gross)",SE.PRE.ENRR.FE,1.94615995883942
"Congo, Rep.",COG,1993,"School enrollment, preprimary, female (% gross)",SE.PRE.ENRR.FE,2.10868000984192
"Congo, Rep.",COG,1992,"School enrollment, preprimary, female (% gross)",SE.PRE.ENRR.FE,3.10163998603821
"Congo, Rep.",COG,1991,"School enrollment, preprimary, female (% gross)",SE.PRE.ENRR.FE,2.61322999000549
"Congo, Rep.",COG,1990,"School enrollment, preprimary, female (% gross)",SE.PRE.ENRR.FE,2.68248009681702
"Congo, Rep.",COG,1989,"School enrollment, preprimary, female (% gross)",SE.PRE.ENRR.FE,2.61236000061035
"Congo, Rep.",COG,1988,"School enrollment, preprimary, female (% gross)",SE.PRE.ENRR.FE,2.72257995605469
"Congo, Rep.",COG,1987,"School enrollment, preprimary, female (% gross)",SE.PRE.ENRR.FE,2.85557007789612
"Congo, Rep.",COG,1986,"School enrollment, preprimary, female (% gross)",SE.PRE.ENRR.FE,2.70769000053406
"Congo, Rep.",COG,1985,"School enrollment, preprimary, female (% gross)",SE.PRE.ENRR.FE,2.59609007835388
"Congo, Rep.",COG,1984,"School enrollment, preprimary, female (% gross)",SE.PRE.ENRR.FE,2.82289004325867
"Congo, Rep.",COG,1983,"School enrollment, preprimary, female (% gross)",SE.PRE.ENRR.FE,2.40762996673584
"Congo, Rep.",COG,1982,"School enrollment, preprimary, female (% gross)",SE.PRE.ENRR.FE,1.92542004585266
"Congo, Rep.",COG,1981,"School enrollment, preprimary, female (% gross)",SE.PRE.ENRR.FE,1.93406999111176
"Congo, Rep.",COG,1978,"School enrollment, preprimary, female (% gross)",SE.PRE.ENRR.FE,1.89294004440308
"Congo, Rep.",COG,1973,"School enrollment, preprimary, female (% gross)",SE.PRE.ENRR.FE,1.00086998939514
"Congo, Rep.",COG,1971,"School enrollment, preprimary, female (% gross)",SE.PRE.ENRR.FE,0.235640004277229
"Congo, Rep.",COG,2018,"School enrollment, preprimary, male (% gross)",SE.PRE.ENRR.MA,13.6688003540039
"Congo, Rep.",COG,2015,"School enrollment, preprimary, male (% gross)",SE.PRE.ENRR.MA,17.4862060546875
"Congo, Rep.",COG,2014,"School enrollment, preprimary, male (% gross)",SE.PRE.ENRR.MA,14.8244667053223
"Congo, Rep.",COG,2013,"School enrollment, preprimary, male (% gross)",SE.PRE.ENRR.MA,13.774884223938
"Congo, Rep.",COG,2012,"School enrollment, preprimary, male (% gross)",SE.PRE.ENRR.MA,13.3715896606445
"Congo, Rep.",COG,2011,"School enrollment, preprimary, male (% gross)",SE.PRE.ENRR.MA,11.6733798980713
"Congo, Rep.",COG,2010,"School enrollment, preprimary, male (% gross)",SE.PRE.ENRR.MA,11.0865001678467
"Congo, Rep.",COG,2009,"School enrollment, preprimary, male (% gross)",SE.PRE.ENRR.MA,10.1507902145386
"Congo, Rep.",COG,2008,"School enrollment, preprimary, male (% gross)",SE.PRE.ENRR.MA,10.695369720459
"Congo, Rep.",COG,2007,"School enrollment, preprimary, male (% gross)",SE.PRE.ENRR.MA,8.91839027404785
"Congo, Rep.",COG,2006,"School enrollment, preprimary, male (% gross)",SE.PRE.ENRR.MA,7.90221977233887
"Congo, Rep.",COG,2005,"School enrollment, preprimary, male (% gross)",SE.PRE.ENRR.MA,7.13470983505249
"Congo, Rep.",COG,2004,"School enrollment, preprimary, male (% gross)",SE.PRE.ENRR.MA,6.70364999771118
"Congo, Rep.",COG,2003,"School enrollment, preprimary, male (% gross)",SE.PRE.ENRR.MA,5.84793996810913
"Congo, Rep.",COG,2002,"School enrollment, preprimary, male (% gross)",SE.PRE.ENRR.MA,4.99391984939575
"Congo, Rep.",COG,2001,"School enrollment, preprimary, male (% gross)",SE.PRE.ENRR.MA,3.27975988388062
"Congo, Rep.",COG,2000,"School enrollment, preprimary, male (% gross)",SE.PRE.ENRR.MA,2.31752991676331
"Congo, Rep.",COG,1999,"School enrollment, preprimary, male (% gross)",SE.PRE.ENRR.MA,1.7276200056076
"Congo, Rep.",COG,1998,"School enrollment, preprimary, male (% gross)",SE.PRE.ENRR.MA,0.460720002651215
"Congo, Rep.",COG,1997,"School enrollment, preprimary, male (% gross)",SE.PRE.ENRR.MA,1.39474999904633
"Congo, Rep.",COG,1996,"School enrollment, preprimary, male (% gross)",SE.PRE.ENRR.MA,0.868619978427887
"Congo, Rep.",COG,1995,"School enrollment, preprimary, male (% gross)",SE.PRE.ENRR.MA,1.07074999809265
"Congo, Rep.",COG,1994,"School enrollment, preprimary, male (% gross)",SE.PRE.ENRR.MA,1.75662004947662
"Congo, Rep.",COG,1993,"School enrollment, preprimary, male (% gross)",SE.PRE.ENRR.MA,1.89898002147675
"Congo, Rep.",COG,1992,"School enrollment, preprimary, male (% gross)",SE.PRE.ENRR.MA,2.89036989212036
"Congo, Rep.",COG,1991,"School enrollment, preprimary, male (% gross)",SE.PRE.ENRR.MA,2.58739995956421
"Congo, Rep.",COG,1990,"School enrollment, preprimary, male (% gross)",SE.PRE.ENRR.MA,2.67371988296509
"Congo, Rep.",COG,1989,"School enrollment, preprimary, male (% gross)",SE.PRE.ENRR.MA,2.46995997428894
"Congo, Rep.",COG,1988,"School enrollment, preprimary, male (% gross)",SE.PRE.ENRR.MA,2.51332998275757
"Congo, Rep.",COG,1987,"School enrollment, preprimary, male (% gross)",SE.PRE.ENRR.MA,2.80991005897522
"Congo, Rep.",COG,1986,"School enrollment, preprimary, male (% gross)",SE.PRE.ENRR.MA,2.74904990196228
"Congo, Rep.",COG,1985,"School enrollment, preprimary, male (% gross)",SE.PRE.ENRR.MA,2.73824000358582
"Congo, Rep.",COG,1984,"School enrollment, preprimary, male (% gross)",SE.PRE.ENRR.MA,2.96690988540649
"Congo, Rep.",COG,1983,"School enrollment, preprimary, male (% gross)",SE.PRE.ENRR.MA,2.34649991989136
"Congo, Rep.",COG,1982,"School enrollment, preprimary, male (% gross)",SE.PRE.ENRR.MA,1.9408700466156
"Congo, Rep.",COG,1981,"School enrollment, preprimary, male (% gross)",SE.PRE.ENRR.MA,1.93192994594574
"Congo, Rep.",COG,1978,"School enrollment, preprimary, male (% gross)",SE.PRE.ENRR.MA,1.9926700592041
"Congo, Rep.",COG,1973,"School enrollment, preprimary, male (% gross)",SE.PRE.ENRR.MA,1.23722004890442
"Congo, Rep.",COG,1971,"School enrollment, preprimary, male (% gross)",SE.PRE.ENRR.MA,0.307339996099472
"Congo, Rep.",COG,2023,"Primary completion rate, female (% of relevant age group)",SE.PRM.CMPT.FE.ZS,71.7173461914062
"Congo, Rep.",COG,2018,"Primary completion rate, female (% of relevant age group)",SE.PRM.CMPT.FE.ZS,66.0263519287109
"Congo, Rep.",COG,2015,"Primary completion rate, female (% of relevant age group)",SE.PRM.CMPT.FE.ZS,74.3932876586914
"Congo, Rep.",COG,2012,"Primary completion rate, female (% of relevant age group)",SE.PRM.CMPT.FE.ZS,76.591178894043
"Congo, Rep.",COG,2011,"Primary completion rate, female (% of relevant age group)",SE.PRM.CMPT.FE.ZS,73.9123611450195
"Congo, Rep.",COG,2010,"Primary completion rate, female (% of relevant age group)",SE.PRM.CMPT.FE.ZS,65.7303771972656
"Congo, Rep.",COG,2009,"Primary completion rate, female (% of relevant age group)",SE.PRM.CMPT.FE.ZS,64.537712097168
"Congo, Rep.",COG,2008,"Primary completion rate, female (% of relevant age group)",SE.PRM.CMPT.FE.ZS,65.3784408569336
"Congo, Rep.",COG,2007,"Primary completion rate, female (% of relevant age group)",SE.PRM.CMPT.FE.ZS,69.7149429321289
"Congo, Rep.",COG,2006,"Primary completion rate, female (% of relevant age group)",SE.PRM.CMPT.FE.ZS,69.6171569824219
"Congo, Rep.",COG,2005,"Primary completion rate, female (% of relevant age group)",SE.PRM.CMPT.FE.ZS,64.774543762207
"Congo, Rep.",COG,2004,"Primary completion rate, female (% of relevant age group)",SE.PRM.CMPT.FE.ZS,73.240348815918
"Congo, Rep.",COG,2003,"Primary completion rate, female (% of relevant age group)",SE.PRM.CMPT.FE.ZS,51.7402114868164
"Congo, Rep.",COG,2002,"Primary completion rate, female (% of relevant age group)",SE.PRM.CMPT.FE.ZS,55.8758583068848
"Congo, Rep.",COG,2001,"Primary completion rate, female (% of relevant age group)",SE.PRM.CMPT.FE.ZS,53.7171897888184
"Congo, Rep.",COG,1999,"Primary completion rate, female (% of relevant age group)",SE.PRM.CMPT.FE.ZS,30.4950103759766
"Congo, Rep.",COG,1996,"Primary completion rate, female (% of relevant age group)",SE.PRM.CMPT.FE.ZS,47.791618347168
"Congo, Rep.",COG,1994,"Primary completion rate, female (% of relevant age group)",SE.PRM.CMPT.FE.ZS,53.7522010803223
"Congo, Rep.",COG,1993,"Primary completion rate, female (% of relevant age group)",SE.PRM.CMPT.FE.ZS,63.228588104248
"Congo, Rep.",COG,1992,"Primary completion rate, female (% of relevant age group)",SE.PRM.CMPT.FE.ZS,63.4836807250977
"Congo, Rep.",COG,1991,"Primary completion rate, female (% of relevant age group)",SE.PRM.CMPT.FE.ZS,51.3461685180664
"Congo, Rep.",COG,1990,"Primary completion rate, female (% of relevant age group)",SE.PRM.CMPT.FE.ZS,59.4893493652344
"Congo, Rep.",COG,1989,"Primary completion rate, female (% of relevant age group)",SE.PRM.CMPT.FE.ZS,67.1287689208984
"Congo, Rep.",COG,1988,"Primary completion rate, female (% of relevant age group)",SE.PRM.CMPT.FE.ZS,72.8146820068359
"Congo, Rep.",COG,1987,"Primary completion rate, female (% of relevant age group)",SE.PRM.CMPT.FE.ZS,72.9362564086914
"Congo, Rep.",COG,1986,"Primary completion rate, female (% of relevant age group)",SE.PRM.CMPT.FE.ZS,72.2242431640625
"Congo, Rep.",COG,1985,"Primary completion rate, female (% of relevant age group)",SE.PRM.CMPT.FE.ZS,70.8078765869141
"Congo, Rep.",COG,1984,"Primary completion rate, female (% of relevant age group)",SE.PRM.CMPT.FE.ZS,70.6808090209961
"Congo, Rep.",COG,1983,"Primary completion rate, female (% of relevant age group)",SE.PRM.CMPT.FE.ZS,68.4196014404297
"Congo, Rep.",COG,1982,"Primary completion rate, female (% of relevant age group)",SE.PRM.CMPT.FE.ZS,69.9380569458008
"Congo, Rep.",COG,1981,"Primary completion rate, female (% of relevant age group)",SE.PRM.CMPT.FE.ZS,69.3644638061523
"Congo, Rep.",COG,1980,"Primary completion rate, female (% of relevant age group)",SE.PRM.CMPT.FE.ZS,68.5851211547852
"Congo, Rep.",COG,1979,"Primary completion rate, female (% of relevant age group)",SE.PRM.CMPT.FE.ZS,66.5101928710938
"Congo, Rep.",COG,1978,"Primary completion rate, female (% of relevant age group)",SE.PRM.CMPT.FE.ZS,60.1605110168457
"Congo, Rep.",COG,1977,"Primary completion rate, female (% of relevant age group)",SE.PRM.CMPT.FE.ZS,58.7294311523438
"Congo, Rep.",COG,1976,"Primary completion rate, female (% of relevant age group)",SE.PRM.CMPT.FE.ZS,56.5498390197754
"Congo, Rep.",COG,1975,"Primary completion rate, female (% of relevant age group)",SE.PRM.CMPT.FE.ZS,52.743709564209
"Congo, Rep.",COG,1974,"Primary completion rate, female (% of relevant age group)",SE.PRM.CMPT.FE.ZS,43.653980255127
"Congo, Rep.",COG,1973,"Primary completion rate, female (% of relevant age group)",SE.PRM.CMPT.FE.ZS,53.6092300415039
"Congo, Rep.",COG,1972,"Primary completion rate, female (% of relevant age group)",SE.PRM.CMPT.FE.ZS,45.2878913879395
"Congo, Rep.",COG,2023,"Primary completion rate, male (% of relevant age group)",SE.PRM.CMPT.MA.ZS,71.9461135864258
"Congo, Rep.",COG,2018,"Primary completion rate, male (% of relevant age group)",SE.PRM.CMPT.MA.ZS,64.3557662963867
"Congo, Rep.",COG,2015,"Primary completion rate, male (% of relevant age group)",SE.PRM.CMPT.MA.ZS,66.300407409668
"Congo, Rep.",COG,2012,"Primary completion rate, male (% of relevant age group)",SE.PRM.CMPT.MA.ZS,68.0048217773438
"Congo, Rep.",COG,2011,"Primary completion rate, male (% of relevant age group)",SE.PRM.CMPT.MA.ZS,75.4360580444336
"Congo, Rep.",COG,2010,"Primary completion rate, male (% of relevant age group)",SE.PRM.CMPT.MA.ZS,70.1007614135742
"Congo, Rep.",COG,2009,"Primary completion rate, male (% of relevant age group)",SE.PRM.CMPT.MA.ZS,69.6010284423828
"Congo, Rep.",COG,2008,"Primary completion rate, male (% of relevant age group)",SE.PRM.CMPT.MA.ZS,69.5913391113281
"Congo, Rep.",COG,2007,"Primary completion rate, male (% of relevant age group)",SE.PRM.CMPT.MA.ZS,74.7545776367188
"Congo, Rep.",COG,2006,"Primary completion rate, male (% of relevant age group)",SE.PRM.CMPT.MA.ZS,76.8795013427734
"Congo, Rep.",COG,2005,"Primary completion rate, male (% of relevant age group)",SE.PRM.CMPT.MA.ZS,69.7060699462891
"Congo, Rep.",COG,2004,"Primary completion rate, male (% of relevant age group)",SE.PRM.CMPT.MA.ZS,80.1091079711914
"Congo, Rep.",COG,2003,"Primary completion rate, male (% of relevant age group)",SE.PRM.CMPT.MA.ZS,54.9360198974609
"Congo, Rep.",COG,2002,"Primary completion rate, male (% of relevant age group)",SE.PRM.CMPT.MA.ZS,57.1225891113281
"Congo, Rep.",COG,2001,"Primary completion rate, male (% of relevant age group)",SE.PRM.CMPT.MA.ZS,53.7975883483887
"Congo, Rep.",COG,1999,"Primary completion rate, male (% of relevant age group)",SE.PRM.CMPT.MA.ZS,29.4485893249512
"Congo, Rep.",COG,1996,"Primary completion rate, male (% of relevant age group)",SE.PRM.CMPT.MA.ZS,47.4291687011719
"Congo, Rep.",COG,1994,"Primary completion rate, male (% of relevant age group)",SE.PRM.CMPT.MA.ZS,55.8663482666016
"Congo, Rep.",COG,1993,"Primary completion rate, male (% of relevant age group)",SE.PRM.CMPT.MA.ZS,64.8076629638672
"Congo, Rep.",COG,1992,"Primary completion rate, male (% of relevant age group)",SE.PRM.CMPT.MA.ZS,62.5112495422363
"Congo, Rep.",COG,1991,"Primary completion rate, male (% of relevant age group)",SE.PRM.CMPT.MA.ZS,60.4528388977051
"Congo, Rep.",COG,1990,"Primary completion rate, male (% of relevant age group)",SE.PRM.CMPT.MA.ZS,60.0263595581055
"Congo, Rep.",COG,1989,"Primary completion rate, male (% of relevant age group)",SE.PRM.CMPT.MA.ZS,67.9155502319336
"Congo, Rep.",COG,1988,"Primary completion rate, male (% of relevant age group)",SE.PRM.CMPT.MA.ZS,73.083381652832
"Congo, Rep.",COG,1987,"Primary completion rate, male (% of relevant age group)",SE.PRM.CMPT.MA.ZS,71.1710815429688
"Congo, Rep.",COG,1986,"Primary completion rate, male (% of relevant age group)",SE.PRM.CMPT.MA.ZS,72.5377197265625
"Congo, Rep.",COG,1985,"Primary completion rate, male (% of relevant age group)",SE.PRM.CMPT.MA.ZS,73.0937805175781
"Congo, Rep.",COG,1984,"Primary completion rate, male (% of relevant age group)",SE.PRM.CMPT.MA.ZS,76.0940170288086
"Congo, Rep.",COG,1983,"Primary completion rate, male (% of relevant age group)",SE.PRM.CMPT.MA.ZS,70.9533615112305
"Congo, Rep.",COG,1982,"Primary completion rate, male (% of relevant age group)",SE.PRM.CMPT.MA.ZS,79.1202163696289
"Congo, Rep.",COG,1981,"Primary completion rate, male (% of relevant age group)",SE.PRM.CMPT.MA.ZS,77.8222732543945
"Congo, Rep.",COG,1980,"Primary completion rate, male (% of relevant age group)",SE.PRM.CMPT.MA.ZS,81.6069564819336
"Congo, Rep.",COG,1979,"Primary completion rate, male (% of relevant age group)",SE.PRM.CMPT.MA.ZS,81.2793273925781
"Congo, Rep.",COG,1978,"Primary completion rate, male (% of relevant age group)",SE.PRM.CMPT.MA.ZS,73.8086700439453
"Congo, Rep.",COG,1977,"Primary completion rate, male (% of relevant age group)",SE.PRM.CMPT.MA.ZS,74.6129684448242
"Congo, Rep.",COG,1976,"Primary completion rate, male (% of relevant age group)",SE.PRM.CMPT.MA.ZS,72.4500503540039
"Congo, Rep.",COG,1975,"Primary completion rate, male (% of relevant age group)",SE.PRM.CMPT.MA.ZS,72.0104827880859
"Congo, Rep.",COG,1974,"Primary completion rate, male (% of relevant age group)",SE.PRM.CMPT.MA.ZS,63.4697303771973
"Congo, Rep.",COG,1973,"Primary completion rate, male (% of relevant age group)",SE.PRM.CMPT.MA.ZS,75.0980606079102
"Congo, Rep.",COG,1972,"Primary completion rate, male (% of relevant age group)",SE.PRM.CMPT.MA.ZS,65.2399978637695
"Congo, Rep.",COG,2015,"Educational attainment, at least completed primary, population 25+ years, female (%) (cumulative)",SE.PRM.CUAT.FE.ZS,65.2519607543945
"Congo, Rep.",COG,1984,"Educational attainment, at least completed primary, population 25+ years, female (%) (cumulative)",SE.PRM.CUAT.FE.ZS,17.75
"Congo, Rep.",COG,2015,"Educational attainment, at least completed primary, population 25+ years, male (%) (cumulative)",SE.PRM.CUAT.MA.ZS,79.4982681274414
"Congo, Rep.",COG,1984,"Educational attainment, at least completed primary, population 25+ years, male (%) (cumulative)",SE.PRM.CUAT.MA.ZS,40.1199989318848
"Congo, Rep.",COG,2015,"Educational attainment, at least completed primary, population 25+ years, total (%) (cumulative)",SE.PRM.CUAT.ZS,71.9914169311523
"Congo, Rep.",COG,1984,"Educational attainment, at least completed primary, population 25+ years, total (%) (cumulative)",SE.PRM.CUAT.ZS,28.1800003051758
"Congo, Rep.",COG,2012,"Primary education, pupils (% female)",SE.PRM.ENRL.FE.ZS,51.5011
"Congo, Rep.",COG,2011,"Primary education, pupils (% female)",SE.PRM.ENRL.FE.ZS,48.28505
"Congo, Rep.",COG,2010,"Primary education, pupils (% female)",SE.PRM.ENRL.FE.ZS,48.32809
"Congo, Rep.",COG,2009,"Primary education, pupils (% female)",SE.PRM.ENRL.FE.ZS,47.97337
"Congo, Rep.",COG,2008,"Primary education, pupils (% female)",SE.PRM.ENRL.FE.ZS,47.97868
"Congo, Rep.",COG,2007,"Primary education, pupils (% female)",SE.PRM.ENRL.FE.ZS,47.98746
"Congo, Rep.",COG,2006,"Primary education, pupils (% female)",SE.PRM.ENRL.FE.ZS,47.24235
"Congo, Rep.",COG,2005,"Primary education, pupils (% female)",SE.PRM.ENRL.FE.ZS,47.91965
"Congo, Rep.",COG,2004,"Primary education, pupils (% female)",SE.PRM.ENRL.FE.ZS,48.13149
"Congo, Rep.",COG,2003,"Primary education, pupils (% female)",SE.PRM.ENRL.FE.ZS,48.17539
"Congo, Rep.",COG,2002,"Primary education, pupils (% female)",SE.PRM.ENRL.FE.ZS,48.29906
"Congo, Rep.",COG,2001,"Primary education, pupils (% female)",SE.PRM.ENRL.FE.ZS,48.24194
"Congo, Rep.",COG,2000,"Primary education, pupils (% female)",SE.PRM.ENRL.FE.ZS,47.77159
"Congo, Rep.",COG,1999,"Primary education, pupils (% female)",SE.PRM.ENRL.FE.ZS,48.76271
"Congo, Rep.",COG,1998,"Primary education, pupils (% female)",SE.PRM.ENRL.FE.ZS,46.99989
"Congo, Rep.",COG,1997,"Primary education, pupils (% female)",SE.PRM.ENRL.FE.ZS,47.00001
"Congo, Rep.",COG,1996,"Primary education, pupils (% female)",SE.PRM.ENRL.FE.ZS,48.08699
"Congo, Rep.",COG,1995,"Primary education, pupils (% female)",SE.PRM.ENRL.FE.ZS,45.73688
"Congo, Rep.",COG,1994,"Primary education, pupils (% female)",SE.PRM.ENRL.FE.ZS,47.98379
"Congo, Rep.",COG,1993,"Primary education, pupils (% female)",SE.PRM.ENRL.FE.ZS,47.98656
"Congo, Rep.",COG,1992,"Primary education, pupils (% female)",SE.PRM.ENRL.FE.ZS,48.0946
"Congo, Rep.",COG,1991,"Primary education, pupils (% female)",SE.PRM.ENRL.FE.ZS,47.47326
"Congo, Rep.",COG,1990,"Primary education, pupils (% female)",SE.PRM.ENRL.FE.ZS,48.03177
"Congo, Rep.",COG,1989,"Primary education, pupils (% female)",SE.PRM.ENRL.FE.ZS,48.02481
"Congo, Rep.",COG,1988,"Primary education, pupils (% female)",SE.PRM.ENRL.FE.ZS,48.5889
"Congo, Rep.",COG,1987,"Primary education, pupils (% female)",SE.PRM.ENRL.FE.ZS,47.31662
"Congo, Rep.",COG,1986,"Primary education, pupils (% female)",SE.PRM.ENRL.FE.ZS,48.56233
"Congo, Rep.",COG,1985,"Primary education, pupils (% female)",SE.PRM.ENRL.FE.ZS,48.58294
"Congo, Rep.",COG,1984,"Primary education, pupils (% female)",SE.PRM.ENRL.FE.ZS,48.34489
"Congo, Rep.",COG,1983,"Primary education, pupils (% female)",SE.PRM.ENRL.FE.ZS,48.59793
"Congo, Rep.",COG,1982,"Primary education, pupils (% female)",SE.PRM.ENRL.FE.ZS,48.34638
"Congo, Rep.",COG,1981,"Primary education, pupils (% female)",SE.PRM.ENRL.FE.ZS,48.23204
"Congo, Rep.",COG,1980,"Primary education, pupils (% female)",SE.PRM.ENRL.FE.ZS,47.94709
"Congo, Rep.",COG,1979,"Primary education, pupils (% female)",SE.PRM.ENRL.FE.ZS,47.83156
"Congo, Rep.",COG,1978,"Primary education, pupils (% female)",SE.PRM.ENRL.FE.ZS,47.62478
"Congo, Rep.",COG,1977,"Primary education, pupils (% female)",SE.PRM.ENRL.FE.ZS,46.884
"Congo, Rep.",COG,1976,"Primary education, pupils (% female)",SE.PRM.ENRL.FE.ZS,46.51975
"Congo, Rep.",COG,1975,"Primary education, pupils (% female)",SE.PRM.ENRL.FE.ZS,46.03964
"Congo, Rep.",COG,1974,"Primary education, pupils (% female)",SE.PRM.ENRL.FE.ZS,45.24661
"Congo, Rep.",COG,1973,"Primary education, pupils (% female)",SE.PRM.ENRL.FE.ZS,45.15545
"Congo, Rep.",COG,1972,"Primary education, pupils (% female)",SE.PRM.ENRL.FE.ZS,44.70091
"Congo, Rep.",COG,1971,"Primary education, pupils (% female)",SE.PRM.ENRL.FE.ZS,43.91935
"Congo, Rep.",COG,2023,"School enrollment, primary, female (% gross)",SE.PRM.ENRR.FE,87.9749526977539
"Congo, Rep.",COG,2018,"School enrollment, primary, female (% gross)",SE.PRM.ENRR.FE,86.349006652832
"Congo, Rep.",COG,2015,"School enrollment, primary, female (% gross)",SE.PRM.ENRR.FE,107.890348829454
"Congo, Rep.",COG,2014,"School enrollment, primary, female (% gross)",SE.PRM.ENRR.FE,103.677437635662
"Congo, Rep.",COG,2013,"School enrollment, primary, female (% gross)",SE.PRM.ENRR.FE,102.87167132048
"Congo, Rep.",COG,2012,"School enrollment, primary, female (% gross)",SE.PRM.ENRR.FE,109.228988647461
"Congo, Rep.",COG,2011,"School enrollment, primary, female (% gross)",SE.PRM.ENRR.FE,105.135131835938
"Congo, Rep.",COG,2010,"School enrollment, primary, female (% gross)",SE.PRM.ENRR.FE,105.652221679688
"Congo, Rep.",COG,2009,"School enrollment, primary, female (% gross)",SE.PRM.ENRR.FE,103.245758056641
"Congo, Rep.",COG,2008,"School enrollment, primary, female (% gross)",SE.PRM.ENRR.FE,99.4613494873047
"Congo, Rep.",COG,2007,"School enrollment, primary, female (% gross)",SE.PRM.ENRR.FE,101.448249816895
"Congo, Rep.",COG,2006,"School enrollment, primary, female (% gross)",SE.PRM.ENRR.FE,101.449577331543
"Congo, Rep.",COG,2005,"School enrollment, primary, female (% gross)",SE.PRM.ENRR.FE,102.053001403809
"Congo, Rep.",COG,2004,"School enrollment, primary, female (% gross)",SE.PRM.ENRR.FE,102.560119628906
"Congo, Rep.",COG,2003,"School enrollment, primary, female (% gross)",SE.PRM.ENRR.FE,91.6520385742188
"Congo, Rep.",COG,2002,"School enrollment, primary, female (% gross)",SE.PRM.ENRR.FE,96.7095489501953
"Congo, Rep.",COG,2001,"School enrollment, primary, female (% gross)",SE.PRM.ENRR.FE,94.0357513427734
"Congo, Rep.",COG,2000,"School enrollment, primary, female (% gross)",SE.PRM.ENRR.FE,79.7279205322266
"Congo, Rep.",COG,1999,"School enrollment, primary, female (% gross)",SE.PRM.ENRR.FE,54.8068008422852
"Congo, Rep.",COG,1998,"School enrollment, primary, female (% gross)",SE.PRM.ENRR.FE,83.4558029174805
"Congo, Rep.",COG,1997,"School enrollment, primary, female (% gross)",SE.PRM.ENRR.FE,99.3503799438477
"Congo, Rep.",COG,1996,"School enrollment, primary, female (% gross)",SE.PRM.ENRR.FE,103.392227172852
"Congo, Rep.",COG,1995,"School enrollment, primary, female (% gross)",SE.PRM.ENRR.FE,105.678848266602
"Congo, Rep.",COG,1994,"School enrollment, primary, female (% gross)",SE.PRM.ENRR.FE,111.582389831543
"Congo, Rep.",COG,1993,"School enrollment, primary, female (% gross)",SE.PRM.ENRR.FE,116.429039001465
"Congo, Rep.",COG,1992,"School enrollment, primary, female (% gross)",SE.PRM.ENRR.FE,115.665107727051
"Congo, Rep.",COG,1991,"School enrollment, primary, female (% gross)",SE.PRM.ENRR.FE,118.19213104248
"Congo, Rep.",COG,1990,"School enrollment, primary, female (% gross)",SE.PRM.ENRR.FE,122.711982727051
"Congo, Rep.",COG,1989,"School enrollment, primary, female (% gross)",SE.PRM.ENRR.FE,125.612258911133
"Congo, Rep.",COG,1988,"School enrollment, primary, female (% gross)",SE.PRM.ENRR.FE,128.428482055664
"Congo, Rep.",COG,1987,"School enrollment, primary, female (% gross)",SE.PRM.ENRR.FE,129.62434387207
"Congo, Rep.",COG,1986,"School enrollment, primary, female (% gross)",SE.PRM.ENRR.FE,129.902801513672
"Congo, Rep.",COG,1985,"School enrollment, primary, female (% gross)",SE.PRM.ENRR.FE,128.365905761719
"Congo, Rep.",COG,1984,"School enrollment, primary, female (% gross)",SE.PRM.ENRR.FE,126.85302734375
"Congo, Rep.",COG,1983,"School enrollment, primary, female (% gross)",SE.PRM.ENRR.FE,124.452247619629
"Congo, Rep.",COG,1982,"School enrollment, primary, female (% gross)",SE.PRM.ENRR.FE,121.682479858398
"Congo, Rep.",COG,1981,"School enrollment, primary, female (% gross)",SE.PRM.ENRR.FE,118.961219787598
"Congo, Rep.",COG,1980,"School enrollment, primary, female (% gross)",SE.PRM.ENRR.FE,118.333183288574
"Congo, Rep.",COG,1979,"School enrollment, primary, female (% gross)",SE.PRM.ENRR.FE,113.094802856445
"Congo, Rep.",COG,1978,"School enrollment, primary, female (% gross)",SE.PRM.ENRR.FE,111.49210357666
"Congo, Rep.",COG,1977,"School enrollment, primary, female (% gross)",SE.PRM.ENRR.FE,108.139930725098
"Congo, Rep.",COG,1976,"School enrollment, primary, female (% gross)",SE.PRM.ENRR.FE,107.184371948242
"Congo, Rep.",COG,1975,"School enrollment, primary, female (% gross)",SE.PRM.ENRR.FE,105.876579284668
"Congo, Rep.",COG,1974,"School enrollment, primary, female (% gross)",SE.PRM.ENRR.FE,103.039878845215
"Congo, Rep.",COG,1973,"School enrollment, primary, female (% gross)",SE.PRM.ENRR.FE,100.874618530273
"Congo, Rep.",COG,1972,"School enrollment, primary, female (% gross)",SE.PRM.ENRR.FE,97.7523803710938
"Congo, Rep.",COG,1971,"School enrollment, primary, female (% gross)",SE.PRM.ENRR.FE,91.409782409668
"Congo, Rep.",COG,2023,"School enrollment, primary, male (% gross)",SE.PRM.ENRR.MA,90.0070724487305
"Congo, Rep.",COG,2018,"School enrollment, primary, male (% gross)",SE.PRM.ENRR.MA,88.9701919555664
"Congo, Rep.",COG,2015,"School enrollment, primary, male (% gross)",SE.PRM.ENRR.MA,106.838219827619
"Congo, Rep.",COG,2014,"School enrollment, primary, male (% gross)",SE.PRM.ENRR.MA,105.4388342487
"Congo, Rep.",COG,2013,"School enrollment, primary, male (% gross)",SE.PRM.ENRR.MA,101.612597854809
"Congo, Rep.",COG,2012,"School enrollment, primary, male (% gross)",SE.PRM.ENRR.MA,101.724533081055
"Congo, Rep.",COG,2011,"School enrollment, primary, male (% gross)",SE.PRM.ENRR.MA,111.409797668457
"Congo, Rep.",COG,2010,"School enrollment, primary, male (% gross)",SE.PRM.ENRR.MA,111.821632385254
"Congo, Rep.",COG,2009,"School enrollment, primary, male (% gross)",SE.PRM.ENRR.MA,110.903266906738
"Congo, Rep.",COG,2008,"School enrollment, primary, male (% gross)",SE.PRM.ENRR.MA,106.898391723633
"Congo, Rep.",COG,2007,"School enrollment, primary, male (% gross)",SE.PRM.ENRR.MA,109.053779602051
"Congo, Rep.",COG,2006,"School enrollment, primary, male (% gross)",SE.PRM.ENRR.MA,112.395156860352
"Congo, Rep.",COG,2005,"School enrollment, primary, male (% gross)",SE.PRM.ENRR.MA,110.05143737793
"Congo, Rep.",COG,2004,"School enrollment, primary, male (% gross)",SE.PRM.ENRR.MA,109.665718078613
"Congo, Rep.",COG,2003,"School enrollment, primary, male (% gross)",SE.PRM.ENRR.MA,97.8013687133789
"Congo, Rep.",COG,2002,"School enrollment, primary, male (% gross)",SE.PRM.ENRR.MA,102.630043029785
"Congo, Rep.",COG,2001,"School enrollment, primary, male (% gross)",SE.PRM.ENRR.MA,99.9845733642578
"Congo, Rep.",COG,2000,"School enrollment, primary, male (% gross)",SE.PRM.ENRR.MA,86.35546875
"Congo, Rep.",COG,1999,"School enrollment, primary, male (% gross)",SE.PRM.ENRR.MA,57.0355186462402
"Congo, Rep.",COG,1998,"School enrollment, primary, male (% gross)",SE.PRM.ENRR.MA,93.1782989501953
"Congo, Rep.",COG,1997,"School enrollment, primary, male (% gross)",SE.PRM.ENRR.MA,110.90503692627
"Congo, Rep.",COG,1996,"School enrollment, primary, male (% gross)",SE.PRM.ENRR.MA,110.472763061523
"Congo, Rep.",COG,1995,"School enrollment, primary, male (% gross)",SE.PRM.ENRR.MA,123.839958190918
"Congo, Rep.",COG,1994,"School enrollment, primary, male (% gross)",SE.PRM.ENRR.MA,119.23095703125
"Congo, Rep.",COG,1993,"School enrollment, primary, male (% gross)",SE.PRM.ENRR.MA,124.173622131348
"Congo, Rep.",COG,1992,"School enrollment, primary, male (% gross)",SE.PRM.ENRR.MA,122.631217956543
"Congo, Rep.",COG,1991,"School enrollment, primary, male (% gross)",SE.PRM.ENRR.MA,128.218704223633
"Congo, Rep.",COG,1990,"School enrollment, primary, male (% gross)",SE.PRM.ENRR.MA,129.918716430664
"Congo, Rep.",COG,1989,"School enrollment, primary, male (% gross)",SE.PRM.ENRR.MA,133.18132019043
"Congo, Rep.",COG,1988,"School enrollment, primary, male (% gross)",SE.PRM.ENRR.MA,133.340026855469
"Congo, Rep.",COG,1987,"School enrollment, primary, male (% gross)",SE.PRM.ENRR.MA,141.83283996582
"Congo, Rep.",COG,1986,"School enrollment, primary, male (% gross)",SE.PRM.ENRR.MA,135.412384033203
"Congo, Rep.",COG,1985,"School enrollment, primary, male (% gross)",SE.PRM.ENRR.MA,133.886428833008
"Congo, Rep.",COG,1984,"School enrollment, primary, male (% gross)",SE.PRM.ENRR.MA,133.841247558594
"Congo, Rep.",COG,1983,"School enrollment, primary, male (% gross)",SE.PRM.ENRR.MA,130.388046264648
"Congo, Rep.",COG,1982,"School enrollment, primary, male (% gross)",SE.PRM.ENRR.MA,129.184066772461
"Congo, Rep.",COG,1981,"School enrollment, primary, male (% gross)",SE.PRM.ENRR.MA,127.325439453125
"Congo, Rep.",COG,1980,"School enrollment, primary, male (% gross)",SE.PRM.ENRR.MA,128.433197021484
"Congo, Rep.",COG,1979,"School enrollment, primary, male (% gross)",SE.PRM.ENRR.MA,123.491493225098
"Congo, Rep.",COG,1978,"School enrollment, primary, male (% gross)",SE.PRM.ENRR.MA,122.770263671875
"Congo, Rep.",COG,1977,"School enrollment, primary, male (% gross)",SE.PRM.ENRR.MA,122.457023620605
"Congo, Rep.",COG,1976,"School enrollment, primary, male (% gross)",SE.PRM.ENRR.MA,122.809440612793
"Congo, Rep.",COG,1975,"School enrollment, primary, male (% gross)",SE.PRM.ENRR.MA,123.262199401855
"Congo, Rep.",COG,1974,"School enrollment, primary, male (% gross)",SE.PRM.ENRR.MA,123.905143737793
"Congo, Rep.",COG,1973,"School enrollment, primary, male (% gross)",SE.PRM.ENRR.MA,121.799491882324
"Congo, Rep.",COG,1972,"School enrollment, primary, male (% gross)",SE.PRM.ENRR.MA,120.277320861816
"Congo, Rep.",COG,1971,"School enrollment, primary, male (% gross)",SE.PRM.ENRR.MA,116.152671813965
"Congo, Rep.",COG,2012,"Gross intake ratio in first grade of primary education, female (% of relevant age group)",SE.PRM.GINT.FE.ZS,98.19283
"Congo, Rep.",COG,2010,"Gross intake ratio in first grade of primary education, female (% of relevant age group)",SE.PRM.GINT.FE.ZS,100.61802
"Congo, Rep.",COG,2009,"Gross intake ratio in first grade of primary education, female (% of relevant age group)",SE.PRM.GINT.FE.ZS,97.72151
"Congo, Rep.",COG,2008,"Gross intake ratio in first grade of primary education, female (% of relevant age group)",SE.PRM.GINT.FE.ZS,86.60628
"Congo, Rep.",COG,2007,"Gross intake ratio in first grade of primary education, female (% of relevant age group)",SE.PRM.GINT.FE.ZS,85.11086
"Congo, Rep.",COG,2006,"Gross intake ratio in first grade of primary education, female (% of relevant age group)",SE.PRM.GINT.FE.ZS,85.94307
"Congo, Rep.",COG,2005,"Gross intake ratio in first grade of primary education, female (% of relevant age group)",SE.PRM.GINT.FE.ZS,77.86676
"Congo, Rep.",COG,2004,"Gross intake ratio in first grade of primary education, female (% of relevant age group)",SE.PRM.GINT.FE.ZS,79.11398
"Congo, Rep.",COG,2003,"Gross intake ratio in first grade of primary education, female (% of relevant age group)",SE.PRM.GINT.FE.ZS,67.14507
"Congo, Rep.",COG,2002,"Gross intake ratio in first grade of primary education, female (% of relevant age group)",SE.PRM.GINT.FE.ZS,76.34945
"Congo, Rep.",COG,2001,"Gross intake ratio in first grade of primary education, female (% of relevant age group)",SE.PRM.GINT.FE.ZS,85.44285
"Congo, Rep.",COG,2000,"Gross intake ratio in first grade of primary education, female (% of relevant age group)",SE.PRM.GINT.FE.ZS,72.79781
"Congo, Rep.",COG,1999,"Gross intake ratio in first grade of primary education, female (% of relevant age group)",SE.PRM.GINT.FE.ZS,35.94734
"Congo, Rep.",COG,1996,"Gross intake ratio in first grade of primary education, female (% of relevant age group)",SE.PRM.GINT.FE.ZS,85.28242
"Congo, Rep.",COG,1994,"Gross intake ratio in first grade of primary education, female (% of relevant age group)",SE.PRM.GINT.FE.ZS,90.46906
"Congo, Rep.",COG,1993,"Gross intake ratio in first grade of primary education, female (% of relevant age group)",SE.PRM.GINT.FE.ZS,91.03256
"Congo, Rep.",COG,1992,"Gross intake ratio in first grade of primary education, female (% of relevant age group)",SE.PRM.GINT.FE.ZS,96.57839
"Congo, Rep.",COG,1991,"Gross intake ratio in first grade of primary education, female (% of relevant age group)",SE.PRM.GINT.FE.ZS,85.60451
"Congo, Rep.",COG,1990,"Gross intake ratio in first grade of primary education, female (% of relevant age group)",SE.PRM.GINT.FE.ZS,85.25521
"Congo, Rep.",COG,1989,"Gross intake ratio in first grade of primary education, female (% of relevant age group)",SE.PRM.GINT.FE.ZS,83.85671
"Congo, Rep.",COG,1988,"Gross intake ratio in first grade of primary education, female (% of relevant age group)",SE.PRM.GINT.FE.ZS,95.16019
"Congo, Rep.",COG,1987,"Gross intake ratio in first grade of primary education, female (% of relevant age group)",SE.PRM.GINT.FE.ZS,103.26472
"Congo, Rep.",COG,1986,"Gross intake ratio in first grade of primary education, female (% of relevant age group)",SE.PRM.GINT.FE.ZS,100.69798
"Congo, Rep.",COG,1985,"Gross intake ratio in first grade of primary education, female (% of relevant age group)",SE.PRM.GINT.FE.ZS,102.25519
"Congo, Rep.",COG,1984,"Gross intake ratio in first grade of primary education, female (% of relevant age group)",SE.PRM.GINT.FE.ZS,105.48062
"Congo, Rep.",COG,1983,"Gross intake ratio in first grade of primary education, female (% of relevant age group)",SE.PRM.GINT.FE.ZS,109.10438
"Congo, Rep.",COG,1982,"Gross intake ratio in first grade of primary education, female (% of relevant age group)",SE.PRM.GINT.FE.ZS,106.59108
"Congo, Rep.",COG,1981,"Gross intake ratio in first grade of primary education, female (% of relevant age group)",SE.PRM.GINT.FE.ZS,105.77103
"Congo, Rep.",COG,1980,"Gross intake ratio in first grade of primary education, female (% of relevant age group)",SE.PRM.GINT.FE.ZS,105.74853
"Congo, Rep.",COG,1979,"Gross intake ratio in first grade of primary education, female (% of relevant age group)",SE.PRM.GINT.FE.ZS,102.57272
"Congo, Rep.",COG,1978,"Gross intake ratio in first grade of primary education, female (% of relevant age group)",SE.PRM.GINT.FE.ZS,108.61144
"Congo, Rep.",COG,1977,"Gross intake ratio in first grade of primary education, female (% of relevant age group)",SE.PRM.GINT.FE.ZS,108.78138
"Congo, Rep.",COG,1976,"Gross intake ratio in first grade of primary education, female (% of relevant age group)",SE.PRM.GINT.FE.ZS,106.36633
"Congo, Rep.",COG,1975,"Gross intake ratio in first grade of primary education, female (% of relevant age group)",SE.PRM.GINT.FE.ZS,107.98446
"Congo, Rep.",COG,1974,"Gross intake ratio in first grade of primary education, female (% of relevant age group)",SE.PRM.GINT.FE.ZS,103.85605
"Congo, Rep.",COG,1973,"Gross intake ratio in first grade of primary education, female (% of relevant age group)",SE.PRM.GINT.FE.ZS,96.98231
"Congo, Rep.",COG,1972,"Gross intake ratio in first grade of primary education, female (% of relevant age group)",SE.PRM.GINT.FE.ZS,105.88207
"Congo, Rep.",COG,2012,"Gross intake ratio in first grade of primary education, male (% of relevant age group)",SE.PRM.GINT.MA.ZS,89.15901
"Congo, Rep.",COG,2010,"Gross intake ratio in first grade of primary education, male (% of relevant age group)",SE.PRM.GINT.MA.ZS,102.13123
"Congo, Rep.",COG,2009,"Gross intake ratio in first grade of primary education, male (% of relevant age group)",SE.PRM.GINT.MA.ZS,100.7212
"Congo, Rep.",COG,2008,"Gross intake ratio in first grade of primary education, male (% of relevant age group)",SE.PRM.GINT.MA.ZS,94.07407
"Congo, Rep.",COG,2007,"Gross intake ratio in first grade of primary education, male (% of relevant age group)",SE.PRM.GINT.MA.ZS,87.26012
"Congo, Rep.",COG,2006,"Gross intake ratio in first grade of primary education, male (% of relevant age group)",SE.PRM.GINT.MA.ZS,90.86013
"Congo, Rep.",COG,2005,"Gross intake ratio in first grade of primary education, male (% of relevant age group)",SE.PRM.GINT.MA.ZS,77.07434
"Congo, Rep.",COG,2004,"Gross intake ratio in first grade of primary education, male (% of relevant age group)",SE.PRM.GINT.MA.ZS,82.46475
"Congo, Rep.",COG,2003,"Gross intake ratio in first grade of primary education, male (% of relevant age group)",SE.PRM.GINT.MA.ZS,70.09521
"Congo, Rep.",COG,2002,"Gross intake ratio in first grade of primary education, male (% of relevant age group)",SE.PRM.GINT.MA.ZS,81.86772
"Congo, Rep.",COG,2001,"Gross intake ratio in first grade of primary education, male (% of relevant age group)",SE.PRM.GINT.MA.ZS,89.39063
"Congo, Rep.",COG,2000,"Gross intake ratio in first grade of primary education, male (% of relevant age group)",SE.PRM.GINT.MA.ZS,79.63616
"Congo, Rep.",COG,1999,"Gross intake ratio in first grade of primary education, male (% of relevant age group)",SE.PRM.GINT.MA.ZS,37.57966
"Congo, Rep.",COG,1996,"Gross intake ratio in first grade of primary education, male (% of relevant age group)",SE.PRM.GINT.MA.ZS,91.46742
"Congo, Rep.",COG,1994,"Gross intake ratio in first grade of primary education, male (% of relevant age group)",SE.PRM.GINT.MA.ZS,88.98001
"Congo, Rep.",COG,1993,"Gross intake ratio in first grade of primary education, male (% of relevant age group)",SE.PRM.GINT.MA.ZS,97.23389
"Congo, Rep.",COG,1992,"Gross intake ratio in first grade of primary education, male (% of relevant age group)",SE.PRM.GINT.MA.ZS,101.50366
"Congo, Rep.",COG,1991,"Gross intake ratio in first grade of primary education, male (% of relevant age group)",SE.PRM.GINT.MA.ZS,94.59096
"Congo, Rep.",COG,1990,"Gross intake ratio in first grade of primary education, male (% of relevant age group)",SE.PRM.GINT.MA.ZS,92.18781
"Congo, Rep.",COG,1989,"Gross intake ratio in first grade of primary education, male (% of relevant age group)",SE.PRM.GINT.MA.ZS,87.59329
"Congo, Rep.",COG,1988,"Gross intake ratio in first grade of primary education, male (% of relevant age group)",SE.PRM.GINT.MA.ZS,99.33864
"Congo, Rep.",COG,1987,"Gross intake ratio in first grade of primary education, male (% of relevant age group)",SE.PRM.GINT.MA.ZS,131.63143
"Congo, Rep.",COG,1986,"Gross intake ratio in first grade of primary education, male (% of relevant age group)",SE.PRM.GINT.MA.ZS,105.00061
"Congo, Rep.",COG,1985,"Gross intake ratio in first grade of primary education, male (% of relevant age group)",SE.PRM.GINT.MA.ZS,102.75016
"Congo, Rep.",COG,1984,"Gross intake ratio in first grade of primary education, male (% of relevant age group)",SE.PRM.GINT.MA.ZS,107.10486
"Congo, Rep.",COG,1983,"Gross intake ratio in first grade of primary education, male (% of relevant age group)",SE.PRM.GINT.MA.ZS,114.01742
"Congo, Rep.",COG,1982,"Gross intake ratio in first grade of primary education, male (% of relevant age group)",SE.PRM.GINT.MA.ZS,108.88713
"Congo, Rep.",COG,1981,"Gross intake ratio in first grade of primary education, male (% of relevant age group)",SE.PRM.GINT.MA.ZS,110.33004
"Congo, Rep.",COG,1980,"Gross intake ratio in first grade of primary education, male (% of relevant age group)",SE.PRM.GINT.MA.ZS,109.52398
"Congo, Rep.",COG,1979,"Gross intake ratio in first grade of primary education, male (% of relevant age group)",SE.PRM.GINT.MA.ZS,106.73683
"Congo, Rep.",COG,1978,"Gross intake ratio in first grade of primary education, male (% of relevant age group)",SE.PRM.GINT.MA.ZS,110.30232
"Congo, Rep.",COG,1977,"Gross intake ratio in first grade of primary education, male (% of relevant age group)",SE.PRM.GINT.MA.ZS,112.38538
"Congo, Rep.",COG,1976,"Gross intake ratio in first grade of primary education, male (% of relevant age group)",SE.PRM.GINT.MA.ZS,111.08505
"Congo, Rep.",COG,1975,"Gross intake ratio in first grade of primary education, male (% of relevant age group)",SE.PRM.GINT.MA.ZS,111.69426
"Congo, Rep.",COG,1974,"Gross intake ratio in first grade of primary education, male (% of relevant age group)",SE.PRM.GINT.MA.ZS,117.1564
"Congo, Rep.",COG,1973,"Gross intake ratio in first grade of primary education, male (% of relevant age group)",SE.PRM.GINT.MA.ZS,102.665
"Congo, Rep.",COG,1972,"Gross intake ratio in first grade of primary education, male (% of relevant age group)",SE.PRM.GINT.MA.ZS,121.33378
"Congo, Rep.",COG,2012,"School enrollment, primary, female (% net)",SE.PRM.NENR.FE,91.64617
"Congo, Rep.",COG,2010,"School enrollment, primary, female (% net)",SE.PRM.NENR.FE,84.61883
"Congo, Rep.",COG,2006,"School enrollment, primary, female (% net)",SE.PRM.NENR.FE,52.4217
"Congo, Rep.",COG,2005,"School enrollment, primary, female (% net)",SE.PRM.NENR.FE,56.45804
"Congo, Rep.",COG,1984,"School enrollment, primary, female (% net)",SE.PRM.NENR.FE,87.75996
"Congo, Rep.",COG,1983,"School enrollment, primary, female (% net)",SE.PRM.NENR.FE,86.9558
"Congo, Rep.",COG,1982,"School enrollment, primary, female (% net)",SE.PRM.NENR.FE,86.01027
"Congo, Rep.",COG,1981,"School enrollment, primary, female (% net)",SE.PRM.NENR.FE,85.15614
"Congo, Rep.",COG,1980,"School enrollment, primary, female (% net)",SE.PRM.NENR.FE,86.06842
"Congo, Rep.",COG,1979,"School enrollment, primary, female (% net)",SE.PRM.NENR.FE,92.62376
"Congo, Rep.",COG,1978,"School enrollment, primary, female (% net)",SE.PRM.NENR.FE,92.08962
"Congo, Rep.",COG,1976,"School enrollment, primary, female (% net)",SE.PRM.NENR.FE,87.32635
"Congo, Rep.",COG,1974,"School enrollment, primary, female (% net)",SE.PRM.NENR.FE,82.85252
"Congo, Rep.",COG,1972,"School enrollment, primary, female (% net)",SE.PRM.NENR.FE,76.49332
"Congo, Rep.",COG,2012,"School enrollment, primary, male (% net)",SE.PRM.NENR.MA,84.16448
"Congo, Rep.",COG,2010,"School enrollment, primary, male (% net)",SE.PRM.NENR.MA,87.85323
"Congo, Rep.",COG,2006,"School enrollment, primary, male (% net)",SE.PRM.NENR.MA,58.10052
"Congo, Rep.",COG,2005,"School enrollment, primary, male (% net)",SE.PRM.NENR.MA,47.24209
"Congo, Rep.",COG,1984,"School enrollment, primary, male (% net)",SE.PRM.NENR.MA,89.58933
"Congo, Rep.",COG,1983,"School enrollment, primary, male (% net)",SE.PRM.NENR.MA,87.86207
"Congo, Rep.",COG,1982,"School enrollment, primary, male (% net)",SE.PRM.NENR.MA,87.81957
"Congo, Rep.",COG,1981,"School enrollment, primary, male (% net)",SE.PRM.NENR.MA,87.42647
"Congo, Rep.",COG,1980,"School enrollment, primary, male (% net)",SE.PRM.NENR.MA,88.53937
"Congo, Rep.",COG,1979,"School enrollment, primary, male (% net)",SE.PRM.NENR.MA,98.20897
"Congo, Rep.",COG,1978,"School enrollment, primary, male (% net)",SE.PRM.NENR.MA,98.2228
"Congo, Rep.",COG,1976,"School enrollment, primary, male (% net)",SE.PRM.NENR.MA,96.07259
"Congo, Rep.",COG,1974,"School enrollment, primary, male (% net)",SE.PRM.NENR.MA,95.15393
"Congo, Rep.",COG,1972,"School enrollment, primary, male (% net)",SE.PRM.NENR.MA,88.98528
"Congo, Rep.",COG,2010,"Net intake rate in grade 1, female (% of official school-age population)",SE.PRM.NINT.FE.ZS,47.85497
"Congo, Rep.",COG,2006,"Net intake rate in grade 1, female (% of official school-age population)",SE.PRM.NINT.FE.ZS,51.72894
"Congo, Rep.",COG,2000,"Net intake rate in grade 1, female (% of official school-age population)",SE.PRM.NINT.FE.ZS,43.66046
"Congo, Rep.",COG,2010,"Net intake rate in grade 1, male (% of official school-age population)",SE.PRM.NINT.MA.ZS,48.15085
"Congo, Rep.",COG,2006,"Net intake rate in grade 1, male (% of official school-age population)",SE.PRM.NINT.MA.ZS,53.39597
"Congo, Rep.",COG,2000,"Net intake rate in grade 1, male (% of official school-age population)",SE.PRM.NINT.MA.ZS,47.43031
"Congo, Rep.",COG,2007,"Persistence to grade 5, female (% of cohort)",SE.PRM.PRS5.FE.ZS,79.3477096557617
"Congo, Rep.",COG,2002,"Persistence to grade 5, female (% of cohort)",SE.PRM.PRS5.FE.ZS,68.5163421630859
"Congo, Rep.",COG,1995,"Persistence to grade 5, female (% of cohort)",SE.PRM.PRS5.FE.ZS,78.4020767211914
"Congo, Rep.",COG,1993,"Persistence to grade 5, female (% of cohort)",SE.PRM.PRS5.FE.ZS,64.0625381469727
"Congo, Rep.",COG,1991,"Persistence to grade 5, female (% of cohort)",SE.PRM.PRS5.FE.ZS,67.6681213378906
"Congo, Rep.",COG,1989,"Persistence to grade 5, female (% of cohort)",SE.PRM.PRS5.FE.ZS,69.61669921875
"Congo, Rep.",COG,1984,"Persistence to grade 5, female (% of cohort)",SE.PRM.PRS5.FE.ZS,82.2711563110352
"Congo, Rep.",COG,1983,"Persistence to grade 5, female (% of cohort)",SE.PRM.PRS5.FE.ZS,77.670768737793
"Congo, Rep.",COG,1978,"Persistence to grade 5, female (% of cohort)",SE.PRM.PRS5.FE.ZS,73.9036483764648
"Congo, Rep.",COG,1977,"Persistence to grade 5, female (% of cohort)",SE.PRM.PRS5.FE.ZS,78.6871795654297
"Congo, Rep.",COG,1976,"Persistence to grade 5, female (% of cohort)",SE.PRM.PRS5.FE.ZS,74.2766189575195
"Congo, Rep.",COG,1975,"Persistence to grade 5, female (% of cohort)",SE.PRM.PRS5.FE.ZS,78.6467971801758
"Congo, Rep.",COG,1973,"Persistence to grade 5, female (% of cohort)",SE.PRM.PRS5.FE.ZS,76.3408813476562
"Congo, Rep.",COG,1972,"Persistence to grade 5, female (% of cohort)",SE.PRM.PRS5.FE.ZS,75.328239440918
"Congo, Rep.",COG,2007,"Persistence to grade 5, male (% of cohort)",SE.PRM.PRS5.MA.ZS,75.2541198730469
"Congo, Rep.",COG,2002,"Persistence to grade 5, male (% of cohort)",SE.PRM.PRS5.MA.ZS,66.9851379394531
"Congo, Rep.",COG,1995,"Persistence to grade 5, male (% of cohort)",SE.PRM.PRS5.MA.ZS,39.9500198364258
"Congo, Rep.",COG,1993,"Persistence to grade 5, male (% of cohort)",SE.PRM.PRS5.MA.ZS,67.5493469238281
"Congo, Rep.",COG,1991,"Persistence to grade 5, male (% of cohort)",SE.PRM.PRS5.MA.ZS,58.9420318603516
"Congo, Rep.",COG,1989,"Persistence to grade 5, male (% of cohort)",SE.PRM.PRS5.MA.ZS,66.2222366333008
"Congo, Rep.",COG,1984,"Persistence to grade 5, male (% of cohort)",SE.PRM.PRS5.MA.ZS,80.3696517944336
"Congo, Rep.",COG,1983,"Persistence to grade 5, male (% of cohort)",SE.PRM.PRS5.MA.ZS,85.3910598754883
"Congo, Rep.",COG,1978,"Persistence to grade 5, male (% of cohort)",SE.PRM.PRS5.MA.ZS,77.1090087890625
"Congo, Rep.",COG,1977,"Persistence to grade 5, male (% of cohort)",SE.PRM.PRS5.MA.ZS,76.6228637695312
"Congo, Rep.",COG,1976,"Persistence to grade 5, male (% of cohort)",SE.PRM.PRS5.MA.ZS,79.6265029907227
"Congo, Rep.",COG,1975,"Persistence to grade 5, male (% of cohort)",SE.PRM.PRS5.MA.ZS,78.827392578125
"Congo, Rep.",COG,1973,"Persistence to grade 5, male (% of cohort)",SE.PRM.PRS5.MA.ZS,86.8180465698242
"Congo, Rep.",COG,1972,"Persistence to grade 5, male (% of cohort)",SE.PRM.PRS5.MA.ZS,82.2639923095703
"Congo, Rep.",COG,2007,"Persistence to last grade of primary, female (% of cohort)",SE.PRM.PRSL.FE.ZS,70.5366134643555
"Congo, Rep.",COG,2002,"Persistence to last grade of primary, female (% of cohort)",SE.PRM.PRSL.FE.ZS,57.4020195007324
"Congo, Rep.",COG,1995,"Persistence to last grade of primary, female (% of cohort)",SE.PRM.PRSL.FE.ZS,57.4671783447266
"Congo, Rep.",COG,1993,"Persistence to last grade of primary, female (% of cohort)",SE.PRM.PRSL.FE.ZS,52.2205390930176
"Congo, Rep.",COG,1991,"Persistence to last grade of primary, female (% of cohort)",SE.PRM.PRSL.FE.ZS,58.5366287231445
"Congo, Rep.",COG,1989,"Persistence to last grade of primary, female (% of cohort)",SE.PRM.PRSL.FE.ZS,61.6724586486816
"Congo, Rep.",COG,1984,"Persistence to last grade of primary, female (% of cohort)",SE.PRM.PRSL.FE.ZS,79.2146530151367
"Congo, Rep.",COG,1983,"Persistence to last grade of primary, female (% of cohort)",SE.PRM.PRSL.FE.ZS,72.4552764892578
"Congo, Rep.",COG,1978,"Persistence to last grade of primary, female (% of cohort)",SE.PRM.PRSL.FE.ZS,71.442512512207
"Congo, Rep.",COG,1977,"Persistence to last grade of primary, female (% of cohort)",SE.PRM.PRSL.FE.ZS,74.0688018798828
"Congo, Rep.",COG,1976,"Persistence to last grade of primary, female (% of cohort)",SE.PRM.PRSL.FE.ZS,67.1781234741211
"Congo, Rep.",COG,1975,"Persistence to last grade of primary, female (% of cohort)",SE.PRM.PRSL.FE.ZS,67.4384613037109
"Congo, Rep.",COG,1973,"Persistence to last grade of primary, female (% of cohort)",SE.PRM.PRSL.FE.ZS,62.6895484924316
"Congo, Rep.",COG,2007,"Persistence to last grade of primary, male (% of cohort)",SE.PRM.PRSL.MA.ZS,70.6029586791992
"Congo, Rep.",COG,2002,"Persistence to last grade of primary, male (% of cohort)",SE.PRM.PRSL.MA.ZS,57.7538414001465
"Congo, Rep.",COG,1995,"Persistence to last grade of primary, male (% of cohort)",SE.PRM.PRSL.MA.ZS,25.7666301727295
"Congo, Rep.",COG,1993,"Persistence to last grade of primary, male (% of cohort)",SE.PRM.PRSL.MA.ZS,57.1265106201172
"Congo, Rep.",COG,1991,"Persistence to last grade of primary, male (% of cohort)",SE.PRM.PRSL.MA.ZS,48.2255210876465
"Congo, Rep.",COG,1989,"Persistence to last grade of primary, male (% of cohort)",SE.PRM.PRSL.MA.ZS,58.7398109436035
"Congo, Rep.",COG,1984,"Persistence to last grade of primary, male (% of cohort)",SE.PRM.PRSL.MA.ZS,76.2944564819336
"Congo, Rep.",COG,1983,"Persistence to last grade of primary, male (% of cohort)",SE.PRM.PRSL.MA.ZS,85.1089324951172
"Congo, Rep.",COG,1978,"Persistence to last grade of primary, male (% of cohort)",SE.PRM.PRSL.MA.ZS,75.494499206543
"Congo, Rep.",COG,1977,"Persistence to last grade of primary, male (% of cohort)",SE.PRM.PRSL.MA.ZS,72.5526809692383
"Congo, Rep.",COG,1976,"Persistence to last grade of primary, male (% of cohort)",SE.PRM.PRSL.MA.ZS,74.4885711669922
"Congo, Rep.",COG,1975,"Persistence to last grade of primary, male (% of cohort)",SE.PRM.PRSL.MA.ZS,77.0185394287109
"Congo, Rep.",COG,1973,"Persistence to last grade of primary, male (% of cohort)",SE.PRM.PRSL.MA.ZS,78.5971984863281
"Congo, Rep.",COG,2012,"Repeaters, primary, female (% of female enrollment)",SE.PRM.REPT.FE.ZS,20.92145
"Congo, Rep.",COG,2011,"Repeaters, primary, female (% of female enrollment)",SE.PRM.REPT.FE.ZS,17.96675
"Congo, Rep.",COG,2010,"Repeaters, primary, female (% of female enrollment)",SE.PRM.REPT.FE.ZS,18.41952
"Congo, Rep.",COG,2009,"Repeaters, primary, female (% of female enrollment)",SE.PRM.REPT.FE.ZS,18.74102
"Congo, Rep.",COG,2008,"Repeaters, primary, female (% of female enrollment)",SE.PRM.REPT.FE.ZS,21.52317
"Congo, Rep.",COG,2007,"Repeaters, primary, female (% of female enrollment)",SE.PRM.REPT.FE.ZS,20.93692
"Congo, Rep.",COG,2006,"Repeaters, primary, female (% of female enrollment)",SE.PRM.REPT.FE.ZS,20.93691
"Congo, Rep.",COG,2005,"Repeaters, primary, female (% of female enrollment)",SE.PRM.REPT.FE.ZS,23.11565
"Congo, Rep.",COG,2004,"Repeaters, primary, female (% of female enrollment)",SE.PRM.REPT.FE.ZS,23.9094
"Congo, Rep.",COG,2003,"Repeaters, primary, female (% of female enrollment)",SE.PRM.REPT.FE.ZS,27.17869
"Congo, Rep.",COG,2002,"Repeaters, primary, female (% of female enrollment)",SE.PRM.REPT.FE.ZS,24.38775
"Congo, Rep.",COG,2001,"Repeaters, primary, female (% of female enrollment)",SE.PRM.REPT.FE.ZS,24.04016
"Congo, Rep.",COG,2000,"Repeaters, primary, female (% of female enrollment)",SE.PRM.REPT.FE.ZS,26.72443
"Congo, Rep.",COG,1999,"Repeaters, primary, female (% of female enrollment)",SE.PRM.REPT.FE.ZS,38.19295
"Congo, Rep.",COG,1996,"Repeaters, primary, female (% of female enrollment)",SE.PRM.REPT.FE.ZS,31.6038
"Congo, Rep.",COG,1994,"Repeaters, primary, female (% of female enrollment)",SE.PRM.REPT.FE.ZS,34.68253
"Congo, Rep.",COG,1993,"Repeaters, primary, female (% of female enrollment)",SE.PRM.REPT.FE.ZS,33.95043
"Congo, Rep.",COG,1992,"Repeaters, primary, female (% of female enrollment)",SE.PRM.REPT.FE.ZS,31.7292
"Congo, Rep.",COG,1990,"Repeaters, primary, female (% of female enrollment)",SE.PRM.REPT.FE.ZS,38.09336
"Congo, Rep.",COG,1989,"Repeaters, primary, female (% of female enrollment)",SE.PRM.REPT.FE.ZS,34.31414
"Congo, Rep.",COG,1988,"Repeaters, primary, female (% of female enrollment)",SE.PRM.REPT.FE.ZS,29.58489
"Congo, Rep.",COG,1987,"Repeaters, primary, female (% of female enrollment)",SE.PRM.REPT.FE.ZS,30.83229
"Congo, Rep.",COG,1986,"Repeaters, primary, female (% of female enrollment)",SE.PRM.REPT.FE.ZS,29.06406
"Congo, Rep.",COG,1985,"Repeaters, primary, female (% of female enrollment)",SE.PRM.REPT.FE.ZS,32.01797
"Congo, Rep.",COG,1984,"Repeaters, primary, female (% of female enrollment)",SE.PRM.REPT.FE.ZS,31.06046
"Congo, Rep.",COG,1983,"Repeaters, primary, female (% of female enrollment)",SE.PRM.REPT.FE.ZS,29.75602
"Congo, Rep.",COG,1982,"Repeaters, primary, female (% of female enrollment)",SE.PRM.REPT.FE.ZS,27.2871
"Congo, Rep.",COG,1981,"Repeaters, primary, female (% of female enrollment)",SE.PRM.REPT.FE.ZS,25.22356
"Congo, Rep.",COG,1980,"Repeaters, primary, female (% of female enrollment)",SE.PRM.REPT.FE.ZS,24.51837
"Congo, Rep.",COG,1979,"Repeaters, primary, female (% of female enrollment)",SE.PRM.REPT.FE.ZS,24.57212
"Congo, Rep.",COG,1978,"Repeaters, primary, female (% of female enrollment)",SE.PRM.REPT.FE.ZS,24.34955
"Congo, Rep.",COG,1977,"Repeaters, primary, female (% of female enrollment)",SE.PRM.REPT.FE.ZS,24.34761
"Congo, Rep.",COG,1976,"Repeaters, primary, female (% of female enrollment)",SE.PRM.REPT.FE.ZS,25.55829
"Congo, Rep.",COG,1975,"Repeaters, primary, female (% of female enrollment)",SE.PRM.REPT.FE.ZS,28.52698
"Congo, Rep.",COG,1974,"Repeaters, primary, female (% of female enrollment)",SE.PRM.REPT.FE.ZS,30.55378
"Congo, Rep.",COG,1973,"Repeaters, primary, female (% of female enrollment)",SE.PRM.REPT.FE.ZS,29.88408
"Congo, Rep.",COG,1972,"Repeaters, primary, female (% of female enrollment)",SE.PRM.REPT.FE.ZS,31.74897
"Congo, Rep.",COG,1971,"Repeaters, primary, female (% of female enrollment)",SE.PRM.REPT.FE.ZS,33.09283
"Congo, Rep.",COG,2012,"Repeaters, primary, male (% of male enrollment)",SE.PRM.REPT.MA.ZS,24.77563
"Congo, Rep.",COG,2011,"Repeaters, primary, male (% of male enrollment)",SE.PRM.REPT.MA.ZS,19.40558
"Congo, Rep.",COG,2010,"Repeaters, primary, male (% of male enrollment)",SE.PRM.REPT.MA.ZS,19.7011
"Congo, Rep.",COG,2009,"Repeaters, primary, male (% of male enrollment)",SE.PRM.REPT.MA.ZS,20.51257
"Congo, Rep.",COG,2008,"Repeaters, primary, male (% of male enrollment)",SE.PRM.REPT.MA.ZS,23.2166
"Congo, Rep.",COG,2007,"Repeaters, primary, male (% of male enrollment)",SE.PRM.REPT.MA.ZS,21.47834
"Congo, Rep.",COG,2006,"Repeaters, primary, male (% of male enrollment)",SE.PRM.REPT.MA.ZS,21.47057
"Congo, Rep.",COG,2005,"Repeaters, primary, male (% of male enrollment)",SE.PRM.REPT.MA.ZS,24.71084
"Congo, Rep.",COG,2004,"Repeaters, primary, male (% of male enrollment)",SE.PRM.REPT.MA.ZS,25.13263
"Congo, Rep.",COG,2003,"Repeaters, primary, male (% of male enrollment)",SE.PRM.REPT.MA.ZS,28.41356
"Congo, Rep.",COG,2002,"Repeaters, primary, male (% of male enrollment)",SE.PRM.REPT.MA.ZS,25.09964
"Congo, Rep.",COG,2001,"Repeaters, primary, male (% of male enrollment)",SE.PRM.REPT.MA.ZS,25.73139
"Congo, Rep.",COG,2000,"Repeaters, primary, male (% of male enrollment)",SE.PRM.REPT.MA.ZS,27.68104
"Congo, Rep.",COG,1999,"Repeaters, primary, male (% of male enrollment)",SE.PRM.REPT.MA.ZS,39.96583
"Congo, Rep.",COG,1996,"Repeaters, primary, male (% of male enrollment)",SE.PRM.REPT.MA.ZS,34.71913
"Congo, Rep.",COG,1994,"Repeaters, primary, male (% of male enrollment)",SE.PRM.REPT.MA.ZS,36.55567
"Congo, Rep.",COG,1993,"Repeaters, primary, male (% of male enrollment)",SE.PRM.REPT.MA.ZS,34.10978
"Congo, Rep.",COG,1992,"Repeaters, primary, male (% of male enrollment)",SE.PRM.REPT.MA.ZS,33.77387
"Congo, Rep.",COG,1990,"Repeaters, primary, male (% of male enrollment)",SE.PRM.REPT.MA.ZS,38.90709
"Congo, Rep.",COG,1989,"Repeaters, primary, male (% of male enrollment)",SE.PRM.REPT.MA.ZS,35.33591
"Congo, Rep.",COG,1988,"Repeaters, primary, male (% of male enrollment)",SE.PRM.REPT.MA.ZS,31.98704
"Congo, Rep.",COG,1987,"Repeaters, primary, male (% of male enrollment)",SE.PRM.REPT.MA.ZS,31.73908
"Congo, Rep.",COG,1986,"Repeaters, primary, male (% of male enrollment)",SE.PRM.REPT.MA.ZS,30.60149
"Congo, Rep.",COG,1985,"Repeaters, primary, male (% of male enrollment)",SE.PRM.REPT.MA.ZS,34.31913
"Congo, Rep.",COG,1984,"Repeaters, primary, male (% of male enrollment)",SE.PRM.REPT.MA.ZS,32.35739
"Congo, Rep.",COG,1983,"Repeaters, primary, male (% of male enrollment)",SE.PRM.REPT.MA.ZS,31.71287
"Congo, Rep.",COG,1982,"Repeaters, primary, male (% of male enrollment)",SE.PRM.REPT.MA.ZS,28.45654
"Congo, Rep.",COG,1981,"Repeaters, primary, male (% of male enrollment)",SE.PRM.REPT.MA.ZS,26.16134
"Congo, Rep.",COG,1980,"Repeaters, primary, male (% of male enrollment)",SE.PRM.REPT.MA.ZS,25.13242
"Congo, Rep.",COG,1979,"Repeaters, primary, male (% of male enrollment)",SE.PRM.REPT.MA.ZS,24.86642
"Congo, Rep.",COG,1978,"Repeaters, primary, male (% of male enrollment)",SE.PRM.REPT.MA.ZS,24.8636
"Congo, Rep.",COG,1977,"Repeaters, primary, male (% of male enrollment)",SE.PRM.REPT.MA.ZS,25.03518
"Congo, Rep.",COG,1976,"Repeaters, primary, male (% of male enrollment)",SE.PRM.REPT.MA.ZS,26.66065
"Congo, Rep.",COG,1975,"Repeaters, primary, male (% of male enrollment)",SE.PRM.REPT.MA.ZS,29.68636
"Congo, Rep.",COG,1974,"Repeaters, primary, male (% of male enrollment)",SE.PRM.REPT.MA.ZS,30.92216
"Congo, Rep.",COG,1973,"Repeaters, primary, male (% of male enrollment)",SE.PRM.REPT.MA.ZS,30.77039
"Congo, Rep.",COG,1972,"Repeaters, primary, male (% of male enrollment)",SE.PRM.REPT.MA.ZS,32.45162
"Congo, Rep.",COG,1971,"Repeaters, primary, male (% of male enrollment)",SE.PRM.REPT.MA.ZS,32.23924
"Congo, Rep.",COG,2012,"Trained teachers in primary education, female (% of female teachers)",SE.PRM.TCAQ.FE.ZS,87.6060180664062
"Congo, Rep.",COG,2011,"Trained teachers in primary education, female (% of female teachers)",SE.PRM.TCAQ.FE.ZS,86.7332229614258
"Congo, Rep.",COG,2010,"Trained teachers in primary education, female (% of female teachers)",SE.PRM.TCAQ.FE.ZS,90.8097381591797
"Congo, Rep.",COG,2006,"Trained teachers in primary education, female (% of female teachers)",SE.PRM.TCAQ.FE.ZS,94.7616424560547
"Congo, Rep.",COG,2004,"Trained teachers in primary education, female (% of female teachers)",SE.PRM.TCAQ.FE.ZS,68.129768371582
"Congo, Rep.",COG,2003,"Trained teachers in primary education, female (% of female teachers)",SE.PRM.TCAQ.FE.ZS,70.7614517211914
"Congo, Rep.",COG,2000,"Trained teachers in primary education, female (% of female teachers)",SE.PRM.TCAQ.FE.ZS,72.5365982055664
"Congo, Rep.",COG,2012,"Trained teachers in primary education, male (% of male teachers)",SE.PRM.TCAQ.MA.ZS,71.9286804199219
"Congo, Rep.",COG,2011,"Trained teachers in primary education, male (% of male teachers)",SE.PRM.TCAQ.MA.ZS,70.6765899658203
"Congo, Rep.",COG,2010,"Trained teachers in primary education, male (% of male teachers)",SE.PRM.TCAQ.MA.ZS,82.242301940918
"Congo, Rep.",COG,2006,"Trained teachers in primary education, male (% of male teachers)",SE.PRM.TCAQ.MA.ZS,83.8568801879883
"Congo, Rep.",COG,2004,"Trained teachers in primary education, male (% of male teachers)",SE.PRM.TCAQ.MA.ZS,57.3837509155273
"Congo, Rep.",COG,2003,"Trained teachers in primary education, male (% of male teachers)",SE.PRM.TCAQ.MA.ZS,46.813289642334
"Congo, Rep.",COG,2000,"Trained teachers in primary education, male (% of male teachers)",SE.PRM.TCAQ.MA.ZS,59.9636001586914
"Congo, Rep.",COG,2023,"Primary education, teachers (% female)",SE.PRM.TCHR.FE.ZS,61.5621910095215
"Congo, Rep.",COG,2018,"Primary education, teachers (% female)",SE.PRM.TCHR.FE.ZS,37.7231101989746
"Congo, Rep.",COG,2012,"Primary education, teachers (% female)",SE.PRM.TCHR.FE.ZS,53.5063781738281
"Congo, Rep.",COG,2011,"Primary education, teachers (% female)",SE.PRM.TCHR.FE.ZS,53.8541297912598
"Congo, Rep.",COG,2010,"Primary education, teachers (% female)",SE.PRM.TCHR.FE.ZS,52.9379005432129
"Congo, Rep.",COG,2009,"Primary education, teachers (% female)",SE.PRM.TCHR.FE.ZS,51.2220802307129
"Congo, Rep.",COG,2008,"Primary education, teachers (% female)",SE.PRM.TCHR.FE.ZS,46.502799987793
"Congo, Rep.",COG,2007,"Primary education, teachers (% female)",SE.PRM.TCHR.FE.ZS,44.3232116699219
"Congo, Rep.",COG,2006,"Primary education, teachers (% female)",SE.PRM.TCHR.FE.ZS,47.1314392089844
"Congo, Rep.",COG,2004,"Primary education, teachers (% female)",SE.PRM.TCHR.FE.ZS,44.5452003479004
"Congo, Rep.",COG,2003,"Primary education, teachers (% female)",SE.PRM.TCHR.FE.ZS,43.0033302307129
"Congo, Rep.",COG,2002,"Primary education, teachers (% female)",SE.PRM.TCHR.FE.ZS,37.5936584472656
"Congo, Rep.",COG,2001,"Primary education, teachers (% female)",SE.PRM.TCHR.FE.ZS,37.5890693664551
"Congo, Rep.",COG,2000,"Primary education, teachers (% female)",SE.PRM.TCHR.FE.ZS,36.5015182495117
"Congo, Rep.",COG,1999,"Primary education, teachers (% female)",SE.PRM.TCHR.FE.ZS,41.8604698181152
"Congo, Rep.",COG,1995,"Primary education, teachers (% female)",SE.PRM.TCHR.FE.ZS,33.4284400939941
"Congo, Rep.",COG,1994,"Primary education, teachers (% female)",SE.PRM.TCHR.FE.ZS,33.971851348877
"Congo, Rep.",COG,1993,"Primary education, teachers (% female)",SE.PRM.TCHR.FE.ZS,33.9581909179688
"Congo, Rep.",COG,1992,"Primary education, teachers (% female)",SE.PRM.TCHR.FE.ZS,33.1108016967773
"Congo, Rep.",COG,1991,"Primary education, teachers (% female)",SE.PRM.TCHR.FE.ZS,32.4227981567383
"Congo, Rep.",COG,1990,"Primary education, teachers (% female)",SE.PRM.TCHR.FE.ZS,32.8315200805664
"Congo, Rep.",COG,1989,"Primary education, teachers (% female)",SE.PRM.TCHR.FE.ZS,31.9419708251953
"Congo, Rep.",COG,1988,"Primary education, teachers (% female)",SE.PRM.TCHR.FE.ZS,32.8038787841797
"Congo, Rep.",COG,1987,"Primary education, teachers (% female)",SE.PRM.TCHR.FE.ZS,32.3995895385742
"Congo, Rep.",COG,1986,"Primary education, teachers (% female)",SE.PRM.TCHR.FE.ZS,29.7869606018066
"Congo, Rep.",COG,1985,"Primary education, teachers (% female)",SE.PRM.TCHR.FE.ZS,29.3681297302246
"Congo, Rep.",COG,1984,"Primary education, teachers (% female)",SE.PRM.TCHR.FE.ZS,27.6175804138184
"Congo, Rep.",COG,1983,"Primary education, teachers (% female)",SE.PRM.TCHR.FE.ZS,27.0569000244141
"Congo, Rep.",COG,1982,"Primary education, teachers (% female)",SE.PRM.TCHR.FE.ZS,25.7395992279053
"Congo, Rep.",COG,1981,"Primary education, teachers (% female)",SE.PRM.TCHR.FE.ZS,24.9652099609375
"Congo, Rep.",COG,1980,"Primary education, teachers (% female)",SE.PRM.TCHR.FE.ZS,24.6205501556396
"Congo, Rep.",COG,1979,"Primary education, teachers (% female)",SE.PRM.TCHR.FE.ZS,24.6633491516113
"Congo, Rep.",COG,1978,"Primary education, teachers (% female)",SE.PRM.TCHR.FE.ZS,23.2359600067139
"Congo, Rep.",COG,1976,"Primary education, teachers (% female)",SE.PRM.TCHR.FE.ZS,17.3904991149902
"Congo, Rep.",COG,1975,"Primary education, teachers (% female)",SE.PRM.TCHR.FE.ZS,15.4561595916748
"Congo, Rep.",COG,1974,"Primary education, teachers (% female)",SE.PRM.TCHR.FE.ZS,14.4731197357178
"Congo, Rep.",COG,1973,"Primary education, teachers (% female)",SE.PRM.TCHR.FE.ZS,15.6185703277588
"Congo, Rep.",COG,1972,"Primary education, teachers (% female)",SE.PRM.TCHR.FE.ZS,15.2828798294067
"Congo, Rep.",COG,1971,"Primary education, teachers (% female)",SE.PRM.TCHR.FE.ZS,15.1359701156616
"Congo, Rep.",COG,2012,"Adjusted net enrollment rate, primary, female (% of primary school age children)",SE.PRM.TENR.FE,93.13751
"Congo, Rep.",COG,2010,"Adjusted net enrollment rate, primary, female (% of primary school age children)",SE.PRM.TENR.FE,84.61883
"Congo, Rep.",COG,2006,"Adjusted net enrollment rate, primary, female (% of primary school age children)",SE.PRM.TENR.FE,52.4217
"Congo, Rep.",COG,2005,"Adjusted net enrollment rate, primary, female (% of primary school age children)",SE.PRM.TENR.FE,56.45804
"Congo, Rep.",COG,1984,"Adjusted net enrollment rate, primary, female (% of primary school age children)",SE.PRM.TENR.FE,87.75996
"Congo, Rep.",COG,1983,"Adjusted net enrollment rate, primary, female (% of primary school age children)",SE.PRM.TENR.FE,86.9558
"Congo, Rep.",COG,1982,"Adjusted net enrollment rate, primary, female (% of primary school age children)",SE.PRM.TENR.FE,86.01027
"Congo, Rep.",COG,1981,"Adjusted net enrollment rate, primary, female (% of primary school age children)",SE.PRM.TENR.FE,85.15614
"Congo, Rep.",COG,1980,"Adjusted net enrollment rate, primary, female (% of primary school age children)",SE.PRM.TENR.FE,86.06842
"Congo, Rep.",COG,1979,"Adjusted net enrollment rate, primary, female (% of primary school age children)",SE.PRM.TENR.FE,92.62376
"Congo, Rep.",COG,1978,"Adjusted net enrollment rate, primary, female (% of primary school age children)",SE.PRM.TENR.FE,92.08962
"Congo, Rep.",COG,1976,"Adjusted net enrollment rate, primary, female (% of primary school age children)",SE.PRM.TENR.FE,87.32635
"Congo, Rep.",COG,1974,"Adjusted net enrollment rate, primary, female (% of primary school age children)",SE.PRM.TENR.FE,82.85252
"Congo, Rep.",COG,1972,"Adjusted net enrollment rate, primary, female (% of primary school age children)",SE.PRM.TENR.FE,76.49332
"Congo, Rep.",COG,2012,"Adjusted net enrollment rate, primary, male (% of primary school age children)",SE.PRM.TENR.MA,85.49686
"Congo, Rep.",COG,2010,"Adjusted net enrollment rate, primary, male (% of primary school age children)",SE.PRM.TENR.MA,87.85323
"Congo, Rep.",COG,2006,"Adjusted net enrollment rate, primary, male (% of primary school age children)",SE.PRM.TENR.MA,58.10052
"Congo, Rep.",COG,2005,"Adjusted net enrollment rate, primary, male (% of primary school age children)",SE.PRM.TENR.MA,47.24209
"Congo, Rep.",COG,1984,"Adjusted net enrollment rate, primary, male (% of primary school age children)",SE.PRM.TENR.MA,89.58933
"Congo, Rep.",COG,1983,"Adjusted net enrollment rate, primary, male (% of primary school age children)",SE.PRM.TENR.MA,87.86207
"Congo, Rep.",COG,1982,"Adjusted net enrollment rate, primary, male (% of primary school age children)",SE.PRM.TENR.MA,87.81957
"Congo, Rep.",COG,1981,"Adjusted net enrollment rate, primary, male (% of primary school age children)",SE.PRM.TENR.MA,87.42647
"Congo, Rep.",COG,1980,"Adjusted net enrollment rate, primary, male (% of primary school age children)",SE.PRM.TENR.MA,88.53937
"Congo, Rep.",COG,1979,"Adjusted net enrollment rate, primary, male (% of primary school age children)",SE.PRM.TENR.MA,98.20897
"Congo, Rep.",COG,1978,"Adjusted net enrollment rate, primary, male (% of primary school age children)",SE.PRM.TENR.MA,98.2228
"Congo, Rep.",COG,1976,"Adjusted net enrollment rate, primary, male (% of primary school age children)",SE.PRM.TENR.MA,96.07259
"Congo, Rep.",COG,1974,"Adjusted net enrollment rate, primary, male (% of primary school age children)",SE.PRM.TENR.MA,95.15393
"Congo, Rep.",COG,1972,"Adjusted net enrollment rate, primary, male (% of primary school age children)",SE.PRM.TENR.MA,88.98528
"Congo, Rep.",COG,2023,"Children out of school, primary, female",SE.PRM.UNER.FE,77678
"Congo, Rep.",COG,2018,"Children out of school, primary, female",SE.PRM.UNER.FE,96666
"Congo, Rep.",COG,2015,"Children out of school, primary, female",SE.PRM.UNER.FE,196219
"Congo, Rep.",COG,2012,"Children out of school, primary, female",SE.PRM.UNER.FE,27492
"Congo, Rep.",COG,2010,"Children out of school, primary, female",SE.PRM.UNER.FE,50756
"Congo, Rep.",COG,2006,"Children out of school, primary, female",SE.PRM.UNER.FE,139392
"Congo, Rep.",COG,2005,"Children out of school, primary, female",SE.PRM.UNER.FE,125948
"Congo, Rep.",COG,1984,"Children out of school, primary, female",SE.PRM.UNER.FE,20727
"Congo, Rep.",COG,1983,"Children out of school, primary, female",SE.PRM.UNER.FE,23059
"Congo, Rep.",COG,1982,"Children out of school, primary, female",SE.PRM.UNER.FE,25689
"Congo, Rep.",COG,1981,"Children out of school, primary, female",SE.PRM.UNER.FE,28103
"Congo, Rep.",COG,1980,"Children out of school, primary, female",SE.PRM.UNER.FE,27669
"Congo, Rep.",COG,1979,"Children out of school, primary, female",SE.PRM.UNER.FE,19004
"Congo, Rep.",COG,1978,"Children out of school, primary, female",SE.PRM.UNER.FE,20185
"Congo, Rep.",COG,1976,"Children out of school, primary, female",SE.PRM.UNER.FE,25851
"Congo, Rep.",COG,1974,"Children out of school, primary, female",SE.PRM.UNER.FE,28893
"Congo, Rep.",COG,1972,"Children out of school, primary, female",SE.PRM.UNER.FE,34163
"Congo, Rep.",COG,2023,"Children out of school, primary, male",SE.PRM.UNER.MA,80839
"Congo, Rep.",COG,2018,"Children out of school, primary, male",SE.PRM.UNER.MA,91506
"Congo, Rep.",COG,2015,"Children out of school, primary, male",SE.PRM.UNER.MA,196986
"Congo, Rep.",COG,2012,"Children out of school, primary, male",SE.PRM.UNER.MA,53979
"Congo, Rep.",COG,2010,"Children out of school, primary, male",SE.PRM.UNER.MA,40512
"Congo, Rep.",COG,2006,"Children out of school, primary, male",SE.PRM.UNER.MA,123891
"Congo, Rep.",COG,2005,"Children out of school, primary, male",SE.PRM.UNER.MA,151941
"Congo, Rep.",COG,1984,"Children out of school, primary, male",SE.PRM.UNER.MA,18254
"Congo, Rep.",COG,1983,"Children out of school, primary, male",SE.PRM.UNER.MA,21746
"Congo, Rep.",COG,1982,"Children out of school, primary, male",SE.PRM.UNER.MA,22554
"Congo, Rep.",COG,1981,"Children out of school, primary, male",SE.PRM.UNER.MA,23893
"Congo, Rep.",COG,1980,"Children out of school, primary, male",SE.PRM.UNER.MA,22973
"Congo, Rep.",COG,1979,"Children out of school, primary, male",SE.PRM.UNER.MA,9757
"Congo, Rep.",COG,1978,"Children out of school, primary, male",SE.PRM.UNER.MA,10540
"Congo, Rep.",COG,1976,"Children out of school, primary, male",SE.PRM.UNER.MA,14228
"Congo, Rep.",COG,1974,"Children out of school, primary, male",SE.PRM.UNER.MA,14160
"Congo, Rep.",COG,1972,"Children out of school, primary, male",SE.PRM.UNER.MA,20195
"Congo, Rep.",COG,2015,"Educational attainment, at least completed lower secondary, population 25+, female (%) (cumulative)",SE.SEC.CUAT.LO.FE.ZS,30.6893005371094
"Congo, Rep.",COG,1984,"Educational attainment, at least completed lower secondary, population 25+, female (%) (cumulative)",SE.SEC.CUAT.LO.FE.ZS,12.1700000762939
"Congo, Rep.",COG,2015,"Educational attainment, at least completed lower secondary, population 25+, male (%) (cumulative)",SE.SEC.CUAT.LO.MA.ZS,48.5167198181152
"Congo, Rep.",COG,1984,"Educational attainment, at least completed lower secondary, population 25+, male (%) (cumulative)",SE.SEC.CUAT.LO.MA.ZS,28.3600006103516
"Congo, Rep.",COG,2015,"Educational attainment, at least completed lower secondary, population 25+, total (%) (cumulative)",SE.SEC.CUAT.LO.ZS,39.122859954834
"Congo, Rep.",COG,1984,"Educational attainment, at least completed lower secondary, population 25+, total (%) (cumulative)",SE.SEC.CUAT.LO.ZS,19.7199993133545
"Congo, Rep.",COG,1984,"Educational attainment, at least completed post-secondary, population 25+, female (%) (cumulative)",SE.SEC.CUAT.PO.FE.ZS,1.10000002384186
"Congo, Rep.",COG,1984,"Educational attainment, at least completed post-secondary, population 25+, male (%) (cumulative)",SE.SEC.CUAT.PO.MA.ZS,5.05999994277954
"Congo, Rep.",COG,1984,"Educational attainment, at least completed post-secondary, population 25+, total (%) (cumulative)",SE.SEC.CUAT.PO.ZS,2.95000004768372
"Congo, Rep.",COG,2015,"Educational attainment, at least completed upper secondary, population 25+, female (%) (cumulative)",SE.SEC.CUAT.UP.FE.ZS,13.6573896408081
"Congo, Rep.",COG,1984,"Educational attainment, at least completed upper secondary, population 25+, female (%) (cumulative)",SE.SEC.CUAT.UP.FE.ZS,4.07999992370605
"Congo, Rep.",COG,2015,"Educational attainment, at least completed upper secondary, population 25+, male (%) (cumulative)",SE.SEC.CUAT.UP.MA.ZS,27.0446300506592
"Congo, Rep.",COG,1984,"Educational attainment, at least completed upper secondary, population 25+, male (%) (cumulative)",SE.SEC.CUAT.UP.MA.ZS,14.1400003433228
"Congo, Rep.",COG,2015,"Educational attainment, at least completed upper secondary, population 25+, total (%) (cumulative)",SE.SEC.CUAT.UP.ZS,19.9904499053955
"Congo, Rep.",COG,1984,"Educational attainment, at least completed upper secondary, population 25+, total (%) (cumulative)",SE.SEC.CUAT.UP.ZS,8.77000045776367
"Congo, Rep.",COG,2012,"Secondary education, pupils (% female)",SE.SEC.ENRL.FE.ZS,46.22579
"Congo, Rep.",COG,2004,"Secondary education, pupils (% female)",SE.SEC.ENRL.FE.ZS,45.53665
"Congo, Rep.",COG,2003,"Secondary education, pupils (% female)",SE.SEC.ENRL.FE.ZS,40.48977
"Congo, Rep.",COG,2002,"Secondary education, pupils (% female)",SE.SEC.ENRL.FE.ZS,42.33518
"Congo, Rep.",COG,1996,"Secondary education, pupils (% female)",SE.SEC.ENRL.FE.ZS,42.62753
"Congo, Rep.",COG,1992,"Secondary education, pupils (% female)",SE.SEC.ENRL.FE.ZS,43.02853
"Congo, Rep.",COG,1990,"Secondary education, pupils (% female)",SE.SEC.ENRL.FE.ZS,42.95496
"Congo, Rep.",COG,1989,"Secondary education, pupils (% female)",SE.SEC.ENRL.FE.ZS,44.38183
"Congo, Rep.",COG,1988,"Secondary education, pupils (% female)",SE.SEC.ENRL.FE.ZS,44.66407
"Congo, Rep.",COG,1987,"Secondary education, pupils (% female)",SE.SEC.ENRL.FE.ZS,44.30759
"Congo, Rep.",COG,1986,"Secondary education, pupils (% female)",SE.SEC.ENRL.FE.ZS,43.52814
"Congo, Rep.",COG,1985,"Secondary education, pupils (% female)",SE.SEC.ENRL.FE.ZS,42.61685
"Congo, Rep.",COG,1984,"Secondary education, pupils (% female)",SE.SEC.ENRL.FE.ZS,41.26439
"Congo, Rep.",COG,1982,"Secondary education, pupils (% female)",SE.SEC.ENRL.FE.ZS,41.36957
"Congo, Rep.",COG,1981,"Secondary education, pupils (% female)",SE.SEC.ENRL.FE.ZS,41.1664
"Congo, Rep.",COG,1980,"Secondary education, pupils (% female)",SE.SEC.ENRL.FE.ZS,38.99245
"Congo, Rep.",COG,1979,"Secondary education, pupils (% female)",SE.SEC.ENRL.FE.ZS,38.62142
"Congo, Rep.",COG,1978,"Secondary education, pupils (% female)",SE.SEC.ENRL.FE.ZS,38.15298
"Congo, Rep.",COG,1977,"Secondary education, pupils (% female)",SE.SEC.ENRL.FE.ZS,37.12604
"Congo, Rep.",COG,1976,"Secondary education, pupils (% female)",SE.SEC.ENRL.FE.ZS,36.02194
"Congo, Rep.",COG,1975,"Secondary education, pupils (% female)",SE.SEC.ENRL.FE.ZS,35.46517
"Congo, Rep.",COG,1974,"Secondary education, pupils (% female)",SE.SEC.ENRL.FE.ZS,35.04971
"Congo, Rep.",COG,1973,"Secondary education, pupils (% female)",SE.SEC.ENRL.FE.ZS,34.27759
"Congo, Rep.",COG,1972,"Secondary education, pupils (% female)",SE.SEC.ENRL.FE.ZS,31.52427
"Congo, Rep.",COG,1971,"Secondary education, pupils (% female)",SE.SEC.ENRL.FE.ZS,30.05224
"Congo, Rep.",COG,2012,"Secondary education, general pupils (% female)",SE.SEC.ENRL.GC.FE.ZS,46.27338
"Congo, Rep.",COG,2011,"Secondary education, general pupils (% female)",SE.SEC.ENRL.GC.FE.ZS,46.42377
"Congo, Rep.",COG,2010,"Secondary education, general pupils (% female)",SE.SEC.ENRL.GC.FE.ZS,44.06562
"Congo, Rep.",COG,2009,"Secondary education, general pupils (% female)",SE.SEC.ENRL.GC.FE.ZS,43.50576
"Congo, Rep.",COG,2008,"Secondary education, general pupils (% female)",SE.SEC.ENRL.GC.FE.ZS,44.12809
"Congo, Rep.",COG,2007,"Secondary education, general pupils (% female)",SE.SEC.ENRL.GC.FE.ZS,43.38595
"Congo, Rep.",COG,2006,"Secondary education, general pupils (% female)",SE.SEC.ENRL.GC.FE.ZS,42.80074
"Congo, Rep.",COG,2005,"Secondary education, general pupils (% female)",SE.SEC.ENRL.GC.FE.ZS,43.73445
"Congo, Rep.",COG,2004,"Secondary education, general pupils (% female)",SE.SEC.ENRL.GC.FE.ZS,44.90897
"Congo, Rep.",COG,2003,"Secondary education, general pupils (% female)",SE.SEC.ENRL.GC.FE.ZS,37.45197
"Congo, Rep.",COG,2002,"Secondary education, general pupils (% female)",SE.SEC.ENRL.GC.FE.ZS,40.51051
"Congo, Rep.",COG,2001,"Secondary education, general pupils (% female)",SE.SEC.ENRL.GC.FE.ZS,37.36635
"Congo, Rep.",COG,1999,"Secondary education, general pupils (% female)",SE.SEC.ENRL.GC.FE.ZS,37.81651
"Congo, Rep.",COG,1996,"Secondary education, general pupils (% female)",SE.SEC.ENRL.GC.FE.ZS,42.40552
"Congo, Rep.",COG,1994,"Secondary education, general pupils (% female)",SE.SEC.ENRL.GC.FE.ZS,41.33768
"Congo, Rep.",COG,1993,"Secondary education, general pupils (% female)",SE.SEC.ENRL.GC.FE.ZS,42.23524
"Congo, Rep.",COG,1992,"Secondary education, general pupils (% female)",SE.SEC.ENRL.GC.FE.ZS,42.78641
"Congo, Rep.",COG,1991,"Secondary education, general pupils (% female)",SE.SEC.ENRL.GC.FE.ZS,41.78124
"Congo, Rep.",COG,1990,"Secondary education, general pupils (% female)",SE.SEC.ENRL.GC.FE.ZS,41.87038
"Congo, Rep.",COG,1989,"Secondary education, general pupils (% female)",SE.SEC.ENRL.GC.FE.ZS,43.21777
"Congo, Rep.",COG,1988,"Secondary education, general pupils (% female)",SE.SEC.ENRL.GC.FE.ZS,43.12752
"Congo, Rep.",COG,1987,"Secondary education, general pupils (% female)",SE.SEC.ENRL.GC.FE.ZS,42.76095
"Congo, Rep.",COG,1986,"Secondary education, general pupils (% female)",SE.SEC.ENRL.GC.FE.ZS,42.46675
"Congo, Rep.",COG,1985,"Secondary education, general pupils (% female)",SE.SEC.ENRL.GC.FE.ZS,41.67773
"Congo, Rep.",COG,1984,"Secondary education, general pupils (% female)",SE.SEC.ENRL.GC.FE.ZS,41.51481
"Congo, Rep.",COG,1983,"Secondary education, general pupils (% female)",SE.SEC.ENRL.GC.FE.ZS,40.73781
"Congo, Rep.",COG,1982,"Secondary education, general pupils (% female)",SE.SEC.ENRL.GC.FE.ZS,40.01671
"Congo, Rep.",COG,1981,"Secondary education, general pupils (% female)",SE.SEC.ENRL.GC.FE.ZS,40.05678
"Congo, Rep.",COG,1980,"Secondary education, general pupils (% female)",SE.SEC.ENRL.GC.FE.ZS,38.51011
"Congo, Rep.",COG,1979,"Secondary education, general pupils (% female)",SE.SEC.ENRL.GC.FE.ZS,37.95488
"Congo, Rep.",COG,1978,"Secondary education, general pupils (% female)",SE.SEC.ENRL.GC.FE.ZS,37.41294
"Congo, Rep.",COG,1977,"Secondary education, general pupils (% female)",SE.SEC.ENRL.GC.FE.ZS,36.5958
"Congo, Rep.",COG,1976,"Secondary education, general pupils (% female)",SE.SEC.ENRL.GC.FE.ZS,35.76732
"Congo, Rep.",COG,1975,"Secondary education, general pupils (% female)",SE.SEC.ENRL.GC.FE.ZS,35.48154
"Congo, Rep.",COG,1974,"Secondary education, general pupils (% female)",SE.SEC.ENRL.GC.FE.ZS,35.24659
"Congo, Rep.",COG,1973,"Secondary education, general pupils (% female)",SE.SEC.ENRL.GC.FE.ZS,34.12209
"Congo, Rep.",COG,1972,"Secondary education, general pupils (% female)",SE.SEC.ENRL.GC.FE.ZS,31.40262
"Congo, Rep.",COG,1971,"Secondary education, general pupils (% female)",SE.SEC.ENRL.GC.FE.ZS,29.84755
"Congo, Rep.",COG,2012,"Secondary education, vocational pupils (% female)",SE.SEC.ENRL.VO.FE.ZS,45.80324
"Congo, Rep.",COG,2004,"Secondary education, vocational pupils (% female)",SE.SEC.ENRL.VO.FE.ZS,48.30905
"Congo, Rep.",COG,2003,"Secondary education, vocational pupils (% female)",SE.SEC.ENRL.VO.FE.ZS,53.00685
"Congo, Rep.",COG,2002,"Secondary education, vocational pupils (% female)",SE.SEC.ENRL.VO.FE.ZS,52.47652
"Congo, Rep.",COG,1996,"Secondary education, vocational pupils (% female)",SE.SEC.ENRL.VO.FE.ZS,44.29142
"Congo, Rep.",COG,1992,"Secondary education, vocational pupils (% female)",SE.SEC.ENRL.VO.FE.ZS,46.43476
"Congo, Rep.",COG,1990,"Secondary education, vocational pupils (% female)",SE.SEC.ENRL.VO.FE.ZS,54.22064
"Congo, Rep.",COG,1989,"Secondary education, vocational pupils (% female)",SE.SEC.ENRL.VO.FE.ZS,54.49932
"Congo, Rep.",COG,1988,"Secondary education, vocational pupils (% female)",SE.SEC.ENRL.VO.FE.ZS,55.59528
"Congo, Rep.",COG,1987,"Secondary education, vocational pupils (% female)",SE.SEC.ENRL.VO.FE.ZS,53.50955
"Congo, Rep.",COG,1986,"Secondary education, vocational pupils (% female)",SE.SEC.ENRL.VO.FE.ZS,51.8654
"Congo, Rep.",COG,1985,"Secondary education, vocational pupils (% female)",SE.SEC.ENRL.VO.FE.ZS,50.9217
"Congo, Rep.",COG,1984,"Secondary education, vocational pupils (% female)",SE.SEC.ENRL.VO.FE.ZS,38.85226
"Congo, Rep.",COG,1983,"Secondary education, vocational pupils (% female)",SE.SEC.ENRL.VO.FE.ZS,38.92577
"Congo, Rep.",COG,1982,"Secondary education, vocational pupils (% female)",SE.SEC.ENRL.VO.FE.ZS,53.47088
"Congo, Rep.",COG,1981,"Secondary education, vocational pupils (% female)",SE.SEC.ENRL.VO.FE.ZS,51.0892
"Congo, Rep.",COG,1980,"Secondary education, vocational pupils (% female)",SE.SEC.ENRL.VO.FE.ZS,45.92221
"Congo, Rep.",COG,1979,"Secondary education, vocational pupils (% female)",SE.SEC.ENRL.VO.FE.ZS,47.12273
"Congo, Rep.",COG,1978,"Secondary education, vocational pupils (% female)",SE.SEC.ENRL.VO.FE.ZS,48.13401
"Congo, Rep.",COG,1977,"Secondary education, vocational pupils (% female)",SE.SEC.ENRL.VO.FE.ZS,45.03588
"Congo, Rep.",COG,1976,"Secondary education, vocational pupils (% female)",SE.SEC.ENRL.VO.FE.ZS,39.08604
"Congo, Rep.",COG,1975,"Secondary education, vocational pupils (% female)",SE.SEC.ENRL.VO.FE.ZS,35.25751
"Congo, Rep.",COG,1974,"Secondary education, vocational pupils (% female)",SE.SEC.ENRL.VO.FE.ZS,32.78801
"Congo, Rep.",COG,1973,"Secondary education, vocational pupils (% female)",SE.SEC.ENRL.VO.FE.ZS,35.86446
"Congo, Rep.",COG,1972,"Secondary education, vocational pupils (% female)",SE.SEC.ENRL.VO.FE.ZS,32.50647
"Congo, Rep.",COG,1971,"Secondary education, vocational pupils (% female)",SE.SEC.ENRL.VO.FE.ZS,31.64784
"Congo, Rep.",COG,2018,"School enrollment, secondary, female (% gross)",SE.SEC.ENRR.FE,63.005032460904
"Congo, Rep.",COG,2012,"School enrollment, secondary, female (% gross)",SE.SEC.ENRR.FE,47.0819396972656
"Congo, Rep.",COG,2004,"School enrollment, secondary, female (% gross)",SE.SEC.ENRR.FE,38.7255210876465
"Congo, Rep.",COG,2003,"School enrollment, secondary, female (% gross)",SE.SEC.ENRR.FE,30.6145992279053
"Congo, Rep.",COG,2002,"School enrollment, secondary, female (% gross)",SE.SEC.ENRR.FE,31.1191806793213
"Congo, Rep.",COG,1996,"School enrollment, secondary, female (% gross)",SE.SEC.ENRR.FE,41.4385299682617
"Congo, Rep.",COG,1992,"School enrollment, secondary, female (% gross)",SE.SEC.ENRR.FE,40.7470588684082
"Congo, Rep.",COG,1990,"School enrollment, secondary, female (% gross)",SE.SEC.ENRR.FE,40.6871681213379
"Congo, Rep.",COG,1989,"School enrollment, secondary, female (% gross)",SE.SEC.ENRR.FE,47.6902885437012
"Congo, Rep.",COG,1988,"School enrollment, secondary, female (% gross)",SE.SEC.ENRR.FE,55.7360305786133
"Congo, Rep.",COG,1987,"School enrollment, secondary, female (% gross)",SE.SEC.ENRR.FE,58.8562698364258
"Congo, Rep.",COG,1986,"School enrollment, secondary, female (% gross)",SE.SEC.ENRR.FE,56.1756210327148
"Congo, Rep.",COG,1985,"School enrollment, secondary, female (% gross)",SE.SEC.ENRR.FE,51.2311210632324
"Congo, Rep.",COG,1984,"School enrollment, secondary, female (% gross)",SE.SEC.ENRR.FE,50.4625701904297
"Congo, Rep.",COG,1982,"School enrollment, secondary, female (% gross)",SE.SEC.ENRR.FE,54.6582298278809
"Congo, Rep.",COG,1981,"School enrollment, secondary, female (% gross)",SE.SEC.ENRR.FE,51.2248687744141
"Congo, Rep.",COG,1980,"School enrollment, secondary, female (% gross)",SE.SEC.ENRR.FE,42.695140838623
"Congo, Rep.",COG,1979,"School enrollment, secondary, female (% gross)",SE.SEC.ENRR.FE,41.1548614501953
"Congo, Rep.",COG,1978,"School enrollment, secondary, female (% gross)",SE.SEC.ENRR.FE,38.5821685791016
"Congo, Rep.",COG,1977,"School enrollment, secondary, female (% gross)",SE.SEC.ENRR.FE,34.7098388671875
"Congo, Rep.",COG,1976,"School enrollment, secondary, female (% gross)",SE.SEC.ENRR.FE,29.100830078125
"Congo, Rep.",COG,1975,"School enrollment, secondary, female (% gross)",SE.SEC.ENRR.FE,25.4252109527588
"Congo, Rep.",COG,1974,"School enrollment, secondary, female (% gross)",SE.SEC.ENRR.FE,21.3886604309082
"Congo, Rep.",COG,1973,"School enrollment, secondary, female (% gross)",SE.SEC.ENRR.FE,16.3568992614746
"Congo, Rep.",COG,1972,"School enrollment, secondary, female (% gross)",SE.SEC.ENRR.FE,11.9080095291138
"Congo, Rep.",COG,1971,"School enrollment, secondary, female (% gross)",SE.SEC.ENRR.FE,9.55570983886719
"Congo, Rep.",COG,2018,"School enrollment, secondary, male (% gross)",SE.SEC.ENRR.MA,68.2095538280472
"Congo, Rep.",COG,2012,"School enrollment, secondary, male (% gross)",SE.SEC.ENRR.MA,54.4619483947754
"Congo, Rep.",COG,2004,"School enrollment, secondary, male (% gross)",SE.SEC.ENRR.MA,45.942569732666
"Congo, Rep.",COG,2003,"School enrollment, secondary, male (% gross)",SE.SEC.ENRR.MA,44.6162796020508
"Congo, Rep.",COG,2002,"School enrollment, secondary, male (% gross)",SE.SEC.ENRR.MA,41.9949913024902
"Congo, Rep.",COG,1996,"School enrollment, secondary, male (% gross)",SE.SEC.ENRR.MA,54.717041015625
"Congo, Rep.",COG,1992,"School enrollment, secondary, male (% gross)",SE.SEC.ENRR.MA,53.2150382995605
"Congo, Rep.",COG,1990,"School enrollment, secondary, male (% gross)",SE.SEC.ENRR.MA,53.5777015686035
"Congo, Rep.",COG,1989,"School enrollment, secondary, male (% gross)",SE.SEC.ENRR.MA,59.482479095459
"Congo, Rep.",COG,1988,"School enrollment, secondary, male (% gross)",SE.SEC.ENRR.MA,69.0719909667969
"Congo, Rep.",COG,1987,"School enrollment, secondary, male (% gross)",SE.SEC.ENRR.MA,74.4209671020508
"Congo, Rep.",COG,1986,"School enrollment, secondary, male (% gross)",SE.SEC.ENRR.MA,73.7139282226562
"Congo, Rep.",COG,1985,"School enrollment, secondary, male (% gross)",SE.SEC.ENRR.MA,70.2160110473633
"Congo, Rep.",COG,1984,"School enrollment, secondary, male (% gross)",SE.SEC.ENRR.MA,73.544189453125
"Congo, Rep.",COG,1982,"School enrollment, secondary, male (% gross)",SE.SEC.ENRR.MA,79.1262664794922
"Congo, Rep.",COG,1981,"School enrollment, secondary, male (% gross)",SE.SEC.ENRR.MA,74.452880859375
"Congo, Rep.",COG,1980,"School enrollment, secondary, male (% gross)",SE.SEC.ENRR.MA,67.5721664428711
"Congo, Rep.",COG,1979,"School enrollment, secondary, male (% gross)",SE.SEC.ENRR.MA,65.846321105957
"Congo, Rep.",COG,1978,"School enrollment, secondary, male (% gross)",SE.SEC.ENRR.MA,62.7261085510254
"Congo, Rep.",COG,1977,"School enrollment, secondary, male (% gross)",SE.SEC.ENRR.MA,58.8163108825684
"Congo, Rep.",COG,1976,"School enrollment, secondary, male (% gross)",SE.SEC.ENRR.MA,51.6610717773438
"Congo, Rep.",COG,1975,"School enrollment, secondary, male (% gross)",SE.SEC.ENRR.MA,46.2296409606934
"Congo, Rep.",COG,1974,"School enrollment, secondary, male (% gross)",SE.SEC.ENRR.MA,39.6327896118164
"Congo, Rep.",COG,1973,"School enrollment, secondary, male (% gross)",SE.SEC.ENRR.MA,31.3846797943115
"Congo, Rep.",COG,1972,"School enrollment, secondary, male (% gross)",SE.SEC.ENRR.MA,25.9058704376221
"Congo, Rep.",COG,1971,"School enrollment, secondary, male (% gross)",SE.SEC.ENRR.MA,22.2950897216797
"Congo, Rep.",COG,1976,"School enrollment, secondary, female (% net)",SE.SEC.NENR.FE,26.8154
"Congo, Rep.",COG,1974,"School enrollment, secondary, female (% net)",SE.SEC.NENR.FE,20.37144
"Congo, Rep.",COG,1972,"School enrollment, secondary, female (% net)",SE.SEC.NENR.FE,11.34959
"Congo, Rep.",COG,1976,"School enrollment, secondary, male (% net)",SE.SEC.NENR.MA,45.6722
"Congo, Rep.",COG,1974,"School enrollment, secondary, male (% net)",SE.SEC.NENR.MA,35.85035
"Congo, Rep.",COG,1972,"School enrollment, secondary, male (% net)",SE.SEC.NENR.MA,23.10743
"Congo, Rep.",COG,2011,"Progression to secondary school, female (%)",SE.SEC.PROG.FE.ZS,74.79442
"Congo, Rep.",COG,2009,"Progression to secondary school, female (%)",SE.SEC.PROG.FE.ZS,74.43224
"Congo, Rep.",COG,2008,"Progression to secondary school, female (%)",SE.SEC.PROG.FE.ZS,68.7563
"Congo, Rep.",COG,2007,"Progression to secondary school, female (%)",SE.SEC.PROG.FE.ZS,69.11998
"Congo, Rep.",COG,2004,"Progression to secondary school, female (%)",SE.SEC.PROG.FE.ZS,67.84209
"Congo, Rep.",COG,2003,"Progression to secondary school, female (%)",SE.SEC.PROG.FE.ZS,87.74073
"Congo, Rep.",COG,2002,"Progression to secondary school, female (%)",SE.SEC.PROG.FE.ZS,52.14839
"Congo, Rep.",COG,2001,"Progression to secondary school, female (%)",SE.SEC.PROG.FE.ZS,57.97182
"Congo, Rep.",COG,1995,"Progression to secondary school, female (%)",SE.SEC.PROG.FE.ZS,72.62517
"Congo, Rep.",COG,1993,"Progression to secondary school, female (%)",SE.SEC.PROG.FE.ZS,56.81042
"Congo, Rep.",COG,1992,"Progression to secondary school, female (%)",SE.SEC.PROG.FE.ZS,69.45474
"Congo, Rep.",COG,1988,"Progression to secondary school, female (%)",SE.SEC.PROG.FE.ZS,79.5492
"Congo, Rep.",COG,1986,"Progression to secondary school, female (%)",SE.SEC.PROG.FE.ZS,78.83994
"Congo, Rep.",COG,1983,"Progression to secondary school, female (%)",SE.SEC.PROG.FE.ZS,96.928
"Congo, Rep.",COG,1982,"Progression to secondary school, female (%)",SE.SEC.PROG.FE.ZS,94.35087
"Congo, Rep.",COG,1980,"Progression to secondary school, female (%)",SE.SEC.PROG.FE.ZS,100
"Congo, Rep.",COG,1978,"Progression to secondary school, female (%)",SE.SEC.PROG.FE.ZS,94.91908
"Congo, Rep.",COG,1977,"Progression to secondary school, female (%)",SE.SEC.PROG.FE.ZS,97.90447
"Congo, Rep.",COG,1976,"Progression to secondary school, female (%)",SE.SEC.PROG.FE.ZS,93.56993
"Congo, Rep.",COG,1975,"Progression to secondary school, female (%)",SE.SEC.PROG.FE.ZS,82.61367
"Congo, Rep.",COG,1974,"Progression to secondary school, female (%)",SE.SEC.PROG.FE.ZS,81.04681
"Congo, Rep.",COG,1973,"Progression to secondary school, female (%)",SE.SEC.PROG.FE.ZS,81.03396
"Congo, Rep.",COG,1972,"Progression to secondary school, female (%)",SE.SEC.PROG.FE.ZS,64.44444
"Congo, Rep.",COG,2011,"Progression to secondary school, male (%)",SE.SEC.PROG.MA.ZS,78.10262
"Congo, Rep.",COG,2009,"Progression to secondary school, male (%)",SE.SEC.PROG.MA.ZS,77.04937
"Congo, Rep.",COG,2008,"Progression to secondary school, male (%)",SE.SEC.PROG.MA.ZS,73.52389
"Congo, Rep.",COG,2007,"Progression to secondary school, male (%)",SE.SEC.PROG.MA.ZS,70.9341
"Congo, Rep.",COG,2004,"Progression to secondary school, male (%)",SE.SEC.PROG.MA.ZS,72.20596
"Congo, Rep.",COG,2003,"Progression to secondary school, male (%)",SE.SEC.PROG.MA.ZS,87.62545
"Congo, Rep.",COG,2002,"Progression to secondary school, male (%)",SE.SEC.PROG.MA.ZS,85.06199
"Congo, Rep.",COG,2001,"Progression to secondary school, male (%)",SE.SEC.PROG.MA.ZS,88.74416
"Congo, Rep.",COG,1995,"Progression to secondary school, male (%)",SE.SEC.PROG.MA.ZS,60.87495
"Congo, Rep.",COG,1993,"Progression to secondary school, male (%)",SE.SEC.PROG.MA.ZS,82.08521
"Congo, Rep.",COG,1992,"Progression to secondary school, male (%)",SE.SEC.PROG.MA.ZS,74.04749
"Congo, Rep.",COG,1988,"Progression to secondary school, male (%)",SE.SEC.PROG.MA.ZS,83.64157
"Congo, Rep.",COG,1986,"Progression to secondary school, male (%)",SE.SEC.PROG.MA.ZS,88.14245
"Congo, Rep.",COG,1983,"Progression to secondary school, male (%)",SE.SEC.PROG.MA.ZS,99.46309
"Congo, Rep.",COG,1982,"Progression to secondary school, male (%)",SE.SEC.PROG.MA.ZS,95.99099
"Congo, Rep.",COG,1980,"Progression to secondary school, male (%)",SE.SEC.PROG.MA.ZS,98.79367
"Congo, Rep.",COG,1978,"Progression to secondary school, male (%)",SE.SEC.PROG.MA.ZS,98.8944
"Congo, Rep.",COG,1977,"Progression to secondary school, male (%)",SE.SEC.PROG.MA.ZS,100
"Congo, Rep.",COG,1976,"Progression to secondary school, male (%)",SE.SEC.PROG.MA.ZS,97.60522
"Congo, Rep.",COG,1975,"Progression to secondary school, male (%)",SE.SEC.PROG.MA.ZS,85.77138
"Congo, Rep.",COG,1974,"Progression to secondary school, male (%)",SE.SEC.PROG.MA.ZS,81.25298
"Congo, Rep.",COG,1973,"Progression to secondary school, male (%)",SE.SEC.PROG.MA.ZS,82.74831
"Congo, Rep.",COG,1972,"Progression to secondary school, male (%)",SE.SEC.PROG.MA.ZS,67.98815
"Congo, Rep.",COG,2023,"Secondary education, teachers (% female)",SE.SEC.TCHR.FE.ZS,11.8300800323486
"Congo, Rep.",COG,2018,"Secondary education, teachers (% female)",SE.SEC.TCHR.FE.ZS,9.95860004425049
"Congo, Rep.",COG,2012,"Secondary education, teachers (% female)",SE.SEC.TCHR.FE.ZS,9.19349956512451
"Congo, Rep.",COG,2004,"Secondary education, teachers (% female)",SE.SEC.TCHR.FE.ZS,13.3119697570801
"Congo, Rep.",COG,2003,"Secondary education, teachers (% female)",SE.SEC.TCHR.FE.ZS,12.8081502914429
"Congo, Rep.",COG,1996,"Secondary education, teachers (% female)",SE.SEC.TCHR.FE.ZS,15.725640296936
"Congo, Rep.",COG,1979,"Secondary education, teachers (% female)",SE.SEC.TCHR.FE.ZS,8.79654979705811
"Congo, Rep.",COG,1978,"Secondary education, teachers (% female)",SE.SEC.TCHR.FE.ZS,9.30023956298828
"Congo, Rep.",COG,1976,"Secondary education, teachers (% female)",SE.SEC.TCHR.FE.ZS,11.0236196517944
"Congo, Rep.",COG,1975,"Secondary education, teachers (% female)",SE.SEC.TCHR.FE.ZS,12.832480430603
"Congo, Rep.",COG,1974,"Secondary education, teachers (% female)",SE.SEC.TCHR.FE.ZS,14.4556798934937
"Congo, Rep.",COG,1973,"Secondary education, teachers (% female)",SE.SEC.TCHR.FE.ZS,16.7434692382812
"Congo, Rep.",COG,1972,"Secondary education, teachers (% female)",SE.SEC.TCHR.FE.ZS,20.4869899749756
"Congo, Rep.",COG,1971,"Secondary education, teachers (% female)",SE.SEC.TCHR.FE.ZS,21.7936401367188
"Congo, Rep.",COG,2015,"Educational attainment, at least Bachelor's or equivalent, population 25+, female (%) (cumulative)",SE.TER.CUAT.BA.FE.ZS,4.035719871521
"Congo, Rep.",COG,2015,"Educational attainment, at least Bachelor's or equivalent, population 25+, male (%) (cumulative)",SE.TER.CUAT.BA.MA.ZS,12.0415802001953
"Congo, Rep.",COG,2015,"Educational attainment, at least Bachelor's or equivalent, population 25+, total (%) (cumulative)",SE.TER.CUAT.BA.ZS,7.82301998138428
"Congo, Rep.",COG,2023,"School enrollment, tertiary, female (% gross)",SE.TER.ENRR.FE,8.29755020141602
"Congo, Rep.",COG,2017,"School enrollment, tertiary, female (% gross)",SE.TER.ENRR.FE,9.81881046295166
"Congo, Rep.",COG,2015,"School enrollment, tertiary, female (% gross)",SE.TER.ENRR.FE,9.49325084686279
"Congo, Rep.",COG,2013,"School enrollment, tertiary, female (% gross)",SE.TER.ENRR.FE,7.33823013305664
"Congo, Rep.",COG,2012,"School enrollment, tertiary, female (% gross)",SE.TER.ENRR.FE,6.98079013824463
"Congo, Rep.",COG,2011,"School enrollment, tertiary, female (% gross)",SE.TER.ENRR.FE,5.82391023635864
"Congo, Rep.",COG,2009,"School enrollment, tertiary, female (% gross)",SE.TER.ENRR.FE,2.01718997955322
"Congo, Rep.",COG,2003,"School enrollment, tertiary, female (% gross)",SE.TER.ENRR.FE,2.17987990379333
"Congo, Rep.",COG,2002,"School enrollment, tertiary, female (% gross)",SE.TER.ENRR.FE,1.19712996482849
"Congo, Rep.",COG,2001,"School enrollment, tertiary, female (% gross)",SE.TER.ENRR.FE,1.00735998153687
"Congo, Rep.",COG,2000,"School enrollment, tertiary, female (% gross)",SE.TER.ENRR.FE,2.50484991073608
"Congo, Rep.",COG,1999,"School enrollment, tertiary, female (% gross)",SE.TER.ENRR.FE,1.54742002487183
"Congo, Rep.",COG,1992,"School enrollment, tertiary, female (% gross)",SE.TER.ENRR.FE,1.84131002426147
"Congo, Rep.",COG,1991,"School enrollment, tertiary, female (% gross)",SE.TER.ENRR.FE,1.58624994754791
"Congo, Rep.",COG,1990,"School enrollment, tertiary, female (% gross)",SE.TER.ENRR.FE,1.47679996490479
"Congo, Rep.",COG,1989,"School enrollment, tertiary, female (% gross)",SE.TER.ENRR.FE,1.37130999565125
"Congo, Rep.",COG,1988,"School enrollment, tertiary, female (% gross)",SE.TER.ENRR.FE,1.97254002094269
"Congo, Rep.",COG,1986,"School enrollment, tertiary, female (% gross)",SE.TER.ENRR.FE,1.62297999858856
"Congo, Rep.",COG,1985,"School enrollment, tertiary, female (% gross)",SE.TER.ENRR.FE,1.6227400302887
"Congo, Rep.",COG,1984,"School enrollment, tertiary, female (% gross)",SE.TER.ENRR.FE,1.59082996845245
"Congo, Rep.",COG,1983,"School enrollment, tertiary, female (% gross)",SE.TER.ENRR.FE,1.39900004863739
"Congo, Rep.",COG,1982,"School enrollment, tertiary, female (% gross)",SE.TER.ENRR.FE,1.36122000217438
"Congo, Rep.",COG,1981,"School enrollment, tertiary, female (% gross)",SE.TER.ENRR.FE,1.28612995147705
"Congo, Rep.",COG,1980,"School enrollment, tertiary, female (% gross)",SE.TER.ENRR.FE,1.20466995239258
"Congo, Rep.",COG,1978,"School enrollment, tertiary, female (% gross)",SE.TER.ENRR.FE,0.796500027179718
"Congo, Rep.",COG,1977,"School enrollment, tertiary, female (% gross)",SE.TER.ENRR.FE,0.632470011711121
"Congo, Rep.",COG,1976,"School enrollment, tertiary, female (% gross)",SE.TER.ENRR.FE,0.444160014390945
"Congo, Rep.",COG,1975,"School enrollment, tertiary, female (% gross)",SE.TER.ENRR.FE,0.355120003223419
"Congo, Rep.",COG,1972,"School enrollment, tertiary, female (% gross)",SE.TER.ENRR.FE,0.158759996294975
"Congo, Rep.",COG,1971,"School enrollment, tertiary, female (% gross)",SE.TER.ENRR.FE,0.140839993953705
"Congo, Rep.",COG,2023,"School enrollment, tertiary, male (% gross)",SE.TER.ENRR.MA,12.3934803009033
"Congo, Rep.",COG,2017,"School enrollment, tertiary, male (% gross)",SE.TER.ENRR.MA,14.6907501220703
"Congo, Rep.",COG,2015,"School enrollment, tertiary, male (% gross)",SE.TER.ENRR.MA,13.6801738739014
"Congo, Rep.",COG,2013,"School enrollment, tertiary, male (% gross)",SE.TER.ENRR.MA,9.80020046234131
"Congo, Rep.",COG,2012,"School enrollment, tertiary, male (% gross)",SE.TER.ENRR.MA,11.165789604187
"Congo, Rep.",COG,2011,"School enrollment, tertiary, male (% gross)",SE.TER.ENRR.MA,10.0145196914673
"Congo, Rep.",COG,2009,"School enrollment, tertiary, male (% gross)",SE.TER.ENRR.MA,9.61155033111572
"Congo, Rep.",COG,2003,"School enrollment, tertiary, male (% gross)",SE.TER.ENRR.MA,5.40522003173828
"Congo, Rep.",COG,2002,"School enrollment, tertiary, male (% gross)",SE.TER.ENRR.MA,6.31949996948242
"Congo, Rep.",COG,2001,"School enrollment, tertiary, male (% gross)",SE.TER.ENRR.MA,7.39905023574829
"Congo, Rep.",COG,2000,"School enrollment, tertiary, male (% gross)",SE.TER.ENRR.MA,7.99315977096558
"Congo, Rep.",COG,1999,"School enrollment, tertiary, male (% gross)",SE.TER.ENRR.MA,5.80897998809814
"Congo, Rep.",COG,1992,"School enrollment, tertiary, male (% gross)",SE.TER.ENRR.MA,8.18706035614014
"Congo, Rep.",COG,1991,"School enrollment, tertiary, male (% gross)",SE.TER.ENRR.MA,7.57687997817993
"Congo, Rep.",COG,1990,"School enrollment, tertiary, male (% gross)",SE.TER.ENRR.MA,7.76573991775513
"Congo, Rep.",COG,1989,"School enrollment, tertiary, male (% gross)",SE.TER.ENRR.MA,7.97241020202637
"Congo, Rep.",COG,1988,"School enrollment, tertiary, male (% gross)",SE.TER.ENRR.MA,9.292799949646
"Congo, Rep.",COG,1986,"School enrollment, tertiary, male (% gross)",SE.TER.ENRR.MA,9.07116031646729
"Congo, Rep.",COG,1985,"School enrollment, tertiary, male (% gross)",SE.TER.ENRR.MA,9.22465991973877
"Congo, Rep.",COG,1984,"School enrollment, tertiary, male (% gross)",SE.TER.ENRR.MA,9.19064044952393
"Congo, Rep.",COG,1983,"School enrollment, tertiary, male (% gross)",SE.TER.ENRR.MA,9.17623996734619
"Congo, Rep.",COG,1982,"School enrollment, tertiary, male (% gross)",SE.TER.ENRR.MA,8.93787002563477
"Congo, Rep.",COG,1981,"School enrollment, tertiary, male (% gross)",SE.TER.ENRR.MA,7.41123008728027
"Congo, Rep.",COG,1980,"School enrollment, tertiary, male (% gross)",SE.TER.ENRR.MA,7.29183006286621
"Congo, Rep.",COG,1978,"School enrollment, tertiary, male (% gross)",SE.TER.ENRR.MA,5.25575017929077
"Congo, Rep.",COG,1977,"School enrollment, tertiary, male (% gross)",SE.TER.ENRR.MA,4.53190994262695
"Congo, Rep.",COG,1976,"School enrollment, tertiary, male (% gross)",SE.TER.ENRR.MA,4.09946012496948
"Congo, Rep.",COG,1975,"School enrollment, tertiary, male (% gross)",SE.TER.ENRR.MA,3.93737006187439
"Congo, Rep.",COG,1972,"School enrollment, tertiary, male (% gross)",SE.TER.ENRR.MA,2.17723989486694
"Congo, Rep.",COG,1971,"School enrollment, tertiary, male (% gross)",SE.TER.ENRR.MA,2.79761004447937
"Congo, Rep.",COG,2012,"Women participating in the three decisions (own health care, major household purchases, and visiting family) (% of women age 15-49)",SG.DMK.ALLD.FN.ZS,28.4
"Congo, Rep.",COG,2012,"Women making their own informed decisions regarding sexual relations, contraceptive use and reproductive health care (% of women age 15-49)",SG.DMK.SRCR.FN.ZS,26.8
"Congo, Rep.",COG,2024,Proportion of seats held by women in national parliaments (%),SG.GEN.PARL.ZS,14.5695364238411
"Congo, Rep.",COG,2023,Proportion of seats held by women in national parliaments (%),SG.GEN.PARL.ZS,14.5695364238411
"Congo, Rep.",COG,2022,Proportion of seats held by women in national parliaments (%),SG.GEN.PARL.ZS,14.5695364238411
"Congo, Rep.",COG,2021,Proportion of seats held by women in national parliaments (%),SG.GEN.PARL.ZS,11.2582781456954
"Congo, Rep.",COG,2020,Proportion of seats held by women in national parliaments (%),SG.GEN.PARL.ZS,11.2582781456954
"Congo, Rep.",COG,2019,Proportion of seats held by women in national parliaments (%),SG.GEN.PARL.ZS,11.2582781456954
"Congo, Rep.",COG,2018,Proportion of seats held by women in national parliaments (%),SG.GEN.PARL.ZS,11.2582781456954
"Congo, Rep.",COG,2017,Proportion of seats held by women in national parliaments (%),SG.GEN.PARL.ZS,11.2582781456954
"Congo, Rep.",COG,2016,Proportion of seats held by women in national parliaments (%),SG.GEN.PARL.ZS,7.35294117647059
"Congo, Rep.",COG,2015,Proportion of seats held by women in national parliaments (%),SG.GEN.PARL.ZS,7.35294117647059
"Congo, Rep.",COG,2014,Proportion of seats held by women in national parliaments (%),SG.GEN.PARL.ZS,7.35294117647059
"Congo, Rep.",COG,2013,Proportion of seats held by women in national parliaments (%),SG.GEN.PARL.ZS,7.35294117647059
"Congo, Rep.",COG,2012,Proportion of seats held by women in national parliaments (%),SG.GEN.PARL.ZS,7.35294117647059
"Congo, Rep.",COG,2011,Proportion of seats held by women in national parliaments (%),SG.GEN.PARL.ZS,7.2992700729927
"Congo, Rep.",COG,2010,Proportion of seats held by women in national parliaments (%),SG.GEN.PARL.ZS,7.2992700729927
"Congo, Rep.",COG,2009,Proportion of seats held by women in national parliaments (%),SG.GEN.PARL.ZS,7.2992700729927
"Congo, Rep.",COG,2008,Proportion of seats held by women in national parliaments (%),SG.GEN.PARL.ZS,7.2992700729927
"Congo, Rep.",COG,2007,Proportion of seats held by women in national parliaments (%),SG.GEN.PARL.ZS,7.2992700729927
"Congo, Rep.",COG,2006,Proportion of seats held by women in national parliaments (%),SG.GEN.PARL.ZS,8.52713178294574
"Congo, Rep.",COG,2005,Proportion of seats held by women in national parliaments (%),SG.GEN.PARL.ZS,8.52713178294574
"Congo, Rep.",COG,2004,Proportion of seats held by women in national parliaments (%),SG.GEN.PARL.ZS,8.52713178294574
"Congo, Rep.",COG,2003,Proportion of seats held by women in national parliaments (%),SG.GEN.PARL.ZS,8.52713178294574
"Congo, Rep.",COG,2001,Proportion of seats held by women in national parliaments (%),SG.GEN.PARL.ZS,12
"Congo, Rep.",COG,2000,Proportion of seats held by women in national parliaments (%),SG.GEN.PARL.ZS,12
"Congo, Rep.",COG,1999,Proportion of seats held by women in national parliaments (%),SG.GEN.PARL.ZS,12
"Congo, Rep.",COG,1998,Proportion of seats held by women in national parliaments (%),SG.GEN.PARL.ZS,12
"Congo, Rep.",COG,2023,Women Business and the Law Index Score (scale 1-100),SG.LAW.INDX,58.125
"Congo, Rep.",COG,2022,Women Business and the Law Index Score (scale 1-100),SG.LAW.INDX,58.125
"Congo, Rep.",COG,2021,Women Business and the Law Index Score (scale 1-100),SG.LAW.INDX,49.375
"Congo, Rep.",COG,2020,Women Business and the Law Index Score (scale 1-100),SG.LAW.INDX,49.375
"Congo, Rep.",COG,2019,Women Business and the Law Index Score (scale 1-100),SG.LAW.INDX,49.375
"Congo, Rep.",COG,2018,Women Business and the Law Index Score (scale 1-100),SG.LAW.INDX,49.375
"Congo, Rep.",COG,2017,Women Business and the Law Index Score (scale 1-100),SG.LAW.INDX,49.375
"Congo, Rep.",COG,2016,Women Business and the Law Index Score (scale 1-100),SG.LAW.INDX,49.375
"Congo, Rep.",COG,2015,Women Business and the Law Index Score (scale 1-100),SG.LAW.INDX,49.375
"Congo, Rep.",COG,2014,Women Business and the Law Index Score (scale 1-100),SG.LAW.INDX,49.375
"Congo, Rep.",COG,2013,Women Business and the Law Index Score (scale 1-100),SG.LAW.INDX,49.375
"Congo, Rep.",COG,2012,Women Business and the Law Index Score (scale 1-100),SG.LAW.INDX,49.375
"Congo, Rep.",COG,2011,Women Business and the Law Index Score (scale 1-100),SG.LAW.INDX,49.375
"Congo, Rep.",COG,2010,Women Business and the Law Index Score (scale 1-100),SG.LAW.INDX,49.375
"Congo, Rep.",COG,2009,Women Business and the Law Index Score (scale 1-100),SG.LAW.INDX,49.375
"Congo, Rep.",COG,2008,Women Business and the Law Index Score (scale 1-100),SG.LAW.INDX,49.375
"Congo, Rep.",COG,2007,Women Business and the Law Index Score (scale 1-100),SG.LAW.INDX,49.375
"Congo, Rep.",COG,2006,Women Business and the Law Index Score (scale 1-100),SG.LAW.INDX,49.375
"Congo, Rep.",COG,2005,Women Business and the Law Index Score (scale 1-100),SG.LAW.INDX,49.375
"Congo, Rep.",COG,2004,Women Business and the Law Index Score (scale 1-100),SG.LAW.INDX,49.375
"Congo, Rep.",COG,2003,Women Business and the Law Index Score (scale 1-100),SG.LAW.INDX,49.375
"Congo, Rep.",COG,2002,Women Business and the Law Index Score (scale 1-100),SG.LAW.INDX,49.375
"Congo, Rep.",COG,2001,Women Business and the Law Index Score (scale 1-100),SG.LAW.INDX,49.375
"Congo, Rep.",COG,2000,Women Business and the Law Index Score (scale 1-100),SG.LAW.INDX,49.375
"Congo, Rep.",COG,1999,Women Business and the Law Index Score (scale 1-100),SG.LAW.INDX,49.375
"Congo, Rep.",COG,1998,Women Business and the Law Index Score (scale 1-100),SG.LAW.INDX,49.375
"Congo, Rep.",COG,1997,Women Business and the Law Index Score (scale 1-100),SG.LAW.INDX,49.375
"Congo, Rep.",COG,1996,Women Business and the Law Index Score (scale 1-100),SG.LAW.INDX,49.375
"Congo, Rep.",COG,1995,Women Business and the Law Index Score (scale 1-100),SG.LAW.INDX,49.375
"Congo, Rep.",COG,1994,Women Business and the Law Index Score (scale 1-100),SG.LAW.INDX,49.375
"Congo, Rep.",COG,1993,Women Business and the Law Index Score (scale 1-100),SG.LAW.INDX,49.375
"Congo, Rep.",COG,1992,Women Business and the Law Index Score (scale 1-100),SG.LAW.INDX,49.375
"Congo, Rep.",COG,1991,Women Business and the Law Index Score (scale 1-100),SG.LAW.INDX,49.375
"Congo, Rep.",COG,1990,Women Business and the Law Index Score (scale 1-100),SG.LAW.INDX,49.375
"Congo, Rep.",COG,1989,Women Business and the Law Index Score (scale 1-100),SG.LAW.INDX,49.375
"Congo, Rep.",COG,1988,Women Business and the Law Index Score (scale 1-100),SG.LAW.INDX,49.375
"Congo, Rep.",COG,1987,Women Business and the Law Index Score (scale 1-100),SG.LAW.INDX,49.375
"Congo, Rep.",COG,1986,Women Business and the Law Index Score (scale 1-100),SG.LAW.INDX,49.375
"Congo, Rep.",COG,1985,Women Business and the Law Index Score (scale 1-100),SG.LAW.INDX,46.25
"Congo, Rep.",COG,1984,Women Business and the Law Index Score (scale 1-100),SG.LAW.INDX,40
"Congo, Rep.",COG,1983,Women Business and the Law Index Score (scale 1-100),SG.LAW.INDX,40
"Congo, Rep.",COG,1982,Women Business and the Law Index Score (scale 1-100),SG.LAW.INDX,40
"Congo, Rep.",COG,1981,Women Business and the Law Index Score (scale 1-100),SG.LAW.INDX,40
"Congo, Rep.",COG,1980,Women Business and the Law Index Score (scale 1-100),SG.LAW.INDX,40
"Congo, Rep.",COG,1979,Women Business and the Law Index Score (scale 1-100),SG.LAW.INDX,40
"Congo, Rep.",COG,1978,Women Business and the Law Index Score (scale 1-100),SG.LAW.INDX,40
"Congo, Rep.",COG,1977,Women Business and the Law Index Score (scale 1-100),SG.LAW.INDX,40
"Congo, Rep.",COG,1976,Women Business and the Law Index Score (scale 1-100),SG.LAW.INDX,40
"Congo, Rep.",COG,1975,Women Business and the Law Index Score (scale 1-100),SG.LAW.INDX,40
"Congo, Rep.",COG,1974,Women Business and the Law Index Score (scale 1-100),SG.LAW.INDX,40
"Congo, Rep.",COG,1973,Women Business and the Law Index Score (scale 1-100),SG.LAW.INDX,40
"Congo, Rep.",COG,1972,Women Business and the Law Index Score (scale 1-100),SG.LAW.INDX,40
"Congo, Rep.",COG,1971,Women Business and the Law Index Score (scale 1-100),SG.LAW.INDX,40
"Congo, Rep.",COG,1970,Women Business and the Law Index Score (scale 1-100),SG.LAW.INDX,40
"Congo, Rep.",COG,2012,Women who believe a husband is justified in beating his wife when she goes out without telling him (%),SG.VAW.GOES.ZS,40.8
"Congo, Rep.",COG,2005,Women who believe a husband is justified in beating his wife when she goes out without telling him (%),SG.VAW.GOES.ZS,51.5
"Congo, Rep.",COG,2012,Women who believe a husband is justified in beating his wife when she neglects the children (%),SG.VAW.NEGL.ZS,46.8
"Congo, Rep.",COG,2005,Women who believe a husband is justified in beating his wife when she neglects the children (%),SG.VAW.NEGL.ZS,54.6
"Congo, Rep.",COG,2012,Women who believe a husband is justified in beating his wife (any of five reasons) (%),SG.VAW.REAS.ZS,60.7
"Congo, Rep.",COG,2005,Women who believe a husband is justified in beating his wife (any of five reasons) (%),SG.VAW.REAS.ZS,67.4
"Congo, Rep.",COG,2012,Women who believe a husband is justified in beating his wife when she refuses sex with him (%),SG.VAW.REFU.ZS,26.3
"Congo, Rep.",COG,2005,Women who believe a husband is justified in beating his wife when she refuses sex with him (%),SG.VAW.REFU.ZS,35
"Congo, Rep.",COG,2012,"Condom use, population ages 15-24, female (% of females ages 15-24)",SH.CON.1524.FE.ZS,29.9
"Congo, Rep.",COG,2009,"Condom use, population ages 15-24, female (% of females ages 15-24)",SH.CON.1524.FE.ZS,21.6
"Congo, Rep.",COG,2005,"Condom use, population ages 15-24, female (% of females ages 15-24)",SH.CON.1524.FE.ZS,15.7
"Congo, Rep.",COG,2012,"Condom use, population ages 15-24, male (% of males ages 15-24)",SH.CON.1524.MA.ZS,51.1
"Congo, Rep.",COG,2009,"Condom use, population ages 15-24, male (% of males ages 15-24)",SH.CON.1524.MA.ZS,39.8
"Congo, Rep.",COG,2005,"Condom use, population ages 15-24, male (% of males ages 15-24)",SH.CON.1524.MA.ZS,35.7
"Congo, Rep.",COG,2022,Women's share of population ages 15+ living with HIV (%),SH.DYN.AIDS.FE.ZS,68.3400131331658
"Congo, Rep.",COG,2021,Women's share of population ages 15+ living with HIV (%),SH.DYN.AIDS.FE.ZS,68.031302599775
"Congo, Rep.",COG,2020,Women's share of population ages 15+ living with HIV (%),SH.DYN.AIDS.FE.ZS,67.6737109469961
"Congo, Rep.",COG,2019,Women's share of population ages 15+ living with HIV (%),SH.DYN.AIDS.FE.ZS,67.2006222198918
"Congo, Rep.",COG,2018,Women's share of population ages 15+ living with HIV (%),SH.DYN.AIDS.FE.ZS,66.6930096213047
"Congo, Rep.",COG,2017,Women's share of population ages 15+ living with HIV (%),SH.DYN.AIDS.FE.ZS,66.2088360352059
"Congo, Rep.",COG,2016,Women's share of population ages 15+ living with HIV (%),SH.DYN.AIDS.FE.ZS,65.7431737119222
"Congo, Rep.",COG,2015,Women's share of population ages 15+ living with HIV (%),SH.DYN.AIDS.FE.ZS,65.3122468899919
"Congo, Rep.",COG,2014,Women's share of population ages 15+ living with HIV (%),SH.DYN.AIDS.FE.ZS,64.9452235586982
"Congo, Rep.",COG,2013,Women's share of population ages 15+ living with HIV (%),SH.DYN.AIDS.FE.ZS,64.6115647759876
"Congo, Rep.",COG,2012,Women's share of population ages 15+ living with HIV (%),SH.DYN.AIDS.FE.ZS,64.3337727871983
"Congo, Rep.",COG,2011,Women's share of population ages 15+ living with HIV (%),SH.DYN.AIDS.FE.ZS,64.1477093851661
"Congo, Rep.",COG,2010,Women's share of population ages 15+ living with HIV (%),SH.DYN.AIDS.FE.ZS,64.1294626670856
"Congo, Rep.",COG,2009,Women's share of population ages 15+ living with HIV (%),SH.DYN.AIDS.FE.ZS,64.2839287053471
"Congo, Rep.",COG,2008,Women's share of population ages 15+ living with HIV (%),SH.DYN.AIDS.FE.ZS,64.4134234630615
"Congo, Rep.",COG,2007,Women's share of population ages 15+ living with HIV (%),SH.DYN.AIDS.FE.ZS,64.5826251308758
"Congo, Rep.",COG,2006,Women's share of population ages 15+ living with HIV (%),SH.DYN.AIDS.FE.ZS,64.6819048149024
"Congo, Rep.",COG,2005,Women's share of population ages 15+ living with HIV (%),SH.DYN.AIDS.FE.ZS,64.7664043488779
"Congo, Rep.",COG,2004,Women's share of population ages 15+ living with HIV (%),SH.DYN.AIDS.FE.ZS,64.8097327600123
"Congo, Rep.",COG,2003,Women's share of population ages 15+ living with HIV (%),SH.DYN.AIDS.FE.ZS,64.7642274004788
"Congo, Rep.",COG,2002,Women's share of population ages 15+ living with HIV (%),SH.DYN.AIDS.FE.ZS,64.6937662809717
"Congo, Rep.",COG,2001,Women's share of population ages 15+ living with HIV (%),SH.DYN.AIDS.FE.ZS,64.5911017266424
"Congo, Rep.",COG,2000,Women's share of population ages 15+ living with HIV (%),SH.DYN.AIDS.FE.ZS,64.423689867319
"Congo, Rep.",COG,1999,Women's share of population ages 15+ living with HIV (%),SH.DYN.AIDS.FE.ZS,64.1662395750827
"Congo, Rep.",COG,1998,Women's share of population ages 15+ living with HIV (%),SH.DYN.AIDS.FE.ZS,63.8982492986223
"Congo, Rep.",COG,1997,Women's share of population ages 15+ living with HIV (%),SH.DYN.AIDS.FE.ZS,63.532304155558
"Congo, Rep.",COG,1996,Women's share of population ages 15+ living with HIV (%),SH.DYN.AIDS.FE.ZS,62.9646576207005
"Congo, Rep.",COG,1995,Women's share of population ages 15+ living with HIV (%),SH.DYN.AIDS.FE.ZS,62.5598411707255
"Congo, Rep.",COG,1994,Women's share of population ages 15+ living with HIV (%),SH.DYN.AIDS.FE.ZS,62.108243457768
"Congo, Rep.",COG,1993,Women's share of population ages 15+ living with HIV (%),SH.DYN.AIDS.FE.ZS,61.6367124394184
"Congo, Rep.",COG,1992,Women's share of population ages 15+ living with HIV (%),SH.DYN.AIDS.FE.ZS,61.112780891427
"Congo, Rep.",COG,1991,Women's share of population ages 15+ living with HIV (%),SH.DYN.AIDS.FE.ZS,60.5441027374113
"Congo, Rep.",COG,1990,Women's share of population ages 15+ living with HIV (%),SH.DYN.AIDS.FE.ZS,59.9035089497476
"Congo, Rep.",COG,2022,"Prevalence of HIV, female (% ages 15-24)",SH.HIV.1524.FE.ZS,3.6
"Congo, Rep.",COG,2021,"Prevalence of HIV, female (% ages 15-24)",SH.HIV.1524.FE.ZS,3.4
"Congo, Rep.",COG,2020,"Prevalence of HIV, female (% ages 15-24)",SH.HIV.1524.FE.ZS,3.3
"Congo, Rep.",COG,2019,"Prevalence of HIV, female (% ages 15-24)",SH.HIV.1524.FE.ZS,3.2
"Congo, Rep.",COG,2018,"Prevalence of HIV, female (% ages 15-24)",SH.HIV.1524.FE.ZS,3.1
"Congo, Rep.",COG,2017,"Prevalence of HIV, female (% ages 15-24)",SH.HIV.1524.FE.ZS,3
"Congo, Rep.",COG,2016,"Prevalence of HIV, female (% ages 15-24)",SH.HIV.1524.FE.ZS,2.9
"Congo, Rep.",COG,2015,"Prevalence of HIV, female (% ages 15-24)",SH.HIV.1524.FE.ZS,2.8
"Congo, Rep.",COG,2014,"Prevalence of HIV, female (% ages 15-24)",SH.HIV.1524.FE.ZS,2.7
"Congo, Rep.",COG,2013,"Prevalence of HIV, female (% ages 15-24)",SH.HIV.1524.FE.ZS,2.6
"Congo, Rep.",COG,2012,"Prevalence of HIV, female (% ages 15-24)",SH.HIV.1524.FE.ZS,2.5
"Congo, Rep.",COG,2011,"Prevalence of HIV, female (% ages 15-24)",SH.HIV.1524.FE.ZS,2.5
"Congo, Rep.",COG,2010,"Prevalence of HIV, female (% ages 15-24)",SH.HIV.1524.FE.ZS,2.5
"Congo, Rep.",COG,2009,"Prevalence of HIV, female (% ages 15-24)",SH.HIV.1524.FE.ZS,2.5
"Congo, Rep.",COG,2008,"Prevalence of HIV, female (% ages 15-24)",SH.HIV.1524.FE.ZS,2.5
"Congo, Rep.",COG,2007,"Prevalence of HIV, female (% ages 15-24)",SH.HIV.1524.FE.ZS,2.5
"Congo, Rep.",COG,2006,"Prevalence of HIV, female (% ages 15-24)",SH.HIV.1524.FE.ZS,2.5
"Congo, Rep.",COG,2005,"Prevalence of HIV, female (% ages 15-24)",SH.HIV.1524.FE.ZS,2.6
"Congo, Rep.",COG,2004,"Prevalence of HIV, female (% ages 15-24)",SH.HIV.1524.FE.ZS,2.6
"Congo, Rep.",COG,2003,"Prevalence of HIV, female (% ages 15-24)",SH.HIV.1524.FE.ZS,2.6
"Congo, Rep.",COG,2002,"Prevalence of HIV, female (% ages 15-24)",SH.HIV.1524.FE.ZS,2.6
"Congo, Rep.",COG,2001,"Prevalence of HIV, female (% ages 15-24)",SH.HIV.1524.FE.ZS,2.7
"Congo, Rep.",COG,2000,"Prevalence of HIV, female (% ages 15-24)",SH.HIV.1524.FE.ZS,2.9
"Congo, Rep.",COG,1999,"Prevalence of HIV, female (% ages 15-24)",SH.HIV.1524.FE.ZS,3
"Congo, Rep.",COG,1998,"Prevalence of HIV, female (% ages 15-24)",SH.HIV.1524.FE.ZS,3.1
"Congo, Rep.",COG,1997,"Prevalence of HIV, female (% ages 15-24)",SH.HIV.1524.FE.ZS,3.2
"Congo, Rep.",COG,1996,"Prevalence of HIV, female (% ages 15-24)",SH.HIV.1524.FE.ZS,3.4
"Congo, Rep.",COG,1995,"Prevalence of HIV, female (% ages 15-24)",SH.HIV.1524.FE.ZS,3.7
"Congo, Rep.",COG,1994,"Prevalence of HIV, female (% ages 15-24)",SH.HIV.1524.FE.ZS,3.9
"Congo, Rep.",COG,1993,"Prevalence of HIV, female (% ages 15-24)",SH.HIV.1524.FE.ZS,4.1
"Congo, Rep.",COG,1992,"Prevalence of HIV, female (% ages 15-24)",SH.HIV.1524.FE.ZS,4.3
"Congo, Rep.",COG,1991,"Prevalence of HIV, female (% ages 15-24)",SH.HIV.1524.FE.ZS,4.4
"Congo, Rep.",COG,1990,"Prevalence of HIV, female (% ages 15-24)",SH.HIV.1524.FE.ZS,4.4
"Congo, Rep.",COG,2022,"Prevalence of HIV, male (% ages 15-24)",SH.HIV.1524.MA.ZS,0.7
"Congo, Rep.",COG,2021,"Prevalence of HIV, male (% ages 15-24)",SH.HIV.1524.MA.ZS,0.7
"Congo, Rep.",COG,2020,"Prevalence of HIV, male (% ages 15-24)",SH.HIV.1524.MA.ZS,0.7
"Congo, Rep.",COG,2019,"Prevalence of HIV, male (% ages 15-24)",SH.HIV.1524.MA.ZS,0.7
"Congo, Rep.",COG,2018,"Prevalence of HIV, male (% ages 15-24)",SH.HIV.1524.MA.ZS,0.7
"Congo, Rep.",COG,2017,"Prevalence of HIV, male (% ages 15-24)",SH.HIV.1524.MA.ZS,0.7
"Congo, Rep.",COG,2016,"Prevalence of HIV, male (% ages 15-24)",SH.HIV.1524.MA.ZS,0.7
"Congo, Rep.",COG,2015,"Prevalence of HIV, male (% ages 15-24)",SH.HIV.1524.MA.ZS,0.7
"Congo, Rep.",COG,2014,"Prevalence of HIV, male (% ages 15-24)",SH.HIV.1524.MA.ZS,0.7
"Congo, Rep.",COG,2013,"Prevalence of HIV, male (% ages 15-24)",SH.HIV.1524.MA.ZS,0.7
"Congo, Rep.",COG,2012,"Prevalence of HIV, male (% ages 15-24)",SH.HIV.1524.MA.ZS,0.7
"Congo, Rep.",COG,2011,"Prevalence of HIV, male (% ages 15-24)",SH.HIV.1524.MA.ZS,0.7
"Congo, Rep.",COG,2010,"Prevalence of HIV, male (% ages 15-24)",SH.HIV.1524.MA.ZS,0.7
"Congo, Rep.",COG,2009,"Prevalence of HIV, male (% ages 15-24)",SH.HIV.1524.MA.ZS,0.7
"Congo, Rep.",COG,2008,"Prevalence of HIV, male (% ages 15-24)",SH.HIV.1524.MA.ZS,0.7
"Congo, Rep.",COG,2007,"Prevalence of HIV, male (% ages 15-24)",SH.HIV.1524.MA.ZS,0.6
"Congo, Rep.",COG,2006,"Prevalence of HIV, male (% ages 15-24)",SH.HIV.1524.MA.ZS,0.6
"Congo, Rep.",COG,2005,"Prevalence of HIV, male (% ages 15-24)",SH.HIV.1524.MA.ZS,0.6
"Congo, Rep.",COG,2004,"Prevalence of HIV, male (% ages 15-24)",SH.HIV.1524.MA.ZS,0.6
"Congo, Rep.",COG,2003,"Prevalence of HIV, male (% ages 15-24)",SH.HIV.1524.MA.ZS,0.6
"Congo, Rep.",COG,2002,"Prevalence of HIV, male (% ages 15-24)",SH.HIV.1524.MA.ZS,0.6
"Congo, Rep.",COG,2001,"Prevalence of HIV, male (% ages 15-24)",SH.HIV.1524.MA.ZS,0.5
"Congo, Rep.",COG,2000,"Prevalence of HIV, male (% ages 15-24)",SH.HIV.1524.MA.ZS,0.6
"Congo, Rep.",COG,1999,"Prevalence of HIV, male (% ages 15-24)",SH.HIV.1524.MA.ZS,0.6
"Congo, Rep.",COG,1998,"Prevalence of HIV, male (% ages 15-24)",SH.HIV.1524.MA.ZS,0.6
"Congo, Rep.",COG,1997,"Prevalence of HIV, male (% ages 15-24)",SH.HIV.1524.MA.ZS,0.6
"Congo, Rep.",COG,1996,"Prevalence of HIV, male (% ages 15-24)",SH.HIV.1524.MA.ZS,0.6
"Congo, Rep.",COG,1995,"Prevalence of HIV, male (% ages 15-24)",SH.HIV.1524.MA.ZS,0.7
"Congo, Rep.",COG,1994,"Prevalence of HIV, male (% ages 15-24)",SH.HIV.1524.MA.ZS,0.7
"Congo, Rep.",COG,1993,"Prevalence of HIV, male (% ages 15-24)",SH.HIV.1524.MA.ZS,0.8
"Congo, Rep.",COG,1992,"Prevalence of HIV, male (% ages 15-24)",SH.HIV.1524.MA.ZS,0.8
"Congo, Rep.",COG,1991,"Prevalence of HIV, male (% ages 15-24)",SH.HIV.1524.MA.ZS,0.9
"Congo, Rep.",COG,1990,"Prevalence of HIV, male (% ages 15-24)",SH.HIV.1524.MA.ZS,1
"Congo, Rep.",COG,2023,Lifetime risk of maternal death (1 in: rate varies by country),SH.MMR.RISK,104
"Congo, Rep.",COG,2022,Lifetime risk of maternal death (1 in: rate varies by country),SH.MMR.RISK,103
"Congo, Rep.",COG,2021,Lifetime risk of maternal death (1 in: rate varies by country),SH.MMR.RISK,81
"Congo, Rep.",COG,2020,Lifetime risk of maternal death (1 in: rate varies by country),SH.MMR.RISK,97
"Congo, Rep.",COG,2019,Lifetime risk of maternal death (1 in: rate varies by country),SH.MMR.RISK,97
"Congo, Rep.",COG,2018,Lifetime risk of maternal death (1 in: rate varies by country),SH.MMR.RISK,90
"Congo, Rep.",COG,2017,Lifetime risk of maternal death (1 in: rate varies by country),SH.MMR.RISK,88
"Congo, Rep.",COG,2016,Lifetime risk of maternal death (1 in: rate varies by country),SH.MMR.RISK,86
"Congo, Rep.",COG,2015,Lifetime risk of maternal death (1 in: rate varies by country),SH.MMR.RISK,78
"Congo, Rep.",COG,2014,Lifetime risk of maternal death (1 in: rate varies by country),SH.MMR.RISK,72
"Congo, Rep.",COG,2013,Lifetime risk of maternal death (1 in: rate varies by country),SH.MMR.RISK,67
"Congo, Rep.",COG,2012,Lifetime risk of maternal death (1 in: rate varies by country),SH.MMR.RISK,56
"Congo, Rep.",COG,2011,Lifetime risk of maternal death (1 in: rate varies by country),SH.MMR.RISK,55
"Congo, Rep.",COG,2010,Lifetime risk of maternal death (1 in: rate varies by country),SH.MMR.RISK,54
"Congo, Rep.",COG,2009,Lifetime risk of maternal death (1 in: rate varies by country),SH.MMR.RISK,52
"Congo, Rep.",COG,2008,Lifetime risk of maternal death (1 in: rate varies by country),SH.MMR.RISK,54
"Congo, Rep.",COG,2007,Lifetime risk of maternal death (1 in: rate varies by country),SH.MMR.RISK,59
"Congo, Rep.",COG,2006,Lifetime risk of maternal death (1 in: rate varies by country),SH.MMR.RISK,56
"Congo, Rep.",COG,2005,Lifetime risk of maternal death (1 in: rate varies by country),SH.MMR.RISK,57
"Congo, Rep.",COG,2004,Lifetime risk of maternal death (1 in: rate varies by country),SH.MMR.RISK,55
"Congo, Rep.",COG,2003,Lifetime risk of maternal death (1 in: rate varies by country),SH.MMR.RISK,50
"Congo, Rep.",COG,2002,Lifetime risk of maternal death (1 in: rate varies by country),SH.MMR.RISK,47
"Congo, Rep.",COG,2001,Lifetime risk of maternal death (1 in: rate varies by country),SH.MMR.RISK,45
"Congo, Rep.",COG,2000,Lifetime risk of maternal death (1 in: rate varies by country),SH.MMR.RISK,44
"Congo, Rep.",COG,1999,Lifetime risk of maternal death (1 in: rate varies by country),SH.MMR.RISK,39
"Congo, Rep.",COG,1998,Lifetime risk of maternal death (1 in: rate varies by country),SH.MMR.RISK,36
"Congo, Rep.",COG,1997,Lifetime risk of maternal death (1 in: rate varies by country),SH.MMR.RISK,32
"Congo, Rep.",COG,1996,Lifetime risk of maternal death (1 in: rate varies by country),SH.MMR.RISK,38
"Congo, Rep.",COG,1995,Lifetime risk of maternal death (1 in: rate varies by country),SH.MMR.RISK,37
"Congo, Rep.",COG,1994,Lifetime risk of maternal death (1 in: rate varies by country),SH.MMR.RISK,37
"Congo, Rep.",COG,1993,Lifetime risk of maternal death (1 in: rate varies by country),SH.MMR.RISK,37
"Congo, Rep.",COG,1992,Lifetime risk of maternal death (1 in: rate varies by country),SH.MMR.RISK,37
"Congo, Rep.",COG,1991,Lifetime risk of maternal death (1 in: rate varies by country),SH.MMR.RISK,38
"Congo, Rep.",COG,1990,Lifetime risk of maternal death (1 in: rate varies by country),SH.MMR.RISK,39
"Congo, Rep.",COG,1989,Lifetime risk of maternal death (1 in: rate varies by country),SH.MMR.RISK,38
"Congo, Rep.",COG,1988,Lifetime risk of maternal death (1 in: rate varies by country),SH.MMR.RISK,38
"Congo, Rep.",COG,1987,Lifetime risk of maternal death (1 in: rate varies by country),SH.MMR.RISK,37
"Congo, Rep.",COG,1986,Lifetime risk of maternal death (1 in: rate varies by country),SH.MMR.RISK,35
"Congo, Rep.",COG,1985,Lifetime risk of maternal death (1 in: rate varies by country),SH.MMR.RISK,34
"Congo, Rep.",COG,2023,Lifetime risk of maternal death (%),SH.MMR.RISK.ZS,0.963748162029176
"Congo, Rep.",COG,2022,Lifetime risk of maternal death (%),SH.MMR.RISK.ZS,0.974435802699557
"Congo, Rep.",COG,2021,Lifetime risk of maternal death (%),SH.MMR.RISK.ZS,1.23725536601688
"Congo, Rep.",COG,2020,Lifetime risk of maternal death (%),SH.MMR.RISK.ZS,1.02960882669619
"Congo, Rep.",COG,2019,Lifetime risk of maternal death (%),SH.MMR.RISK.ZS,1.0258263215901
"Congo, Rep.",COG,2018,Lifetime risk of maternal death (%),SH.MMR.RISK.ZS,1.11137383013682
"Congo, Rep.",COG,2017,Lifetime risk of maternal death (%),SH.MMR.RISK.ZS,1.14217694578404
"Congo, Rep.",COG,2016,Lifetime risk of maternal death (%),SH.MMR.RISK.ZS,1.1636413427659
"Congo, Rep.",COG,2015,Lifetime risk of maternal death (%),SH.MMR.RISK.ZS,1.28161041078171
"Congo, Rep.",COG,2014,Lifetime risk of maternal death (%),SH.MMR.RISK.ZS,1.38656658476907
"Congo, Rep.",COG,2013,Lifetime risk of maternal death (%),SH.MMR.RISK.ZS,1.49654744381748
"Congo, Rep.",COG,2012,Lifetime risk of maternal death (%),SH.MMR.RISK.ZS,1.77618784261444
"Congo, Rep.",COG,2011,Lifetime risk of maternal death (%),SH.MMR.RISK.ZS,1.80719992051945
"Congo, Rep.",COG,2010,Lifetime risk of maternal death (%),SH.MMR.RISK.ZS,1.83632128097838
"Congo, Rep.",COG,2009,Lifetime risk of maternal death (%),SH.MMR.RISK.ZS,1.9403808160239
"Congo, Rep.",COG,2008,Lifetime risk of maternal death (%),SH.MMR.RISK.ZS,1.84856438588124
"Congo, Rep.",COG,2007,Lifetime risk of maternal death (%),SH.MMR.RISK.ZS,1.69158069323364
"Congo, Rep.",COG,2006,Lifetime risk of maternal death (%),SH.MMR.RISK.ZS,1.79205430119749
"Congo, Rep.",COG,2005,Lifetime risk of maternal death (%),SH.MMR.RISK.ZS,1.75197101064906
"Congo, Rep.",COG,2004,Lifetime risk of maternal death (%),SH.MMR.RISK.ZS,1.82710490127641
"Congo, Rep.",COG,2003,Lifetime risk of maternal death (%),SH.MMR.RISK.ZS,1.9854545647698
"Congo, Rep.",COG,2002,Lifetime risk of maternal death (%),SH.MMR.RISK.ZS,2.1368936255587
"Congo, Rep.",COG,2001,Lifetime risk of maternal death (%),SH.MMR.RISK.ZS,2.23022484754922
"Congo, Rep.",COG,2000,Lifetime risk of maternal death (%),SH.MMR.RISK.ZS,2.2856413469416
"Congo, Rep.",COG,1999,Lifetime risk of maternal death (%),SH.MMR.RISK.ZS,2.57269127044414
"Congo, Rep.",COG,1998,Lifetime risk of maternal death (%),SH.MMR.RISK.ZS,2.81337140354154
"Congo, Rep.",COG,1997,Lifetime risk of maternal death (%),SH.MMR.RISK.ZS,3.12691093203146
"Congo, Rep.",COG,1996,Lifetime risk of maternal death (%),SH.MMR.RISK.ZS,2.65502960484407
"Congo, Rep.",COG,1995,Lifetime risk of maternal death (%),SH.MMR.RISK.ZS,2.70025815420647
"Congo, Rep.",COG,1994,Lifetime risk of maternal death (%),SH.MMR.RISK.ZS,2.72408670953112
"Congo, Rep.",COG,1993,Lifetime risk of maternal death (%),SH.MMR.RISK.ZS,2.68477622695216
"Congo, Rep.",COG,1992,Lifetime risk of maternal death (%),SH.MMR.RISK.ZS,2.66837120218089
"Congo, Rep.",COG,1991,Lifetime risk of maternal death (%),SH.MMR.RISK.ZS,2.60252910780222
"Congo, Rep.",COG,1990,Lifetime risk of maternal death (%),SH.MMR.RISK.ZS,2.57958503376135
"Congo, Rep.",COG,1989,Lifetime risk of maternal death (%),SH.MMR.RISK.ZS,2.61283109880829
"Congo, Rep.",COG,1988,Lifetime risk of maternal death (%),SH.MMR.RISK.ZS,2.66090907290069
"Congo, Rep.",COG,1987,Lifetime risk of maternal death (%),SH.MMR.RISK.ZS,2.73347334687143
"Congo, Rep.",COG,1986,Lifetime risk of maternal death (%),SH.MMR.RISK.ZS,2.83834883020301
"Congo, Rep.",COG,1985,Lifetime risk of maternal death (%),SH.MMR.RISK.ZS,2.93091803035241
"Congo, Rep.",COG,2022,"Prevalence of current tobacco use, females (% of female adults)",SH.PRV.SMOK.FE,2.1
"Congo, Rep.",COG,2021,"Prevalence of current tobacco use, females (% of female adults)",SH.PRV.SMOK.FE,2.1
"Congo, Rep.",COG,2020,"Prevalence of current tobacco use, females (% of female adults)",SH.PRV.SMOK.FE,2.2
"Congo, Rep.",COG,2015,"Prevalence of current tobacco use, females (% of female adults)",SH.PRV.SMOK.FE,2.8
"Congo, Rep.",COG,2010,"Prevalence of current tobacco use, females (% of female adults)",SH.PRV.SMOK.FE,3.5
"Congo, Rep.",COG,2007,"Prevalence of current tobacco use, females (% of female adults)",SH.PRV.SMOK.FE,4
"Congo, Rep.",COG,2005,"Prevalence of current tobacco use, females (% of female adults)",SH.PRV.SMOK.FE,4.5
"Congo, Rep.",COG,2000,"Prevalence of current tobacco use, females (% of female adults)",SH.PRV.SMOK.FE,5.7
"Congo, Rep.",COG,2022,"Prevalence of current tobacco use, males (% of male adults)",SH.PRV.SMOK.MA,28.8
"Congo, Rep.",COG,2021,"Prevalence of current tobacco use, males (% of male adults)",SH.PRV.SMOK.MA,28.2
"Congo, Rep.",COG,2020,"Prevalence of current tobacco use, males (% of male adults)",SH.PRV.SMOK.MA,27.5
"Congo, Rep.",COG,2015,"Prevalence of current tobacco use, males (% of male adults)",SH.PRV.SMOK.MA,24.8
"Congo, Rep.",COG,2010,"Prevalence of current tobacco use, males (% of male adults)",SH.PRV.SMOK.MA,22.5
"Congo, Rep.",COG,2007,"Prevalence of current tobacco use, males (% of male adults)",SH.PRV.SMOK.MA,21.3
"Congo, Rep.",COG,2005,"Prevalence of current tobacco use, males (% of male adults)",SH.PRV.SMOK.MA,20.7
"Congo, Rep.",COG,2000,"Prevalence of current tobacco use, males (% of male adults)",SH.PRV.SMOK.MA,19
"Congo, Rep.",COG,2015,Pregnant women receiving prenatal care (%),SH.STA.ANVC.ZS,93.5
"Congo, Rep.",COG,2012,Pregnant women receiving prenatal care (%),SH.STA.ANVC.ZS,92.6
"Congo, Rep.",COG,2005,Pregnant women receiving prenatal care (%),SH.STA.ANVC.ZS,85.8
"Congo, Rep.",COG,2015,Births attended by skilled health staff (% of total),SH.STA.BRTC.ZS,91.2
"Congo, Rep.",COG,2012,Births attended by skilled health staff (% of total),SH.STA.BRTC.ZS,92.5
"Congo, Rep.",COG,2005,Births attended by skilled health staff (% of total),SH.STA.BRTC.ZS,83.4
"Congo, Rep.",COG,2014,"Prevalence of underweight, weight for age, female (% of children under 5)",SH.STA.MALN.FE.ZS,11.2
"Congo, Rep.",COG,2011,"Prevalence of underweight, weight for age, female (% of children under 5)",SH.STA.MALN.FE.ZS,10.3
"Congo, Rep.",COG,2005,"Prevalence of underweight, weight for age, female (% of children under 5)",SH.STA.MALN.FE.ZS,10.7
"Congo, Rep.",COG,2014,"Prevalence of underweight, weight for age, male (% of children under 5)",SH.STA.MALN.MA.ZS,13.3
"Congo, Rep.",COG,2011,"Prevalence of underweight, weight for age, male (% of children under 5)",SH.STA.MALN.MA.ZS,13.3
"Congo, Rep.",COG,2005,"Prevalence of underweight, weight for age, male (% of children under 5)",SH.STA.MALN.MA.ZS,13
"Congo, Rep.",COG,2023,"Maternal mortality ratio (modeled estimate, per 100,000 live births)",SH.STA.MMRT,241
"Congo, Rep.",COG,2022,"Maternal mortality ratio (modeled estimate, per 100,000 live births)",SH.STA.MMRT,241
"Congo, Rep.",COG,2021,"Maternal mortality ratio (modeled estimate, per 100,000 live births)",SH.STA.MMRT,301
"Congo, Rep.",COG,2020,"Maternal mortality ratio (modeled estimate, per 100,000 live births)",SH.STA.MMRT,247
"Congo, Rep.",COG,2019,"Maternal mortality ratio (modeled estimate, per 100,000 live births)",SH.STA.MMRT,245
"Congo, Rep.",COG,2018,"Maternal mortality ratio (modeled estimate, per 100,000 live births)",SH.STA.MMRT,259
"Congo, Rep.",COG,2017,"Maternal mortality ratio (modeled estimate, per 100,000 live births)",SH.STA.MMRT,262
"Congo, Rep.",COG,2016,"Maternal mortality ratio (modeled estimate, per 100,000 live births)",SH.STA.MMRT,263
"Congo, Rep.",COG,2015,"Maternal mortality ratio (modeled estimate, per 100,000 live births)",SH.STA.MMRT,284
"Congo, Rep.",COG,2014,"Maternal mortality ratio (modeled estimate, per 100,000 live births)",SH.STA.MMRT,302
"Congo, Rep.",COG,2013,"Maternal mortality ratio (modeled estimate, per 100,000 live births)",SH.STA.MMRT,320
"Congo, Rep.",COG,2012,"Maternal mortality ratio (modeled estimate, per 100,000 live births)",SH.STA.MMRT,374
"Congo, Rep.",COG,2011,"Maternal mortality ratio (modeled estimate, per 100,000 live births)",SH.STA.MMRT,378
"Congo, Rep.",COG,2010,"Maternal mortality ratio (modeled estimate, per 100,000 live births)",SH.STA.MMRT,382
"Congo, Rep.",COG,2009,"Maternal mortality ratio (modeled estimate, per 100,000 live births)",SH.STA.MMRT,414
"Congo, Rep.",COG,2008,"Maternal mortality ratio (modeled estimate, per 100,000 live births)",SH.STA.MMRT,395
"Congo, Rep.",COG,2007,"Maternal mortality ratio (modeled estimate, per 100,000 live births)",SH.STA.MMRT,370
"Congo, Rep.",COG,2006,"Maternal mortality ratio (modeled estimate, per 100,000 live births)",SH.STA.MMRT,394
"Congo, Rep.",COG,2005,"Maternal mortality ratio (modeled estimate, per 100,000 live births)",SH.STA.MMRT,385
"Congo, Rep.",COG,2004,"Maternal mortality ratio (modeled estimate, per 100,000 live births)",SH.STA.MMRT,400
"Congo, Rep.",COG,2003,"Maternal mortality ratio (modeled estimate, per 100,000 live births)",SH.STA.MMRT,436
"Congo, Rep.",COG,2002,"Maternal mortality ratio (modeled estimate, per 100,000 live births)",SH.STA.MMRT,464
"Congo, Rep.",COG,2001,"Maternal mortality ratio (modeled estimate, per 100,000 live births)",SH.STA.MMRT,489
"Congo, Rep.",COG,2000,"Maternal mortality ratio (modeled estimate, per 100,000 live births)",SH.STA.MMRT,509
"Congo, Rep.",COG,1999,"Maternal mortality ratio (modeled estimate, per 100,000 live births)",SH.STA.MMRT,554
"Congo, Rep.",COG,1998,"Maternal mortality ratio (modeled estimate, per 100,000 live births)",SH.STA.MMRT,597
"Congo, Rep.",COG,1997,"Maternal mortality ratio (modeled estimate, per 100,000 live births)",SH.STA.MMRT,650
"Congo, Rep.",COG,1996,"Maternal mortality ratio (modeled estimate, per 100,000 live births)",SH.STA.MMRT,545
"Congo, Rep.",COG,1995,"Maternal mortality ratio (modeled estimate, per 100,000 live births)",SH.STA.MMRT,551
"Congo, Rep.",COG,1994,"Maternal mortality ratio (modeled estimate, per 100,000 live births)",SH.STA.MMRT,551
"Congo, Rep.",COG,1993,"Maternal mortality ratio (modeled estimate, per 100,000 live births)",SH.STA.MMRT,541
"Congo, Rep.",COG,1992,"Maternal mortality ratio (modeled estimate, per 100,000 live births)",SH.STA.MMRT,531
"Congo, Rep.",COG,1991,"Maternal mortality ratio (modeled estimate, per 100,000 live births)",SH.STA.MMRT,514
"Congo, Rep.",COG,1990,"Maternal mortality ratio (modeled estimate, per 100,000 live births)",SH.STA.MMRT,505
"Congo, Rep.",COG,1989,"Maternal mortality ratio (modeled estimate, per 100,000 live births)",SH.STA.MMRT,506
"Congo, Rep.",COG,1988,"Maternal mortality ratio (modeled estimate, per 100,000 live births)",SH.STA.MMRT,510
"Congo, Rep.",COG,1987,"Maternal mortality ratio (modeled estimate, per 100,000 live births)",SH.STA.MMRT,519
"Congo, Rep.",COG,1986,"Maternal mortality ratio (modeled estimate, per 100,000 live births)",SH.STA.MMRT,535
"Congo, Rep.",COG,1985,"Maternal mortality ratio (modeled estimate, per 100,000 live births)",SH.STA.MMRT,546
"Congo, Rep.",COG,2015,"Maternal mortality ratio (national estimate, per 100,000 live births)",SH.STA.MMRT.NE,605
"Congo, Rep.",COG,2011,"Maternal mortality ratio (national estimate, per 100,000 live births)",SH.STA.MMRT.NE,457
"Congo, Rep.",COG,2005,"Maternal mortality ratio (national estimate, per 100,000 live births)",SH.STA.MMRT.NE,928
"Congo, Rep.",COG,2023,"Employment in agriculture, female (% of female employment) (modeled ILO estimate)",SL.AGR.EMPL.FE.ZS,29.8802687424108
"Congo, Rep.",COG,2022,"Employment in agriculture, female (% of female employment) (modeled ILO estimate)",SL.AGR.EMPL.FE.ZS,30.3377367856055
"Congo, Rep.",COG,2021,"Employment in agriculture, female (% of female employment) (modeled ILO estimate)",SL.AGR.EMPL.FE.ZS,31.0629339510152
"Congo, Rep.",COG,2020,"Employment in agriculture, female (% of female employment) (modeled ILO estimate)",SL.AGR.EMPL.FE.ZS,31.0104339383696
"Congo, Rep.",COG,2019,"Employment in agriculture, female (% of female employment) (modeled ILO estimate)",SL.AGR.EMPL.FE.ZS,30.8663022264241
"Congo, Rep.",COG,2018,"Employment in agriculture, female (% of female employment) (modeled ILO estimate)",SL.AGR.EMPL.FE.ZS,31.5105103003598
"Congo, Rep.",COG,2017,"Employment in agriculture, female (% of female employment) (modeled ILO estimate)",SL.AGR.EMPL.FE.ZS,31.477313319564
"Congo, Rep.",COG,2016,"Employment in agriculture, female (% of female employment) (modeled ILO estimate)",SL.AGR.EMPL.FE.ZS,31.4547688960297
"Congo, Rep.",COG,2015,"Employment in agriculture, female (% of female employment) (modeled ILO estimate)",SL.AGR.EMPL.FE.ZS,32.0479851911485
"Congo, Rep.",COG,2014,"Employment in agriculture, female (% of female employment) (modeled ILO estimate)",SL.AGR.EMPL.FE.ZS,32.9744565443718
"Congo, Rep.",COG,2013,"Employment in agriculture, female (% of female employment) (modeled ILO estimate)",SL.AGR.EMPL.FE.ZS,34.0052025091959
"Congo, Rep.",COG,2012,"Employment in agriculture, female (% of female employment) (modeled ILO estimate)",SL.AGR.EMPL.FE.ZS,34.6921650683175
"Congo, Rep.",COG,2011,"Employment in agriculture, female (% of female employment) (modeled ILO estimate)",SL.AGR.EMPL.FE.ZS,35.7183187380943
"Congo, Rep.",COG,2010,"Employment in agriculture, female (% of female employment) (modeled ILO estimate)",SL.AGR.EMPL.FE.ZS,36.645919039231
"Congo, Rep.",COG,2009,"Employment in agriculture, female (% of female employment) (modeled ILO estimate)",SL.AGR.EMPL.FE.ZS,37.3944696945055
"Congo, Rep.",COG,2008,"Employment in agriculture, female (% of female employment) (modeled ILO estimate)",SL.AGR.EMPL.FE.ZS,38.8188509241921
"Congo, Rep.",COG,2007,"Employment in agriculture, female (% of female employment) (modeled ILO estimate)",SL.AGR.EMPL.FE.ZS,39.3396549936597
"Congo, Rep.",COG,2006,"Employment in agriculture, female (% of female employment) (modeled ILO estimate)",SL.AGR.EMPL.FE.ZS,40.1828160215358
"Congo, Rep.",COG,2005,"Employment in agriculture, female (% of female employment) (modeled ILO estimate)",SL.AGR.EMPL.FE.ZS,41.2567629995796
"Congo, Rep.",COG,2004,"Employment in agriculture, female (% of female employment) (modeled ILO estimate)",SL.AGR.EMPL.FE.ZS,42.2486974041965
"Congo, Rep.",COG,2003,"Employment in agriculture, female (% of female employment) (modeled ILO estimate)",SL.AGR.EMPL.FE.ZS,42.8500885278097
"Congo, Rep.",COG,2002,"Employment in agriculture, female (% of female employment) (modeled ILO estimate)",SL.AGR.EMPL.FE.ZS,43.4850218301014
"Congo, Rep.",COG,2001,"Employment in agriculture, female (% of female employment) (modeled ILO estimate)",SL.AGR.EMPL.FE.ZS,44.581228602036
"Congo, Rep.",COG,2000,"Employment in agriculture, female (% of female employment) (modeled ILO estimate)",SL.AGR.EMPL.FE.ZS,45.6250012983425
"Congo, Rep.",COG,1999,"Employment in agriculture, female (% of female employment) (modeled ILO estimate)",SL.AGR.EMPL.FE.ZS,46.0620551211473
"Congo, Rep.",COG,1998,"Employment in agriculture, female (% of female employment) (modeled ILO estimate)",SL.AGR.EMPL.FE.ZS,45.7638195597843
"Congo, Rep.",COG,1997,"Employment in agriculture, female (% of female employment) (modeled ILO estimate)",SL.AGR.EMPL.FE.ZS,46.4831099381101
"Congo, Rep.",COG,1996,"Employment in agriculture, female (% of female employment) (modeled ILO estimate)",SL.AGR.EMPL.FE.ZS,47.0698332252932
"Congo, Rep.",COG,1995,"Employment in agriculture, female (% of female employment) (modeled ILO estimate)",SL.AGR.EMPL.FE.ZS,47.2685817626726
"Congo, Rep.",COG,1994,"Employment in agriculture, female (% of female employment) (modeled ILO estimate)",SL.AGR.EMPL.FE.ZS,47.3887257442276
"Congo, Rep.",COG,1993,"Employment in agriculture, female (% of female employment) (modeled ILO estimate)",SL.AGR.EMPL.FE.ZS,47.2664379468793
"Congo, Rep.",COG,1992,"Employment in agriculture, female (% of female employment) (modeled ILO estimate)",SL.AGR.EMPL.FE.ZS,47.4774379627045
"Congo, Rep.",COG,1991,"Employment in agriculture, female (% of female employment) (modeled ILO estimate)",SL.AGR.EMPL.FE.ZS,47.6530704531066
"Congo, Rep.",COG,2023,"Employment in agriculture, male (% of male employment) (modeled ILO estimate)",SL.AGR.EMPL.MA.ZS,30.433558503894
"Congo, Rep.",COG,2022,"Employment in agriculture, male (% of male employment) (modeled ILO estimate)",SL.AGR.EMPL.MA.ZS,30.8457566649439
"Congo, Rep.",COG,2021,"Employment in agriculture, male (% of male employment) (modeled ILO estimate)",SL.AGR.EMPL.MA.ZS,31.2948111384927
"Congo, Rep.",COG,2020,"Employment in agriculture, male (% of male employment) (modeled ILO estimate)",SL.AGR.EMPL.MA.ZS,31.5801279204051
"Congo, Rep.",COG,2019,"Employment in agriculture, male (% of male employment) (modeled ILO estimate)",SL.AGR.EMPL.MA.ZS,31.1970127136703
"Congo, Rep.",COG,2018,"Employment in agriculture, male (% of male employment) (modeled ILO estimate)",SL.AGR.EMPL.MA.ZS,31.5816387311106
"Congo, Rep.",COG,2017,"Employment in agriculture, male (% of male employment) (modeled ILO estimate)",SL.AGR.EMPL.MA.ZS,31.7058299760948
"Congo, Rep.",COG,2016,"Employment in agriculture, male (% of male employment) (modeled ILO estimate)",SL.AGR.EMPL.MA.ZS,31.7134736898901
"Congo, Rep.",COG,2015,"Employment in agriculture, male (% of male employment) (modeled ILO estimate)",SL.AGR.EMPL.MA.ZS,31.7017332956565
"Congo, Rep.",COG,2014,"Employment in agriculture, male (% of male employment) (modeled ILO estimate)",SL.AGR.EMPL.MA.ZS,32.1337376219185
"Congo, Rep.",COG,2013,"Employment in agriculture, male (% of male employment) (modeled ILO estimate)",SL.AGR.EMPL.MA.ZS,32.7553842495839
"Congo, Rep.",COG,2012,"Employment in agriculture, male (% of male employment) (modeled ILO estimate)",SL.AGR.EMPL.MA.ZS,33.1795653588309
"Congo, Rep.",COG,2011,"Employment in agriculture, male (% of male employment) (modeled ILO estimate)",SL.AGR.EMPL.MA.ZS,34.0349810921866
"Congo, Rep.",COG,2010,"Employment in agriculture, male (% of male employment) (modeled ILO estimate)",SL.AGR.EMPL.MA.ZS,34.6474654191168
"Congo, Rep.",COG,2009,"Employment in agriculture, male (% of male employment) (modeled ILO estimate)",SL.AGR.EMPL.MA.ZS,35.5591978048286
"Congo, Rep.",COG,2008,"Employment in agriculture, male (% of male employment) (modeled ILO estimate)",SL.AGR.EMPL.MA.ZS,36.587214464802
"Congo, Rep.",COG,2007,"Employment in agriculture, male (% of male employment) (modeled ILO estimate)",SL.AGR.EMPL.MA.ZS,37.394328673133
"Congo, Rep.",COG,2006,"Employment in agriculture, male (% of male employment) (modeled ILO estimate)",SL.AGR.EMPL.MA.ZS,37.7847615255539
"Congo, Rep.",COG,2005,"Employment in agriculture, male (% of male employment) (modeled ILO estimate)",SL.AGR.EMPL.MA.ZS,38.7422411407335
"Congo, Rep.",COG,2004,"Employment in agriculture, male (% of male employment) (modeled ILO estimate)",SL.AGR.EMPL.MA.ZS,39.455656455086
"Congo, Rep.",COG,2003,"Employment in agriculture, male (% of male employment) (modeled ILO estimate)",SL.AGR.EMPL.MA.ZS,40.1197860050728
"Congo, Rep.",COG,2002,"Employment in agriculture, male (% of male employment) (modeled ILO estimate)",SL.AGR.EMPL.MA.ZS,40.7197332617944
"Congo, Rep.",COG,2001,"Employment in agriculture, male (% of male employment) (modeled ILO estimate)",SL.AGR.EMPL.MA.ZS,41.3028719745247
"Congo, Rep.",COG,2000,"Employment in agriculture, male (% of male employment) (modeled ILO estimate)",SL.AGR.EMPL.MA.ZS,42.0416300205218
"Congo, Rep.",COG,1999,"Employment in agriculture, male (% of male employment) (modeled ILO estimate)",SL.AGR.EMPL.MA.ZS,42.8674562287944
"Congo, Rep.",COG,1998,"Employment in agriculture, male (% of male employment) (modeled ILO estimate)",SL.AGR.EMPL.MA.ZS,43.2497632729846
"Congo, Rep.",COG,1997,"Employment in agriculture, male (% of male employment) (modeled ILO estimate)",SL.AGR.EMPL.MA.ZS,43.6111575437288
"Congo, Rep.",COG,1996,"Employment in agriculture, male (% of male employment) (modeled ILO estimate)",SL.AGR.EMPL.MA.ZS,43.8017253087637
"Congo, Rep.",COG,1995,"Employment in agriculture, male (% of male employment) (modeled ILO estimate)",SL.AGR.EMPL.MA.ZS,44.1767277151263
"Congo, Rep.",COG,1994,"Employment in agriculture, male (% of male employment) (modeled ILO estimate)",SL.AGR.EMPL.MA.ZS,44.4203986828727
"Congo, Rep.",COG,1993,"Employment in agriculture, male (% of male employment) (modeled ILO estimate)",SL.AGR.EMPL.MA.ZS,44.4505010289523
"Congo, Rep.",COG,1992,"Employment in agriculture, male (% of male employment) (modeled ILO estimate)",SL.AGR.EMPL.MA.ZS,44.6120443944343
"Congo, Rep.",COG,1991,"Employment in agriculture, male (% of male employment) (modeled ILO estimate)",SL.AGR.EMPL.MA.ZS,44.7577202856544
"Congo, Rep.",COG,2024,"Employment to population ratio, ages 15-24, female (%) (modeled ILO estimate)",SL.EMP.1524.SP.FE.ZS,27.461
"Congo, Rep.",COG,2023,"Employment to population ratio, ages 15-24, female (%) (modeled ILO estimate)",SL.EMP.1524.SP.FE.ZS,27.315
"Congo, Rep.",COG,2022,"Employment to population ratio, ages 15-24, female (%) (modeled ILO estimate)",SL.EMP.1524.SP.FE.ZS,27.141
"Congo, Rep.",COG,2021,"Employment to population ratio, ages 15-24, female (%) (modeled ILO estimate)",SL.EMP.1524.SP.FE.ZS,24.898
"Congo, Rep.",COG,2020,"Employment to population ratio, ages 15-24, female (%) (modeled ILO estimate)",SL.EMP.1524.SP.FE.ZS,24.097
"Congo, Rep.",COG,2019,"Employment to population ratio, ages 15-24, female (%) (modeled ILO estimate)",SL.EMP.1524.SP.FE.ZS,26.727
"Congo, Rep.",COG,2018,"Employment to population ratio, ages 15-24, female (%) (modeled ILO estimate)",SL.EMP.1524.SP.FE.ZS,26.568
"Congo, Rep.",COG,2017,"Employment to population ratio, ages 15-24, female (%) (modeled ILO estimate)",SL.EMP.1524.SP.FE.ZS,26.65
"Congo, Rep.",COG,2016,"Employment to population ratio, ages 15-24, female (%) (modeled ILO estimate)",SL.EMP.1524.SP.FE.ZS,26.901
"Congo, Rep.",COG,2015,"Employment to population ratio, ages 15-24, female (%) (modeled ILO estimate)",SL.EMP.1524.SP.FE.ZS,26.96
"Congo, Rep.",COG,2014,"Employment to population ratio, ages 15-24, female (%) (modeled ILO estimate)",SL.EMP.1524.SP.FE.ZS,27.009
"Congo, Rep.",COG,2013,"Employment to population ratio, ages 15-24, female (%) (modeled ILO estimate)",SL.EMP.1524.SP.FE.ZS,26.71
"Congo, Rep.",COG,2012,"Employment to population ratio, ages 15-24, female (%) (modeled ILO estimate)",SL.EMP.1524.SP.FE.ZS,26.684
"Congo, Rep.",COG,2011,"Employment to population ratio, ages 15-24, female (%) (modeled ILO estimate)",SL.EMP.1524.SP.FE.ZS,26.54
"Congo, Rep.",COG,2010,"Employment to population ratio, ages 15-24, female (%) (modeled ILO estimate)",SL.EMP.1524.SP.FE.ZS,26.502
"Congo, Rep.",COG,2009,"Employment to population ratio, ages 15-24, female (%) (modeled ILO estimate)",SL.EMP.1524.SP.FE.ZS,26.272
"Congo, Rep.",COG,2008,"Employment to population ratio, ages 15-24, female (%) (modeled ILO estimate)",SL.EMP.1524.SP.FE.ZS,26.348
"Congo, Rep.",COG,2007,"Employment to population ratio, ages 15-24, female (%) (modeled ILO estimate)",SL.EMP.1524.SP.FE.ZS,26.413
"Congo, Rep.",COG,2006,"Employment to population ratio, ages 15-24, female (%) (modeled ILO estimate)",SL.EMP.1524.SP.FE.ZS,26.774
"Congo, Rep.",COG,2005,"Employment to population ratio, ages 15-24, female (%) (modeled ILO estimate)",SL.EMP.1524.SP.FE.ZS,26.868
"Congo, Rep.",COG,2004,"Employment to population ratio, ages 15-24, female (%) (modeled ILO estimate)",SL.EMP.1524.SP.FE.ZS,27.054
"Congo, Rep.",COG,2003,"Employment to population ratio, ages 15-24, female (%) (modeled ILO estimate)",SL.EMP.1524.SP.FE.ZS,27.307
"Congo, Rep.",COG,2002,"Employment to population ratio, ages 15-24, female (%) (modeled ILO estimate)",SL.EMP.1524.SP.FE.ZS,27.582
"Congo, Rep.",COG,2001,"Employment to population ratio, ages 15-24, female (%) (modeled ILO estimate)",SL.EMP.1524.SP.FE.ZS,27.475
"Congo, Rep.",COG,2000,"Employment to population ratio, ages 15-24, female (%) (modeled ILO estimate)",SL.EMP.1524.SP.FE.ZS,27.926
"Congo, Rep.",COG,1999,"Employment to population ratio, ages 15-24, female (%) (modeled ILO estimate)",SL.EMP.1524.SP.FE.ZS,28.256
"Congo, Rep.",COG,1998,"Employment to population ratio, ages 15-24, female (%) (modeled ILO estimate)",SL.EMP.1524.SP.FE.ZS,28.581
"Congo, Rep.",COG,1997,"Employment to population ratio, ages 15-24, female (%) (modeled ILO estimate)",SL.EMP.1524.SP.FE.ZS,28.584
"Congo, Rep.",COG,1996,"Employment to population ratio, ages 15-24, female (%) (modeled ILO estimate)",SL.EMP.1524.SP.FE.ZS,28.414
"Congo, Rep.",COG,1995,"Employment to population ratio, ages 15-24, female (%) (modeled ILO estimate)",SL.EMP.1524.SP.FE.ZS,28.407
"Congo, Rep.",COG,1994,"Employment to population ratio, ages 15-24, female (%) (modeled ILO estimate)",SL.EMP.1524.SP.FE.ZS,28.496
"Congo, Rep.",COG,1993,"Employment to population ratio, ages 15-24, female (%) (modeled ILO estimate)",SL.EMP.1524.SP.FE.ZS,28.826
"Congo, Rep.",COG,1992,"Employment to population ratio, ages 15-24, female (%) (modeled ILO estimate)",SL.EMP.1524.SP.FE.ZS,29.055
"Congo, Rep.",COG,1991,"Employment to population ratio, ages 15-24, female (%) (modeled ILO estimate)",SL.EMP.1524.SP.FE.ZS,29.222
"Congo, Rep.",COG,2024,"Employment to population ratio, ages 15-24, male (%) (modeled ILO estimate)",SL.EMP.1524.SP.MA.ZS,25.32
"Congo, Rep.",COG,2023,"Employment to population ratio, ages 15-24, male (%) (modeled ILO estimate)",SL.EMP.1524.SP.MA.ZS,25.077
"Congo, Rep.",COG,2022,"Employment to population ratio, ages 15-24, male (%) (modeled ILO estimate)",SL.EMP.1524.SP.MA.ZS,24.887
"Congo, Rep.",COG,2021,"Employment to population ratio, ages 15-24, male (%) (modeled ILO estimate)",SL.EMP.1524.SP.MA.ZS,22.526
"Congo, Rep.",COG,2020,"Employment to population ratio, ages 15-24, male (%) (modeled ILO estimate)",SL.EMP.1524.SP.MA.ZS,22.048
"Congo, Rep.",COG,2019,"Employment to population ratio, ages 15-24, male (%) (modeled ILO estimate)",SL.EMP.1524.SP.MA.ZS,24.229
"Congo, Rep.",COG,2018,"Employment to population ratio, ages 15-24, male (%) (modeled ILO estimate)",SL.EMP.1524.SP.MA.ZS,24.117
"Congo, Rep.",COG,2017,"Employment to population ratio, ages 15-24, male (%) (modeled ILO estimate)",SL.EMP.1524.SP.MA.ZS,24.24
"Congo, Rep.",COG,2016,"Employment to population ratio, ages 15-24, male (%) (modeled ILO estimate)",SL.EMP.1524.SP.MA.ZS,24.522
"Congo, Rep.",COG,2015,"Employment to population ratio, ages 15-24, male (%) (modeled ILO estimate)",SL.EMP.1524.SP.MA.ZS,24.558
"Congo, Rep.",COG,2014,"Employment to population ratio, ages 15-24, male (%) (modeled ILO estimate)",SL.EMP.1524.SP.MA.ZS,24.464
"Congo, Rep.",COG,2013,"Employment to population ratio, ages 15-24, male (%) (modeled ILO estimate)",SL.EMP.1524.SP.MA.ZS,23.923
"Congo, Rep.",COG,2012,"Employment to population ratio, ages 15-24, male (%) (modeled ILO estimate)",SL.EMP.1524.SP.MA.ZS,23.681
"Congo, Rep.",COG,2011,"Employment to population ratio, ages 15-24, male (%) (modeled ILO estimate)",SL.EMP.1524.SP.MA.ZS,23.298
"Congo, Rep.",COG,2010,"Employment to population ratio, ages 15-24, male (%) (modeled ILO estimate)",SL.EMP.1524.SP.MA.ZS,23.147
"Congo, Rep.",COG,2009,"Employment to population ratio, ages 15-24, male (%) (modeled ILO estimate)",SL.EMP.1524.SP.MA.ZS,22.971
"Congo, Rep.",COG,2008,"Employment to population ratio, ages 15-24, male (%) (modeled ILO estimate)",SL.EMP.1524.SP.MA.ZS,23.132
"Congo, Rep.",COG,2007,"Employment to population ratio, ages 15-24, male (%) (modeled ILO estimate)",SL.EMP.1524.SP.MA.ZS,23.228
"Congo, Rep.",COG,2006,"Employment to population ratio, ages 15-24, male (%) (modeled ILO estimate)",SL.EMP.1524.SP.MA.ZS,23.839
"Congo, Rep.",COG,2005,"Employment to population ratio, ages 15-24, male (%) (modeled ILO estimate)",SL.EMP.1524.SP.MA.ZS,24.145
"Congo, Rep.",COG,2004,"Employment to population ratio, ages 15-24, male (%) (modeled ILO estimate)",SL.EMP.1524.SP.MA.ZS,24.559
"Congo, Rep.",COG,2003,"Employment to population ratio, ages 15-24, male (%) (modeled ILO estimate)",SL.EMP.1524.SP.MA.ZS,25.07
"Congo, Rep.",COG,2002,"Employment to population ratio, ages 15-24, male (%) (modeled ILO estimate)",SL.EMP.1524.SP.MA.ZS,25.509
"Congo, Rep.",COG,2001,"Employment to population ratio, ages 15-24, male (%) (modeled ILO estimate)",SL.EMP.1524.SP.MA.ZS,25.44
"Congo, Rep.",COG,2000,"Employment to population ratio, ages 15-24, male (%) (modeled ILO estimate)",SL.EMP.1524.SP.MA.ZS,26.332
"Congo, Rep.",COG,1999,"Employment to population ratio, ages 15-24, male (%) (modeled ILO estimate)",SL.EMP.1524.SP.MA.ZS,27.127
"Congo, Rep.",COG,1998,"Employment to population ratio, ages 15-24, male (%) (modeled ILO estimate)",SL.EMP.1524.SP.MA.ZS,27.671
"Congo, Rep.",COG,1997,"Employment to population ratio, ages 15-24, male (%) (modeled ILO estimate)",SL.EMP.1524.SP.MA.ZS,27.655
"Congo, Rep.",COG,1996,"Employment to population ratio, ages 15-24, male (%) (modeled ILO estimate)",SL.EMP.1524.SP.MA.ZS,27.443
"Congo, Rep.",COG,1995,"Employment to population ratio, ages 15-24, male (%) (modeled ILO estimate)",SL.EMP.1524.SP.MA.ZS,27.522
"Congo, Rep.",COG,1994,"Employment to population ratio, ages 15-24, male (%) (modeled ILO estimate)",SL.EMP.1524.SP.MA.ZS,27.698
"Congo, Rep.",COG,1993,"Employment to population ratio, ages 15-24, male (%) (modeled ILO estimate)",SL.EMP.1524.SP.MA.ZS,28.229
"Congo, Rep.",COG,1992,"Employment to population ratio, ages 15-24, male (%) (modeled ILO estimate)",SL.EMP.1524.SP.MA.ZS,28.641
"Congo, Rep.",COG,1991,"Employment to population ratio, ages 15-24, male (%) (modeled ILO estimate)",SL.EMP.1524.SP.MA.ZS,28.94
"Congo, Rep.",COG,2023,"Employers, female (% of female employment) (modeled ILO estimate)",SL.EMP.MPYR.FE.ZS,0.554070519390387
"Congo, Rep.",COG,2022,"Employers, female (% of female employment) (modeled ILO estimate)",SL.EMP.MPYR.FE.ZS,0.555052485030811
"Congo, Rep.",COG,2021,"Employers, female (% of female employment) (modeled ILO estimate)",SL.EMP.MPYR.FE.ZS,0.559565036313534
"Congo, Rep.",COG,2020,"Employers, female (% of female employment) (modeled ILO estimate)",SL.EMP.MPYR.FE.ZS,0.561279655897234
"Congo, Rep.",COG,2019,"Employers, female (% of female employment) (modeled ILO estimate)",SL.EMP.MPYR.FE.ZS,0.556840040999527
"Congo, Rep.",COG,2018,"Employers, female (% of female employment) (modeled ILO estimate)",SL.EMP.MPYR.FE.ZS,0.558031674481121
"Congo, Rep.",COG,2017,"Employers, female (% of female employment) (modeled ILO estimate)",SL.EMP.MPYR.FE.ZS,0.54545926483512
"Congo, Rep.",COG,2016,"Employers, female (% of female employment) (modeled ILO estimate)",SL.EMP.MPYR.FE.ZS,0.53526369071303
"Congo, Rep.",COG,2015,"Employers, female (% of female employment) (modeled ILO estimate)",SL.EMP.MPYR.FE.ZS,0.533026353910014
"Congo, Rep.",COG,2014,"Employers, female (% of female employment) (modeled ILO estimate)",SL.EMP.MPYR.FE.ZS,0.546058385041436
"Congo, Rep.",COG,2013,"Employers, female (% of female employment) (modeled ILO estimate)",SL.EMP.MPYR.FE.ZS,0.560443685689916
"Congo, Rep.",COG,2012,"Employers, female (% of female employment) (modeled ILO estimate)",SL.EMP.MPYR.FE.ZS,0.559187251873244
"Congo, Rep.",COG,2011,"Employers, female (% of female employment) (modeled ILO estimate)",SL.EMP.MPYR.FE.ZS,0.569282846140142
"Congo, Rep.",COG,2010,"Employers, female (% of female employment) (modeled ILO estimate)",SL.EMP.MPYR.FE.ZS,0.564322334839694
"Congo, Rep.",COG,2009,"Employers, female (% of female employment) (modeled ILO estimate)",SL.EMP.MPYR.FE.ZS,0.560511927327137
"Congo, Rep.",COG,2008,"Employers, female (% of female employment) (modeled ILO estimate)",SL.EMP.MPYR.FE.ZS,0.561282189139584
"Congo, Rep.",COG,2007,"Employers, female (% of female employment) (modeled ILO estimate)",SL.EMP.MPYR.FE.ZS,0.545661900166681
"Congo, Rep.",COG,2006,"Employers, female (% of female employment) (modeled ILO estimate)",SL.EMP.MPYR.FE.ZS,0.527646458683678
"Congo, Rep.",COG,2005,"Employers, female (% of female employment) (modeled ILO estimate)",SL.EMP.MPYR.FE.ZS,0.530658643057231
"Congo, Rep.",COG,2004,"Employers, female (% of female employment) (modeled ILO estimate)",SL.EMP.MPYR.FE.ZS,0.535300978165497
"Congo, Rep.",COG,2003,"Employers, female (% of female employment) (modeled ILO estimate)",SL.EMP.MPYR.FE.ZS,0.529101522528121
"Congo, Rep.",COG,2002,"Employers, female (% of female employment) (modeled ILO estimate)",SL.EMP.MPYR.FE.ZS,0.524578398328449
"Congo, Rep.",COG,2001,"Employers, female (% of female employment) (modeled ILO estimate)",SL.EMP.MPYR.FE.ZS,0.526521099456846
"Congo, Rep.",COG,2000,"Employers, female (% of female employment) (modeled ILO estimate)",SL.EMP.MPYR.FE.ZS,0.523699424366876
"Congo, Rep.",COG,1999,"Employers, female (% of female employment) (modeled ILO estimate)",SL.EMP.MPYR.FE.ZS,0.518733125284898
"Congo, Rep.",COG,1998,"Employers, female (% of female employment) (modeled ILO estimate)",SL.EMP.MPYR.FE.ZS,0.507733184296103
"Congo, Rep.",COG,1997,"Employers, female (% of female employment) (modeled ILO estimate)",SL.EMP.MPYR.FE.ZS,0.510793273940554
"Congo, Rep.",COG,1996,"Employers, female (% of female employment) (modeled ILO estimate)",SL.EMP.MPYR.FE.ZS,0.508220873357299
"Congo, Rep.",COG,1995,"Employers, female (% of female employment) (modeled ILO estimate)",SL.EMP.MPYR.FE.ZS,0.507780786488996
"Congo, Rep.",COG,1994,"Employers, female (% of female employment) (modeled ILO estimate)",SL.EMP.MPYR.FE.ZS,0.506457774740199
"Congo, Rep.",COG,1993,"Employers, female (% of female employment) (modeled ILO estimate)",SL.EMP.MPYR.FE.ZS,0.499165481856957
"Congo, Rep.",COG,1992,"Employers, female (% of female employment) (modeled ILO estimate)",SL.EMP.MPYR.FE.ZS,0.49869080372689
"Congo, Rep.",COG,1991,"Employers, female (% of female employment) (modeled ILO estimate)",SL.EMP.MPYR.FE.ZS,0.499340880999559
"Congo, Rep.",COG,2023,"Employers, male (% of male employment) (modeled ILO estimate)",SL.EMP.MPYR.MA.ZS,1.60829642516655
"Congo, Rep.",COG,2022,"Employers, male (% of male employment) (modeled ILO estimate)",SL.EMP.MPYR.MA.ZS,1.6194571702402
"Congo, Rep.",COG,2021,"Employers, male (% of male employment) (modeled ILO estimate)",SL.EMP.MPYR.MA.ZS,1.63005212045234
"Congo, Rep.",COG,2020,"Employers, male (% of male employment) (modeled ILO estimate)",SL.EMP.MPYR.MA.ZS,1.63431642533535
"Congo, Rep.",COG,2019,"Employers, male (% of male employment) (modeled ILO estimate)",SL.EMP.MPYR.MA.ZS,1.64729126915957
"Congo, Rep.",COG,2018,"Employers, male (% of male employment) (modeled ILO estimate)",SL.EMP.MPYR.MA.ZS,1.66478231844511
"Congo, Rep.",COG,2017,"Employers, male (% of male employment) (modeled ILO estimate)",SL.EMP.MPYR.MA.ZS,1.66876422176871
"Congo, Rep.",COG,2016,"Employers, male (% of male employment) (modeled ILO estimate)",SL.EMP.MPYR.MA.ZS,1.68343414936255
"Congo, Rep.",COG,2015,"Employers, male (% of male employment) (modeled ILO estimate)",SL.EMP.MPYR.MA.ZS,1.70431958925826
"Congo, Rep.",COG,2014,"Employers, male (% of male employment) (modeled ILO estimate)",SL.EMP.MPYR.MA.ZS,1.70719525404604
"Congo, Rep.",COG,2013,"Employers, male (% of male employment) (modeled ILO estimate)",SL.EMP.MPYR.MA.ZS,1.70143538274788
"Congo, Rep.",COG,2012,"Employers, male (% of male employment) (modeled ILO estimate)",SL.EMP.MPYR.MA.ZS,1.69939976909289
"Congo, Rep.",COG,2011,"Employers, male (% of male employment) (modeled ILO estimate)",SL.EMP.MPYR.MA.ZS,1.68945602869115
"Congo, Rep.",COG,2010,"Employers, male (% of male employment) (modeled ILO estimate)",SL.EMP.MPYR.MA.ZS,1.69021579119386
"Congo, Rep.",COG,2009,"Employers, male (% of male employment) (modeled ILO estimate)",SL.EMP.MPYR.MA.ZS,1.66861922078216
"Congo, Rep.",COG,2008,"Employers, male (% of male employment) (modeled ILO estimate)",SL.EMP.MPYR.MA.ZS,1.66951567793417
"Congo, Rep.",COG,2007,"Employers, male (% of male employment) (modeled ILO estimate)",SL.EMP.MPYR.MA.ZS,1.66280140279307
"Congo, Rep.",COG,2006,"Employers, male (% of male employment) (modeled ILO estimate)",SL.EMP.MPYR.MA.ZS,1.68463164680565
"Congo, Rep.",COG,2005,"Employers, male (% of male employment) (modeled ILO estimate)",SL.EMP.MPYR.MA.ZS,1.67103754563066
"Congo, Rep.",COG,2004,"Employers, male (% of male employment) (modeled ILO estimate)",SL.EMP.MPYR.MA.ZS,1.67332192432021
"Congo, Rep.",COG,2003,"Employers, male (% of male employment) (modeled ILO estimate)",SL.EMP.MPYR.MA.ZS,1.66908228005485
"Congo, Rep.",COG,2002,"Employers, male (% of male employment) (modeled ILO estimate)",SL.EMP.MPYR.MA.ZS,1.66912125675012
"Congo, Rep.",COG,2001,"Employers, male (% of male employment) (modeled ILO estimate)",SL.EMP.MPYR.MA.ZS,1.66309717153456
"Congo, Rep.",COG,2000,"Employers, male (% of male employment) (modeled ILO estimate)",SL.EMP.MPYR.MA.ZS,1.6579693149614
"Congo, Rep.",COG,1999,"Employers, male (% of male employment) (modeled ILO estimate)",SL.EMP.MPYR.MA.ZS,1.63918333289022
"Congo, Rep.",COG,1998,"Employers, male (% of male employment) (modeled ILO estimate)",SL.EMP.MPYR.MA.ZS,1.63388881073806
"Congo, Rep.",COG,1997,"Employers, male (% of male employment) (modeled ILO estimate)",SL.EMP.MPYR.MA.ZS,1.63428527343097
"Congo, Rep.",COG,1996,"Employers, male (% of male employment) (modeled ILO estimate)",SL.EMP.MPYR.MA.ZS,1.63330397942598
"Congo, Rep.",COG,1995,"Employers, male (% of male employment) (modeled ILO estimate)",SL.EMP.MPYR.MA.ZS,1.62793379720816
"Congo, Rep.",COG,1994,"Employers, male (% of male employment) (modeled ILO estimate)",SL.EMP.MPYR.MA.ZS,1.62751975224574
"Congo, Rep.",COG,1993,"Employers, male (% of male employment) (modeled ILO estimate)",SL.EMP.MPYR.MA.ZS,1.62807395009641
"Congo, Rep.",COG,1992,"Employers, male (% of male employment) (modeled ILO estimate)",SL.EMP.MPYR.MA.ZS,1.62786201837045
"Congo, Rep.",COG,1991,"Employers, male (% of male employment) (modeled ILO estimate)",SL.EMP.MPYR.MA.ZS,1.62508115181908
"Congo, Rep.",COG,2023,"Self-employed, female (% of female employment) (modeled ILO estimate)",SL.EMP.SELF.FE.ZS,89.9337092341965
"Congo, Rep.",COG,2022,"Self-employed, female (% of female employment) (modeled ILO estimate)",SL.EMP.SELF.FE.ZS,90.0717207488417
"Congo, Rep.",COG,2021,"Self-employed, female (% of female employment) (modeled ILO estimate)",SL.EMP.SELF.FE.ZS,90.0884874970761
"Congo, Rep.",COG,2020,"Self-employed, female (% of female employment) (modeled ILO estimate)",SL.EMP.SELF.FE.ZS,90.1187956877961
"Congo, Rep.",COG,2019,"Self-employed, female (% of female employment) (modeled ILO estimate)",SL.EMP.SELF.FE.ZS,89.9055045141603
"Congo, Rep.",COG,2018,"Self-employed, female (% of female employment) (modeled ILO estimate)",SL.EMP.SELF.FE.ZS,90.0431464057934
"Congo, Rep.",COG,2017,"Self-employed, female (% of female employment) (modeled ILO estimate)",SL.EMP.SELF.FE.ZS,90.3812281918266
"Congo, Rep.",COG,2016,"Self-employed, female (% of female employment) (modeled ILO estimate)",SL.EMP.SELF.FE.ZS,90.6374813016565
"Congo, Rep.",COG,2015,"Self-employed, female (% of female employment) (modeled ILO estimate)",SL.EMP.SELF.FE.ZS,90.7463907270336
"Congo, Rep.",COG,2014,"Self-employed, female (% of female employment) (modeled ILO estimate)",SL.EMP.SELF.FE.ZS,90.7876723025028
"Congo, Rep.",COG,2013,"Self-employed, female (% of female employment) (modeled ILO estimate)",SL.EMP.SELF.FE.ZS,90.8242435336737
"Congo, Rep.",COG,2012,"Self-employed, female (% of female employment) (modeled ILO estimate)",SL.EMP.SELF.FE.ZS,90.9603655057322
"Congo, Rep.",COG,2011,"Self-employed, female (% of female employment) (modeled ILO estimate)",SL.EMP.SELF.FE.ZS,91.0142663322781
"Congo, Rep.",COG,2010,"Self-employed, female (% of female employment) (modeled ILO estimate)",SL.EMP.SELF.FE.ZS,91.1408006032945
"Congo, Rep.",COG,2009,"Self-employed, female (% of female employment) (modeled ILO estimate)",SL.EMP.SELF.FE.ZS,91.3681754604892
"Congo, Rep.",COG,2008,"Self-employed, female (% of female employment) (modeled ILO estimate)",SL.EMP.SELF.FE.ZS,91.3859483243417
"Congo, Rep.",COG,2007,"Self-employed, female (% of female employment) (modeled ILO estimate)",SL.EMP.SELF.FE.ZS,91.5919259265167
"Congo, Rep.",COG,2006,"Self-employed, female (% of female employment) (modeled ILO estimate)",SL.EMP.SELF.FE.ZS,91.7104442912159
"Congo, Rep.",COG,2005,"Self-employed, female (% of female employment) (modeled ILO estimate)",SL.EMP.SELF.FE.ZS,91.8188251456413
"Congo, Rep.",COG,2004,"Self-employed, female (% of female employment) (modeled ILO estimate)",SL.EMP.SELF.FE.ZS,91.8094436841706
"Congo, Rep.",COG,2003,"Self-employed, female (% of female employment) (modeled ILO estimate)",SL.EMP.SELF.FE.ZS,91.9312956603536
"Congo, Rep.",COG,2002,"Self-employed, female (% of female employment) (modeled ILO estimate)",SL.EMP.SELF.FE.ZS,92.0159515049554
"Congo, Rep.",COG,2001,"Self-employed, female (% of female employment) (modeled ILO estimate)",SL.EMP.SELF.FE.ZS,92.0574321849141
"Congo, Rep.",COG,2000,"Self-employed, female (% of female employment) (modeled ILO estimate)",SL.EMP.SELF.FE.ZS,92.1318368118525
"Congo, Rep.",COG,1999,"Self-employed, female (% of female employment) (modeled ILO estimate)",SL.EMP.SELF.FE.ZS,92.2858445247028
"Congo, Rep.",COG,1998,"Self-employed, female (% of female employment) (modeled ILO estimate)",SL.EMP.SELF.FE.ZS,92.4351586638031
"Congo, Rep.",COG,1997,"Self-employed, female (% of female employment) (modeled ILO estimate)",SL.EMP.SELF.FE.ZS,92.4097871310521
"Congo, Rep.",COG,1996,"Self-employed, female (% of female employment) (modeled ILO estimate)",SL.EMP.SELF.FE.ZS,92.4459897460074
"Congo, Rep.",COG,1995,"Self-employed, female (% of female employment) (modeled ILO estimate)",SL.EMP.SELF.FE.ZS,92.4817330176617
"Congo, Rep.",COG,1994,"Self-employed, female (% of female employment) (modeled ILO estimate)",SL.EMP.SELF.FE.ZS,92.4849977844037
"Congo, Rep.",COG,1993,"Self-employed, female (% of female employment) (modeled ILO estimate)",SL.EMP.SELF.FE.ZS,92.5460015247986
"Congo, Rep.",COG,1992,"Self-employed, female (% of female employment) (modeled ILO estimate)",SL.EMP.SELF.FE.ZS,92.5491447027394
"Congo, Rep.",COG,1991,"Self-employed, female (% of female employment) (modeled ILO estimate)",SL.EMP.SELF.FE.ZS,92.5425001575856
"Congo, Rep.",COG,2023,"Self-employed, male (% of male employment) (modeled ILO estimate)",SL.EMP.SELF.MA.ZS,62.2639641021558
"Congo, Rep.",COG,2022,"Self-employed, male (% of male employment) (modeled ILO estimate)",SL.EMP.SELF.MA.ZS,62.5878999844447
"Congo, Rep.",COG,2021,"Self-employed, male (% of male employment) (modeled ILO estimate)",SL.EMP.SELF.MA.ZS,62.6170992864564
"Congo, Rep.",COG,2020,"Self-employed, male (% of male employment) (modeled ILO estimate)",SL.EMP.SELF.MA.ZS,62.9236252998134
"Congo, Rep.",COG,2019,"Self-employed, male (% of male employment) (modeled ILO estimate)",SL.EMP.SELF.MA.ZS,62.2317441791847
"Congo, Rep.",COG,2018,"Self-employed, male (% of male employment) (modeled ILO estimate)",SL.EMP.SELF.MA.ZS,62.3497110541186
"Congo, Rep.",COG,2017,"Self-employed, male (% of male employment) (modeled ILO estimate)",SL.EMP.SELF.MA.ZS,62.9219364383284
"Congo, Rep.",COG,2016,"Self-employed, male (% of male employment) (modeled ILO estimate)",SL.EMP.SELF.MA.ZS,63.1545857510999
"Congo, Rep.",COG,2015,"Self-employed, male (% of male employment) (modeled ILO estimate)",SL.EMP.SELF.MA.ZS,62.8991393389625
"Congo, Rep.",COG,2014,"Self-employed, male (% of male employment) (modeled ILO estimate)",SL.EMP.SELF.MA.ZS,62.7622614597618
"Congo, Rep.",COG,2013,"Self-employed, male (% of male employment) (modeled ILO estimate)",SL.EMP.SELF.MA.ZS,62.8024377729667
"Congo, Rep.",COG,2012,"Self-employed, male (% of male employment) (modeled ILO estimate)",SL.EMP.SELF.MA.ZS,62.9366026037647
"Congo, Rep.",COG,2011,"Self-employed, male (% of male employment) (modeled ILO estimate)",SL.EMP.SELF.MA.ZS,63.1594320975688
"Congo, Rep.",COG,2010,"Self-employed, male (% of male employment) (modeled ILO estimate)",SL.EMP.SELF.MA.ZS,63.3734357231801
"Congo, Rep.",COG,2009,"Self-employed, male (% of male employment) (modeled ILO estimate)",SL.EMP.SELF.MA.ZS,64.1373653693869
"Congo, Rep.",COG,2008,"Self-employed, male (% of male employment) (modeled ILO estimate)",SL.EMP.SELF.MA.ZS,64.2677844049506
"Congo, Rep.",COG,2007,"Self-employed, male (% of male employment) (modeled ILO estimate)",SL.EMP.SELF.MA.ZS,64.8545983917042
"Congo, Rep.",COG,2006,"Self-employed, male (% of male employment) (modeled ILO estimate)",SL.EMP.SELF.MA.ZS,64.7895869476598
"Congo, Rep.",COG,2005,"Self-employed, male (% of male employment) (modeled ILO estimate)",SL.EMP.SELF.MA.ZS,65.1882552944742
"Congo, Rep.",COG,2004,"Self-employed, male (% of male employment) (modeled ILO estimate)",SL.EMP.SELF.MA.ZS,65.1780131529133
"Congo, Rep.",COG,2003,"Self-employed, male (% of male employment) (modeled ILO estimate)",SL.EMP.SELF.MA.ZS,65.4707604208851
"Congo, Rep.",COG,2002,"Self-employed, male (% of male employment) (modeled ILO estimate)",SL.EMP.SELF.MA.ZS,65.593946926105
"Congo, Rep.",COG,2001,"Self-employed, male (% of male employment) (modeled ILO estimate)",SL.EMP.SELF.MA.ZS,65.7060286334772
"Congo, Rep.",COG,2000,"Self-employed, male (% of male employment) (modeled ILO estimate)",SL.EMP.SELF.MA.ZS,65.8522427440633
"Congo, Rep.",COG,1999,"Self-employed, male (% of male employment) (modeled ILO estimate)",SL.EMP.SELF.MA.ZS,66.3690299675026
"Congo, Rep.",COG,1998,"Self-employed, male (% of male employment) (modeled ILO estimate)",SL.EMP.SELF.MA.ZS,66.667576482247
"Congo, Rep.",COG,1997,"Self-employed, male (% of male employment) (modeled ILO estimate)",SL.EMP.SELF.MA.ZS,66.5612289070905
"Congo, Rep.",COG,1996,"Self-employed, male (% of male employment) (modeled ILO estimate)",SL.EMP.SELF.MA.ZS,66.5740047053875
"Congo, Rep.",COG,1995,"Self-employed, male (% of male employment) (modeled ILO estimate)",SL.EMP.SELF.MA.ZS,66.6722446219842
"Congo, Rep.",COG,1994,"Self-employed, male (% of male employment) (modeled ILO estimate)",SL.EMP.SELF.MA.ZS,66.6471553967706
"Congo, Rep.",COG,1993,"Self-employed, male (% of male employment) (modeled ILO estimate)",SL.EMP.SELF.MA.ZS,66.6744308344719
"Congo, Rep.",COG,1992,"Self-employed, male (% of male employment) (modeled ILO estimate)",SL.EMP.SELF.MA.ZS,66.5946256760039
"Congo, Rep.",COG,1991,"Self-employed, male (% of male employment) (modeled ILO estimate)",SL.EMP.SELF.MA.ZS,66.5214879793069
"Congo, Rep.",COG,2024,"Employment to population ratio, 15+, female (%) (modeled ILO estimate)",SL.EMP.TOTL.SP.FE.ZS,52.357
"Congo, Rep.",COG,2023,"Employment to population ratio, 15+, female (%) (modeled ILO estimate)",SL.EMP.TOTL.SP.FE.ZS,52.265
"Congo, Rep.",COG,2022,"Employment to population ratio, 15+, female (%) (modeled ILO estimate)",SL.EMP.TOTL.SP.FE.ZS,52.077
"Congo, Rep.",COG,2021,"Employment to population ratio, 15+, female (%) (modeled ILO estimate)",SL.EMP.TOTL.SP.FE.ZS,50.588
"Congo, Rep.",COG,2020,"Employment to population ratio, 15+, female (%) (modeled ILO estimate)",SL.EMP.TOTL.SP.FE.ZS,50.012
"Congo, Rep.",COG,2019,"Employment to population ratio, 15+, female (%) (modeled ILO estimate)",SL.EMP.TOTL.SP.FE.ZS,52.128
"Congo, Rep.",COG,2018,"Employment to population ratio, 15+, female (%) (modeled ILO estimate)",SL.EMP.TOTL.SP.FE.ZS,51.889
"Congo, Rep.",COG,2017,"Employment to population ratio, 15+, female (%) (modeled ILO estimate)",SL.EMP.TOTL.SP.FE.ZS,51.942
"Congo, Rep.",COG,2016,"Employment to population ratio, 15+, female (%) (modeled ILO estimate)",SL.EMP.TOTL.SP.FE.ZS,52.219
"Congo, Rep.",COG,2015,"Employment to population ratio, 15+, female (%) (modeled ILO estimate)",SL.EMP.TOTL.SP.FE.ZS,52.423
"Congo, Rep.",COG,2014,"Employment to population ratio, 15+, female (%) (modeled ILO estimate)",SL.EMP.TOTL.SP.FE.ZS,52.681
"Congo, Rep.",COG,2013,"Employment to population ratio, 15+, female (%) (modeled ILO estimate)",SL.EMP.TOTL.SP.FE.ZS,52.664
"Congo, Rep.",COG,2012,"Employment to population ratio, 15+, female (%) (modeled ILO estimate)",SL.EMP.TOTL.SP.FE.ZS,52.975
"Congo, Rep.",COG,2011,"Employment to population ratio, 15+, female (%) (modeled ILO estimate)",SL.EMP.TOTL.SP.FE.ZS,53.087
"Congo, Rep.",COG,2010,"Employment to population ratio, 15+, female (%) (modeled ILO estimate)",SL.EMP.TOTL.SP.FE.ZS,53.223
"Congo, Rep.",COG,2009,"Employment to population ratio, 15+, female (%) (modeled ILO estimate)",SL.EMP.TOTL.SP.FE.ZS,52.858
"Congo, Rep.",COG,2008,"Employment to population ratio, 15+, female (%) (modeled ILO estimate)",SL.EMP.TOTL.SP.FE.ZS,52.749
"Congo, Rep.",COG,2007,"Employment to population ratio, 15+, female (%) (modeled ILO estimate)",SL.EMP.TOTL.SP.FE.ZS,52.781
"Congo, Rep.",COG,2006,"Employment to population ratio, 15+, female (%) (modeled ILO estimate)",SL.EMP.TOTL.SP.FE.ZS,52.948
"Congo, Rep.",COG,2005,"Employment to population ratio, 15+, female (%) (modeled ILO estimate)",SL.EMP.TOTL.SP.FE.ZS,52.735
"Congo, Rep.",COG,2004,"Employment to population ratio, 15+, female (%) (modeled ILO estimate)",SL.EMP.TOTL.SP.FE.ZS,52.604
"Congo, Rep.",COG,2003,"Employment to population ratio, 15+, female (%) (modeled ILO estimate)",SL.EMP.TOTL.SP.FE.ZS,52.547
"Congo, Rep.",COG,2002,"Employment to population ratio, 15+, female (%) (modeled ILO estimate)",SL.EMP.TOTL.SP.FE.ZS,52.66
"Congo, Rep.",COG,2001,"Employment to population ratio, 15+, female (%) (modeled ILO estimate)",SL.EMP.TOTL.SP.FE.ZS,52.507
"Congo, Rep.",COG,2000,"Employment to population ratio, 15+, female (%) (modeled ILO estimate)",SL.EMP.TOTL.SP.FE.ZS,52.391
"Congo, Rep.",COG,1999,"Employment to population ratio, 15+, female (%) (modeled ILO estimate)",SL.EMP.TOTL.SP.FE.ZS,52.091
"Congo, Rep.",COG,1998,"Employment to population ratio, 15+, female (%) (modeled ILO estimate)",SL.EMP.TOTL.SP.FE.ZS,52.195
"Congo, Rep.",COG,1997,"Employment to population ratio, 15+, female (%) (modeled ILO estimate)",SL.EMP.TOTL.SP.FE.ZS,52.204
"Congo, Rep.",COG,1996,"Employment to population ratio, 15+, female (%) (modeled ILO estimate)",SL.EMP.TOTL.SP.FE.ZS,52.118
"Congo, Rep.",COG,1995,"Employment to population ratio, 15+, female (%) (modeled ILO estimate)",SL.EMP.TOTL.SP.FE.ZS,51.987
"Congo, Rep.",COG,1994,"Employment to population ratio, 15+, female (%) (modeled ILO estimate)",SL.EMP.TOTL.SP.FE.ZS,51.939
"Congo, Rep.",COG,1993,"Employment to population ratio, 15+, female (%) (modeled ILO estimate)",SL.EMP.TOTL.SP.FE.ZS,52.077
"Congo, Rep.",COG,1992,"Employment to population ratio, 15+, female (%) (modeled ILO estimate)",SL.EMP.TOTL.SP.FE.ZS,52.081
"Congo, Rep.",COG,1991,"Employment to population ratio, 15+, female (%) (modeled ILO estimate)",SL.EMP.TOTL.SP.FE.ZS,52.051
"Congo, Rep.",COG,2024,"Employment to population ratio, 15+, male (%) (modeled ILO estimate)",SL.EMP.TOTL.SP.MA.ZS,56.837
"Congo, Rep.",COG,2023,"Employment to population ratio, 15+, male (%) (modeled ILO estimate)",SL.EMP.TOTL.SP.MA.ZS,56.712
"Congo, Rep.",COG,2022,"Employment to population ratio, 15+, male (%) (modeled ILO estimate)",SL.EMP.TOTL.SP.MA.ZS,56.557
"Congo, Rep.",COG,2021,"Employment to population ratio, 15+, male (%) (modeled ILO estimate)",SL.EMP.TOTL.SP.MA.ZS,54.423
"Congo, Rep.",COG,2020,"Employment to population ratio, 15+, male (%) (modeled ILO estimate)",SL.EMP.TOTL.SP.MA.ZS,54.075
"Congo, Rep.",COG,2019,"Employment to population ratio, 15+, male (%) (modeled ILO estimate)",SL.EMP.TOTL.SP.MA.ZS,56.437
"Congo, Rep.",COG,2018,"Employment to population ratio, 15+, male (%) (modeled ILO estimate)",SL.EMP.TOTL.SP.MA.ZS,56.311
"Congo, Rep.",COG,2017,"Employment to population ratio, 15+, male (%) (modeled ILO estimate)",SL.EMP.TOTL.SP.MA.ZS,56.398
"Congo, Rep.",COG,2016,"Employment to population ratio, 15+, male (%) (modeled ILO estimate)",SL.EMP.TOTL.SP.MA.ZS,56.632
"Congo, Rep.",COG,2015,"Employment to population ratio, 15+, male (%) (modeled ILO estimate)",SL.EMP.TOTL.SP.MA.ZS,56.687
"Congo, Rep.",COG,2014,"Employment to population ratio, 15+, male (%) (modeled ILO estimate)",SL.EMP.TOTL.SP.MA.ZS,56.689
"Congo, Rep.",COG,2013,"Employment to population ratio, 15+, male (%) (modeled ILO estimate)",SL.EMP.TOTL.SP.MA.ZS,56.354
"Congo, Rep.",COG,2012,"Employment to population ratio, 15+, male (%) (modeled ILO estimate)",SL.EMP.TOTL.SP.MA.ZS,56.273
"Congo, Rep.",COG,2011,"Employment to population ratio, 15+, male (%) (modeled ILO estimate)",SL.EMP.TOTL.SP.MA.ZS,56.06
"Congo, Rep.",COG,2010,"Employment to population ratio, 15+, male (%) (modeled ILO estimate)",SL.EMP.TOTL.SP.MA.ZS,55.975
"Congo, Rep.",COG,2009,"Employment to population ratio, 15+, male (%) (modeled ILO estimate)",SL.EMP.TOTL.SP.MA.ZS,55.732
"Congo, Rep.",COG,2008,"Employment to population ratio, 15+, male (%) (modeled ILO estimate)",SL.EMP.TOTL.SP.MA.ZS,55.769
"Congo, Rep.",COG,2007,"Employment to population ratio, 15+, male (%) (modeled ILO estimate)",SL.EMP.TOTL.SP.MA.ZS,55.804
"Congo, Rep.",COG,2006,"Employment to population ratio, 15+, male (%) (modeled ILO estimate)",SL.EMP.TOTL.SP.MA.ZS,56.158
"Congo, Rep.",COG,2005,"Employment to population ratio, 15+, male (%) (modeled ILO estimate)",SL.EMP.TOTL.SP.MA.ZS,56.237
"Congo, Rep.",COG,2004,"Employment to population ratio, 15+, male (%) (modeled ILO estimate)",SL.EMP.TOTL.SP.MA.ZS,56.404
"Congo, Rep.",COG,2003,"Employment to population ratio, 15+, male (%) (modeled ILO estimate)",SL.EMP.TOTL.SP.MA.ZS,56.641
"Congo, Rep.",COG,2002,"Employment to population ratio, 15+, male (%) (modeled ILO estimate)",SL.EMP.TOTL.SP.MA.ZS,56.889
"Congo, Rep.",COG,2001,"Employment to population ratio, 15+, male (%) (modeled ILO estimate)",SL.EMP.TOTL.SP.MA.ZS,56.771
"Congo, Rep.",COG,2000,"Employment to population ratio, 15+, male (%) (modeled ILO estimate)",SL.EMP.TOTL.SP.MA.ZS,57.189
"Congo, Rep.",COG,1999,"Employment to population ratio, 15+, male (%) (modeled ILO estimate)",SL.EMP.TOTL.SP.MA.ZS,57.493
"Congo, Rep.",COG,1998,"Employment to population ratio, 15+, male (%) (modeled ILO estimate)",SL.EMP.TOTL.SP.MA.ZS,57.798
"Congo, Rep.",COG,1997,"Employment to population ratio, 15+, male (%) (modeled ILO estimate)",SL.EMP.TOTL.SP.MA.ZS,57.779
"Congo, Rep.",COG,1996,"Employment to population ratio, 15+, male (%) (modeled ILO estimate)",SL.EMP.TOTL.SP.MA.ZS,57.616
"Congo, Rep.",COG,1995,"Employment to population ratio, 15+, male (%) (modeled ILO estimate)",SL.EMP.TOTL.SP.MA.ZS,57.6
"Congo, Rep.",COG,1994,"Employment to population ratio, 15+, male (%) (modeled ILO estimate)",SL.EMP.TOTL.SP.MA.ZS,57.664
"Congo, Rep.",COG,1993,"Employment to population ratio, 15+, male (%) (modeled ILO estimate)",SL.EMP.TOTL.SP.MA.ZS,57.969
"Congo, Rep.",COG,1992,"Employment to population ratio, 15+, male (%) (modeled ILO estimate)",SL.EMP.TOTL.SP.MA.ZS,58.176
"Congo, Rep.",COG,1991,"Employment to population ratio, 15+, male (%) (modeled ILO estimate)",SL.EMP.TOTL.SP.MA.ZS,58.318
"Congo, Rep.",COG,2023,"Vulnerable employment, female (% of female employment) (modeled ILO estimate)",SL.EMP.VULN.FE.ZS,89.3796387148061
"Congo, Rep.",COG,2022,"Vulnerable employment, female (% of female employment) (modeled ILO estimate)",SL.EMP.VULN.FE.ZS,89.5165605911659
"Congo, Rep.",COG,2021,"Vulnerable employment, female (% of female employment) (modeled ILO estimate)",SL.EMP.VULN.FE.ZS,89.5289224607625
"Congo, Rep.",COG,2020,"Vulnerable employment, female (% of female employment) (modeled ILO estimate)",SL.EMP.VULN.FE.ZS,89.5575160318989
"Congo, Rep.",COG,2019,"Vulnerable employment, female (% of female employment) (modeled ILO estimate)",SL.EMP.VULN.FE.ZS,89.3486644731607
"Congo, Rep.",COG,2018,"Vulnerable employment, female (% of female employment) (modeled ILO estimate)",SL.EMP.VULN.FE.ZS,89.4851147313123
"Congo, Rep.",COG,2017,"Vulnerable employment, female (% of female employment) (modeled ILO estimate)",SL.EMP.VULN.FE.ZS,89.8358925298161
"Congo, Rep.",COG,2016,"Vulnerable employment, female (% of female employment) (modeled ILO estimate)",SL.EMP.VULN.FE.ZS,90.1022176109435
"Congo, Rep.",COG,2015,"Vulnerable employment, female (% of female employment) (modeled ILO estimate)",SL.EMP.VULN.FE.ZS,90.2133643731236
"Congo, Rep.",COG,2014,"Vulnerable employment, female (% of female employment) (modeled ILO estimate)",SL.EMP.VULN.FE.ZS,90.2416139174614
"Congo, Rep.",COG,2013,"Vulnerable employment, female (% of female employment) (modeled ILO estimate)",SL.EMP.VULN.FE.ZS,90.2637998479838
"Congo, Rep.",COG,2012,"Vulnerable employment, female (% of female employment) (modeled ILO estimate)",SL.EMP.VULN.FE.ZS,90.4011782538589
"Congo, Rep.",COG,2011,"Vulnerable employment, female (% of female employment) (modeled ILO estimate)",SL.EMP.VULN.FE.ZS,90.4451205306362
"Congo, Rep.",COG,2010,"Vulnerable employment, female (% of female employment) (modeled ILO estimate)",SL.EMP.VULN.FE.ZS,90.5764782684548
"Congo, Rep.",COG,2009,"Vulnerable employment, female (% of female employment) (modeled ILO estimate)",SL.EMP.VULN.FE.ZS,90.807663533162
"Congo, Rep.",COG,2008,"Vulnerable employment, female (% of female employment) (modeled ILO estimate)",SL.EMP.VULN.FE.ZS,90.8246661352021
"Congo, Rep.",COG,2007,"Vulnerable employment, female (% of female employment) (modeled ILO estimate)",SL.EMP.VULN.FE.ZS,91.04626402635
"Congo, Rep.",COG,2006,"Vulnerable employment, female (% of female employment) (modeled ILO estimate)",SL.EMP.VULN.FE.ZS,91.1829631871102
"Congo, Rep.",COG,2005,"Vulnerable employment, female (% of female employment) (modeled ILO estimate)",SL.EMP.VULN.FE.ZS,91.2881665025841
"Congo, Rep.",COG,2004,"Vulnerable employment, female (% of female employment) (modeled ILO estimate)",SL.EMP.VULN.FE.ZS,91.2739621660462
"Congo, Rep.",COG,2003,"Vulnerable employment, female (% of female employment) (modeled ILO estimate)",SL.EMP.VULN.FE.ZS,91.4021941378255
"Congo, Rep.",COG,2002,"Vulnerable employment, female (% of female employment) (modeled ILO estimate)",SL.EMP.VULN.FE.ZS,91.4911801759913
"Congo, Rep.",COG,2001,"Vulnerable employment, female (% of female employment) (modeled ILO estimate)",SL.EMP.VULN.FE.ZS,91.5309110854572
"Congo, Rep.",COG,2000,"Vulnerable employment, female (% of female employment) (modeled ILO estimate)",SL.EMP.VULN.FE.ZS,91.6079296526882
"Congo, Rep.",COG,1999,"Vulnerable employment, female (% of female employment) (modeled ILO estimate)",SL.EMP.VULN.FE.ZS,91.767111399418
"Congo, Rep.",COG,1998,"Vulnerable employment, female (% of female employment) (modeled ILO estimate)",SL.EMP.VULN.FE.ZS,91.927425479507
"Congo, Rep.",COG,1997,"Vulnerable employment, female (% of female employment) (modeled ILO estimate)",SL.EMP.VULN.FE.ZS,91.8989938571115
"Congo, Rep.",COG,1996,"Vulnerable employment, female (% of female employment) (modeled ILO estimate)",SL.EMP.VULN.FE.ZS,91.9377688726501
"Congo, Rep.",COG,1995,"Vulnerable employment, female (% of female employment) (modeled ILO estimate)",SL.EMP.VULN.FE.ZS,91.97419530479
"Congo, Rep.",COG,1994,"Vulnerable employment, female (% of female employment) (modeled ILO estimate)",SL.EMP.VULN.FE.ZS,91.9785400096635
"Congo, Rep.",COG,1993,"Vulnerable employment, female (% of female employment) (modeled ILO estimate)",SL.EMP.VULN.FE.ZS,92.0470936102698
"Congo, Rep.",COG,1992,"Vulnerable employment, female (% of female employment) (modeled ILO estimate)",SL.EMP.VULN.FE.ZS,92.0507197256669
"Congo, Rep.",COG,1991,"Vulnerable employment, female (% of female employment) (modeled ILO estimate)",SL.EMP.VULN.FE.ZS,92.043159276586
"Congo, Rep.",COG,2023,"Vulnerable employment, male (% of male employment) (modeled ILO estimate)",SL.EMP.VULN.MA.ZS,60.6556676769893
"Congo, Rep.",COG,2022,"Vulnerable employment, male (% of male employment) (modeled ILO estimate)",SL.EMP.VULN.MA.ZS,60.9684428142044
"Congo, Rep.",COG,2021,"Vulnerable employment, male (% of male employment) (modeled ILO estimate)",SL.EMP.VULN.MA.ZS,60.9870471660041
"Congo, Rep.",COG,2020,"Vulnerable employment, male (% of male employment) (modeled ILO estimate)",SL.EMP.VULN.MA.ZS,61.2893088744781
"Congo, Rep.",COG,2019,"Vulnerable employment, male (% of male employment) (modeled ILO estimate)",SL.EMP.VULN.MA.ZS,60.5844529100251
"Congo, Rep.",COG,2018,"Vulnerable employment, male (% of male employment) (modeled ILO estimate)",SL.EMP.VULN.MA.ZS,60.6849287356735
"Congo, Rep.",COG,2017,"Vulnerable employment, male (% of male employment) (modeled ILO estimate)",SL.EMP.VULN.MA.ZS,61.2531722165597
"Congo, Rep.",COG,2016,"Vulnerable employment, male (% of male employment) (modeled ILO estimate)",SL.EMP.VULN.MA.ZS,61.471034305601
"Congo, Rep.",COG,2015,"Vulnerable employment, male (% of male employment) (modeled ILO estimate)",SL.EMP.VULN.MA.ZS,61.1948197497043
"Congo, Rep.",COG,2014,"Vulnerable employment, male (% of male employment) (modeled ILO estimate)",SL.EMP.VULN.MA.ZS,61.0550662057159
"Congo, Rep.",COG,2013,"Vulnerable employment, male (% of male employment) (modeled ILO estimate)",SL.EMP.VULN.MA.ZS,61.1010023902189
"Congo, Rep.",COG,2012,"Vulnerable employment, male (% of male employment) (modeled ILO estimate)",SL.EMP.VULN.MA.ZS,61.2372028346718
"Congo, Rep.",COG,2011,"Vulnerable employment, male (% of male employment) (modeled ILO estimate)",SL.EMP.VULN.MA.ZS,61.4698450829861
"Congo, Rep.",COG,2010,"Vulnerable employment, male (% of male employment) (modeled ILO estimate)",SL.EMP.VULN.MA.ZS,61.6832199319863
"Congo, Rep.",COG,2009,"Vulnerable employment, male (% of male employment) (modeled ILO estimate)",SL.EMP.VULN.MA.ZS,62.4687461486047
"Congo, Rep.",COG,2008,"Vulnerable employment, male (% of male employment) (modeled ILO estimate)",SL.EMP.VULN.MA.ZS,62.5982687270165
"Congo, Rep.",COG,2007,"Vulnerable employment, male (% of male employment) (modeled ILO estimate)",SL.EMP.VULN.MA.ZS,63.1916443122604
"Congo, Rep.",COG,2006,"Vulnerable employment, male (% of male employment) (modeled ILO estimate)",SL.EMP.VULN.MA.ZS,63.1049553008542
"Congo, Rep.",COG,2005,"Vulnerable employment, male (% of male employment) (modeled ILO estimate)",SL.EMP.VULN.MA.ZS,63.5172177488436
"Congo, Rep.",COG,2004,"Vulnerable employment, male (% of male employment) (modeled ILO estimate)",SL.EMP.VULN.MA.ZS,63.5046912285931
"Congo, Rep.",COG,2003,"Vulnerable employment, male (% of male employment) (modeled ILO estimate)",SL.EMP.VULN.MA.ZS,63.8018557594617
"Congo, Rep.",COG,2002,"Vulnerable employment, male (% of male employment) (modeled ILO estimate)",SL.EMP.VULN.MA.ZS,63.9250081667588
"Congo, Rep.",COG,2001,"Vulnerable employment, male (% of male employment) (modeled ILO estimate)",SL.EMP.VULN.MA.ZS,64.0429314619427
"Congo, Rep.",COG,2000,"Vulnerable employment, male (% of male employment) (modeled ILO estimate)",SL.EMP.VULN.MA.ZS,64.1942734291019
"Congo, Rep.",COG,1999,"Vulnerable employment, male (% of male employment) (modeled ILO estimate)",SL.EMP.VULN.MA.ZS,64.7298466346124
"Congo, Rep.",COG,1998,"Vulnerable employment, male (% of male employment) (modeled ILO estimate)",SL.EMP.VULN.MA.ZS,65.0334777140673
"Congo, Rep.",COG,1997,"Vulnerable employment, male (% of male employment) (modeled ILO estimate)",SL.EMP.VULN.MA.ZS,64.9269436336595
"Congo, Rep.",COG,1996,"Vulnerable employment, male (% of male employment) (modeled ILO estimate)",SL.EMP.VULN.MA.ZS,64.9407007259615
"Congo, Rep.",COG,1995,"Vulnerable employment, male (% of male employment) (modeled ILO estimate)",SL.EMP.VULN.MA.ZS,65.0443108247761
"Congo, Rep.",COG,1994,"Vulnerable employment, male (% of male employment) (modeled ILO estimate)",SL.EMP.VULN.MA.ZS,65.0196356445249
"Congo, Rep.",COG,1993,"Vulnerable employment, male (% of male employment) (modeled ILO estimate)",SL.EMP.VULN.MA.ZS,65.0461167554743
"Congo, Rep.",COG,1992,"Vulnerable employment, male (% of male employment) (modeled ILO estimate)",SL.EMP.VULN.MA.ZS,64.9667636576334
"Congo, Rep.",COG,1991,"Vulnerable employment, male (% of male employment) (modeled ILO estimate)",SL.EMP.VULN.MA.ZS,64.8964068274879
"Congo, Rep.",COG,2023,"Wage and salaried workers, female (% of female employment) (modeled ILO estimate)",SL.EMP.WORK.FE.ZS,10.0662907658035
"Congo, Rep.",COG,2022,"Wage and salaried workers, female (% of female employment) (modeled ILO estimate)",SL.EMP.WORK.FE.ZS,9.92827925115829
"Congo, Rep.",COG,2021,"Wage and salaried workers, female (% of female employment) (modeled ILO estimate)",SL.EMP.WORK.FE.ZS,9.91139839912368
"Congo, Rep.",COG,2020,"Wage and salaried workers, female (% of female employment) (modeled ILO estimate)",SL.EMP.WORK.FE.ZS,9.88120431220394
"Congo, Rep.",COG,2019,"Wage and salaried workers, female (% of female employment) (modeled ILO estimate)",SL.EMP.WORK.FE.ZS,10.0944954858397
"Congo, Rep.",COG,2018,"Wage and salaried workers, female (% of female employment) (modeled ILO estimate)",SL.EMP.WORK.FE.ZS,9.95697424970379
"Congo, Rep.",COG,2017,"Wage and salaried workers, female (% of female employment) (modeled ILO estimate)",SL.EMP.WORK.FE.ZS,9.61877180817336
"Congo, Rep.",COG,2016,"Wage and salaried workers, female (% of female employment) (modeled ILO estimate)",SL.EMP.WORK.FE.ZS,9.36264461311428
"Congo, Rep.",COG,2015,"Wage and salaried workers, female (% of female employment) (modeled ILO estimate)",SL.EMP.WORK.FE.ZS,9.25373746593272
"Congo, Rep.",COG,2014,"Wage and salaried workers, female (% of female employment) (modeled ILO estimate)",SL.EMP.WORK.FE.ZS,9.21232769749719
"Congo, Rep.",COG,2013,"Wage and salaried workers, female (% of female employment) (modeled ILO estimate)",SL.EMP.WORK.FE.ZS,9.17575646632629
"Congo, Rep.",COG,2012,"Wage and salaried workers, female (% of female employment) (modeled ILO estimate)",SL.EMP.WORK.FE.ZS,9.03950023562392
"Congo, Rep.",COG,2011,"Wage and salaried workers, female (% of female employment) (modeled ILO estimate)",SL.EMP.WORK.FE.ZS,8.98573366772191
"Congo, Rep.",COG,2010,"Wage and salaried workers, female (% of female employment) (modeled ILO estimate)",SL.EMP.WORK.FE.ZS,8.85934009038162
"Congo, Rep.",COG,2009,"Wage and salaried workers, female (% of female employment) (modeled ILO estimate)",SL.EMP.WORK.FE.ZS,8.63182453951084
"Congo, Rep.",COG,2008,"Wage and salaried workers, female (% of female employment) (modeled ILO estimate)",SL.EMP.WORK.FE.ZS,8.6140516756583
"Congo, Rep.",COG,2007,"Wage and salaried workers, female (% of female employment) (modeled ILO estimate)",SL.EMP.WORK.FE.ZS,8.40807407348332
"Congo, Rep.",COG,2006,"Wage and salaried workers, female (% of female employment) (modeled ILO estimate)",SL.EMP.WORK.FE.ZS,8.28939035420604
"Congo, Rep.",COG,2005,"Wage and salaried workers, female (% of female employment) (modeled ILO estimate)",SL.EMP.WORK.FE.ZS,8.18117485435868
"Congo, Rep.",COG,2004,"Wage and salaried workers, female (% of female employment) (modeled ILO estimate)",SL.EMP.WORK.FE.ZS,8.19055631582938
"Congo, Rep.",COG,2003,"Wage and salaried workers, female (% of female employment) (modeled ILO estimate)",SL.EMP.WORK.FE.ZS,8.06870433964638
"Congo, Rep.",COG,2002,"Wage and salaried workers, female (% of female employment) (modeled ILO estimate)",SL.EMP.WORK.FE.ZS,7.98404849504458
"Congo, Rep.",COG,2001,"Wage and salaried workers, female (% of female employment) (modeled ILO estimate)",SL.EMP.WORK.FE.ZS,7.94236980038138
"Congo, Rep.",COG,2000,"Wage and salaried workers, female (% of female employment) (modeled ILO estimate)",SL.EMP.WORK.FE.ZS,7.86816318814748
"Congo, Rep.",COG,1999,"Wage and salaried workers, female (% of female employment) (modeled ILO estimate)",SL.EMP.WORK.FE.ZS,7.71415547529717
"Congo, Rep.",COG,1998,"Wage and salaried workers, female (% of female employment) (modeled ILO estimate)",SL.EMP.WORK.FE.ZS,7.56484133619689
"Congo, Rep.",COG,1997,"Wage and salaried workers, female (% of female employment) (modeled ILO estimate)",SL.EMP.WORK.FE.ZS,7.59021286894787
"Congo, Rep.",COG,1996,"Wage and salaried workers, female (% of female employment) (modeled ILO estimate)",SL.EMP.WORK.FE.ZS,7.55401025399257
"Congo, Rep.",COG,1995,"Wage and salaried workers, female (% of female employment) (modeled ILO estimate)",SL.EMP.WORK.FE.ZS,7.51826698233827
"Congo, Rep.",COG,1994,"Wage and salaried workers, female (% of female employment) (modeled ILO estimate)",SL.EMP.WORK.FE.ZS,7.5150022155963
"Congo, Rep.",COG,1993,"Wage and salaried workers, female (% of female employment) (modeled ILO estimate)",SL.EMP.WORK.FE.ZS,7.45399847520142
"Congo, Rep.",COG,1992,"Wage and salaried workers, female (% of female employment) (modeled ILO estimate)",SL.EMP.WORK.FE.ZS,7.45085529726066
"Congo, Rep.",COG,1991,"Wage and salaried workers, female (% of female employment) (modeled ILO estimate)",SL.EMP.WORK.FE.ZS,7.45749984241438
"Congo, Rep.",COG,2023,"Wage and salaried workers, male (% of male employment) (modeled ILO estimate)",SL.EMP.WORK.MA.ZS,37.7360358978441
"Congo, Rep.",COG,2022,"Wage and salaried workers, male (% of male employment) (modeled ILO estimate)",SL.EMP.WORK.MA.ZS,37.4121000155553
"Congo, Rep.",COG,2021,"Wage and salaried workers, male (% of male employment) (modeled ILO estimate)",SL.EMP.WORK.MA.ZS,37.3829007135436
"Congo, Rep.",COG,2020,"Wage and salaried workers, male (% of male employment) (modeled ILO estimate)",SL.EMP.WORK.MA.ZS,37.0763747001865
"Congo, Rep.",COG,2019,"Wage and salaried workers, male (% of male employment) (modeled ILO estimate)",SL.EMP.WORK.MA.ZS,37.7682558208153
"Congo, Rep.",COG,2018,"Wage and salaried workers, male (% of male employment) (modeled ILO estimate)",SL.EMP.WORK.MA.ZS,37.6502889458814
"Congo, Rep.",COG,2017,"Wage and salaried workers, male (% of male employment) (modeled ILO estimate)",SL.EMP.WORK.MA.ZS,37.0780635616716
"Congo, Rep.",COG,2016,"Wage and salaried workers, male (% of male employment) (modeled ILO estimate)",SL.EMP.WORK.MA.ZS,36.8454142489001
"Congo, Rep.",COG,2015,"Wage and salaried workers, male (% of male employment) (modeled ILO estimate)",SL.EMP.WORK.MA.ZS,37.1009803968524
"Congo, Rep.",COG,2014,"Wage and salaried workers, male (% of male employment) (modeled ILO estimate)",SL.EMP.WORK.MA.ZS,37.2378606572091
"Congo, Rep.",COG,2013,"Wage and salaried workers, male (% of male employment) (modeled ILO estimate)",SL.EMP.WORK.MA.ZS,37.1975622270332
"Congo, Rep.",COG,2012,"Wage and salaried workers, male (% of male employment) (modeled ILO estimate)",SL.EMP.WORK.MA.ZS,37.0633973962353
"Congo, Rep.",COG,2011,"Wage and salaried workers, male (% of male employment) (modeled ILO estimate)",SL.EMP.WORK.MA.ZS,36.8406988883227
"Congo, Rep.",COG,2010,"Wage and salaried workers, male (% of male employment) (modeled ILO estimate)",SL.EMP.WORK.MA.ZS,36.6265642768199
"Congo, Rep.",COG,2009,"Wage and salaried workers, male (% of male employment) (modeled ILO estimate)",SL.EMP.WORK.MA.ZS,35.8626346306131
"Congo, Rep.",COG,2008,"Wage and salaried workers, male (% of male employment) (modeled ILO estimate)",SL.EMP.WORK.MA.ZS,35.7323633397996
"Congo, Rep.",COG,2007,"Wage and salaried workers, male (% of male employment) (modeled ILO estimate)",SL.EMP.WORK.MA.ZS,35.1454016082958
"Congo, Rep.",COG,2006,"Wage and salaried workers, male (% of male employment) (modeled ILO estimate)",SL.EMP.WORK.MA.ZS,35.2105710556835
"Congo, Rep.",COG,2005,"Wage and salaried workers, male (% of male employment) (modeled ILO estimate)",SL.EMP.WORK.MA.ZS,34.8117447055258
"Congo, Rep.",COG,2004,"Wage and salaried workers, male (% of male employment) (modeled ILO estimate)",SL.EMP.WORK.MA.ZS,34.8219868470867
"Congo, Rep.",COG,2003,"Wage and salaried workers, male (% of male employment) (modeled ILO estimate)",SL.EMP.WORK.MA.ZS,34.5290619604834
"Congo, Rep.",COG,2002,"Wage and salaried workers, male (% of male employment) (modeled ILO estimate)",SL.EMP.WORK.MA.ZS,34.406053073895
"Congo, Rep.",COG,2001,"Wage and salaried workers, male (% of male employment) (modeled ILO estimate)",SL.EMP.WORK.MA.ZS,34.293783827374
"Congo, Rep.",COG,2000,"Wage and salaried workers, male (% of male employment) (modeled ILO estimate)",SL.EMP.WORK.MA.ZS,34.1477572559367
"Congo, Rep.",COG,1999,"Wage and salaried workers, male (% of male employment) (modeled ILO estimate)",SL.EMP.WORK.MA.ZS,33.6309700324973
"Congo, Rep.",COG,1998,"Wage and salaried workers, male (% of male employment) (modeled ILO estimate)",SL.EMP.WORK.MA.ZS,33.332423517753
"Congo, Rep.",COG,1997,"Wage and salaried workers, male (% of male employment) (modeled ILO estimate)",SL.EMP.WORK.MA.ZS,33.4387710929095
"Congo, Rep.",COG,1996,"Wage and salaried workers, male (% of male employment) (modeled ILO estimate)",SL.EMP.WORK.MA.ZS,33.4257762356023
"Congo, Rep.",COG,1995,"Wage and salaried workers, male (% of male employment) (modeled ILO estimate)",SL.EMP.WORK.MA.ZS,33.3277553780158
"Congo, Rep.",COG,1994,"Wage and salaried workers, male (% of male employment) (modeled ILO estimate)",SL.EMP.WORK.MA.ZS,33.3530778056584
"Congo, Rep.",COG,1993,"Wage and salaried workers, male (% of male employment) (modeled ILO estimate)",SL.EMP.WORK.MA.ZS,33.3255691655281
"Congo, Rep.",COG,1992,"Wage and salaried workers, male (% of male employment) (modeled ILO estimate)",SL.EMP.WORK.MA.ZS,33.4053743239961
"Congo, Rep.",COG,1991,"Wage and salaried workers, male (% of male employment) (modeled ILO estimate)",SL.EMP.WORK.MA.ZS,33.4787676169736
"Congo, Rep.",COG,2023,"Contributing family workers, female (% of female employment) (modeled ILO estimate)",SL.FAM.WORK.FE.ZS,3.06023813066492
"Congo, Rep.",COG,2022,"Contributing family workers, female (% of female employment) (modeled ILO estimate)",SL.FAM.WORK.FE.ZS,3.14501028812123
"Congo, Rep.",COG,2021,"Contributing family workers, female (% of female employment) (modeled ILO estimate)",SL.FAM.WORK.FE.ZS,3.28790100354292
"Congo, Rep.",COG,2020,"Contributing family workers, female (% of female employment) (modeled ILO estimate)",SL.FAM.WORK.FE.ZS,3.54511779276686
"Congo, Rep.",COG,2019,"Contributing family workers, female (% of female employment) (modeled ILO estimate)",SL.FAM.WORK.FE.ZS,3.52263632576839
"Congo, Rep.",COG,2018,"Contributing family workers, female (% of female employment) (modeled ILO estimate)",SL.FAM.WORK.FE.ZS,3.67094350185689
"Congo, Rep.",COG,2017,"Contributing family workers, female (% of female employment) (modeled ILO estimate)",SL.FAM.WORK.FE.ZS,3.7798979782286
"Congo, Rep.",COG,2016,"Contributing family workers, female (% of female employment) (modeled ILO estimate)",SL.FAM.WORK.FE.ZS,3.93105914468615
"Congo, Rep.",COG,2015,"Contributing family workers, female (% of female employment) (modeled ILO estimate)",SL.FAM.WORK.FE.ZS,4.14345305701767
"Congo, Rep.",COG,2014,"Contributing family workers, female (% of female employment) (modeled ILO estimate)",SL.FAM.WORK.FE.ZS,4.40789884645817
"Congo, Rep.",COG,2013,"Contributing family workers, female (% of female employment) (modeled ILO estimate)",SL.FAM.WORK.FE.ZS,4.70016594439072
"Congo, Rep.",COG,2012,"Contributing family workers, female (% of female employment) (modeled ILO estimate)",SL.FAM.WORK.FE.ZS,4.96018559914934
"Congo, Rep.",COG,2011,"Contributing family workers, female (% of female employment) (modeled ILO estimate)",SL.FAM.WORK.FE.ZS,5.24496704079815
"Congo, Rep.",COG,2010,"Contributing family workers, female (% of female employment) (modeled ILO estimate)",SL.FAM.WORK.FE.ZS,5.48015937779629
"Congo, Rep.",COG,2009,"Contributing family workers, female (% of female employment) (modeled ILO estimate)",SL.FAM.WORK.FE.ZS,5.65051024179932
"Congo, Rep.",COG,2008,"Contributing family workers, female (% of female employment) (modeled ILO estimate)",SL.FAM.WORK.FE.ZS,5.86372260022124
"Congo, Rep.",COG,2007,"Contributing family workers, female (% of female employment) (modeled ILO estimate)",SL.FAM.WORK.FE.ZS,5.9654355645232
"Congo, Rep.",COG,2006,"Contributing family workers, female (% of female employment) (modeled ILO estimate)",SL.FAM.WORK.FE.ZS,6.08389099164794
"Congo, Rep.",COG,2005,"Contributing family workers, female (% of female employment) (modeled ILO estimate)",SL.FAM.WORK.FE.ZS,6.18242407359666
"Congo, Rep.",COG,2004,"Contributing family workers, female (% of female employment) (modeled ILO estimate)",SL.FAM.WORK.FE.ZS,6.30608022473614
"Congo, Rep.",COG,2003,"Contributing family workers, female (% of female employment) (modeled ILO estimate)",SL.FAM.WORK.FE.ZS,6.35072033285705
"Congo, Rep.",COG,2002,"Contributing family workers, female (% of female employment) (modeled ILO estimate)",SL.FAM.WORK.FE.ZS,6.3943000573004
"Congo, Rep.",COG,2001,"Contributing family workers, female (% of female employment) (modeled ILO estimate)",SL.FAM.WORK.FE.ZS,6.43785407504361
"Congo, Rep.",COG,2000,"Contributing family workers, female (% of female employment) (modeled ILO estimate)",SL.FAM.WORK.FE.ZS,6.43936325129886
"Congo, Rep.",COG,1999,"Contributing family workers, female (% of female employment) (modeled ILO estimate)",SL.FAM.WORK.FE.ZS,6.36154844138995
"Congo, Rep.",COG,1998,"Contributing family workers, female (% of female employment) (modeled ILO estimate)",SL.FAM.WORK.FE.ZS,6.25122538801137
"Congo, Rep.",COG,1997,"Contributing family workers, female (% of female employment) (modeled ILO estimate)",SL.FAM.WORK.FE.ZS,6.21895421070223
"Congo, Rep.",COG,1996,"Contributing family workers, female (% of female employment) (modeled ILO estimate)",SL.FAM.WORK.FE.ZS,6.14249513819318
"Congo, Rep.",COG,1995,"Contributing family workers, female (% of female employment) (modeled ILO estimate)",SL.FAM.WORK.FE.ZS,6.04402549356098
"Congo, Rep.",COG,1994,"Contributing family workers, female (% of female employment) (modeled ILO estimate)",SL.FAM.WORK.FE.ZS,5.94831276709201
"Congo, Rep.",COG,1993,"Contributing family workers, female (% of female employment) (modeled ILO estimate)",SL.FAM.WORK.FE.ZS,5.82797593290886
"Congo, Rep.",COG,1992,"Contributing family workers, female (% of female employment) (modeled ILO estimate)",SL.FAM.WORK.FE.ZS,5.75461541528769
"Congo, Rep.",COG,1991,"Contributing family workers, female (% of female employment) (modeled ILO estimate)",SL.FAM.WORK.FE.ZS,5.70021459051033
"Congo, Rep.",COG,2023,"Contributing family workers, male (% of male employment) (modeled ILO estimate)",SL.FAM.WORK.MA.ZS,2.94165046979032
"Congo, Rep.",COG,2022,"Contributing family workers, male (% of male employment) (modeled ILO estimate)",SL.FAM.WORK.MA.ZS,3.11979085649484
"Congo, Rep.",COG,2021,"Contributing family workers, male (% of male employment) (modeled ILO estimate)",SL.FAM.WORK.MA.ZS,3.20139359957411
"Congo, Rep.",COG,2020,"Contributing family workers, male (% of male employment) (modeled ILO estimate)",SL.FAM.WORK.MA.ZS,3.37889757484232
"Congo, Rep.",COG,2019,"Contributing family workers, male (% of male employment) (modeled ILO estimate)",SL.FAM.WORK.MA.ZS,3.28977420504044
"Congo, Rep.",COG,2018,"Contributing family workers, male (% of male employment) (modeled ILO estimate)",SL.FAM.WORK.MA.ZS,3.53320910870704
"Congo, Rep.",COG,2017,"Contributing family workers, male (% of male employment) (modeled ILO estimate)",SL.FAM.WORK.MA.ZS,3.71646883692679
"Congo, Rep.",COG,2016,"Contributing family workers, male (% of male employment) (modeled ILO estimate)",SL.FAM.WORK.MA.ZS,3.91241262904041
"Congo, Rep.",COG,2015,"Contributing family workers, male (% of male employment) (modeled ILO estimate)",SL.FAM.WORK.MA.ZS,4.14034474335825
"Congo, Rep.",COG,2014,"Contributing family workers, male (% of male employment) (modeled ILO estimate)",SL.FAM.WORK.MA.ZS,4.38131268416766
"Congo, Rep.",COG,2013,"Contributing family workers, male (% of male employment) (modeled ILO estimate)",SL.FAM.WORK.MA.ZS,4.5905968038644
"Congo, Rep.",COG,2012,"Contributing family workers, male (% of male employment) (modeled ILO estimate)",SL.FAM.WORK.MA.ZS,4.75923787897151
"Congo, Rep.",COG,2011,"Contributing family workers, male (% of male employment) (modeled ILO estimate)",SL.FAM.WORK.MA.ZS,4.94668219286101
"Congo, Rep.",COG,2010,"Contributing family workers, male (% of male employment) (modeled ILO estimate)",SL.FAM.WORK.MA.ZS,5.12021263090225
"Congo, Rep.",COG,2009,"Contributing family workers, male (% of male employment) (modeled ILO estimate)",SL.FAM.WORK.MA.ZS,5.27812917455834
"Congo, Rep.",COG,2008,"Contributing family workers, male (% of male employment) (modeled ILO estimate)",SL.FAM.WORK.MA.ZS,5.47867082912876
"Congo, Rep.",COG,2007,"Contributing family workers, male (% of male employment) (modeled ILO estimate)",SL.FAM.WORK.MA.ZS,5.59224036190473
"Congo, Rep.",COG,2006,"Contributing family workers, male (% of male employment) (modeled ILO estimate)",SL.FAM.WORK.MA.ZS,5.80061874109256
"Congo, Rep.",COG,2005,"Contributing family workers, male (% of male employment) (modeled ILO estimate)",SL.FAM.WORK.MA.ZS,6.04037901450956
"Congo, Rep.",COG,2004,"Contributing family workers, male (% of male employment) (modeled ILO estimate)",SL.FAM.WORK.MA.ZS,6.30493585427984
"Congo, Rep.",COG,2003,"Contributing family workers, male (% of male employment) (modeled ILO estimate)",SL.FAM.WORK.MA.ZS,6.50084191231323
"Congo, Rep.",COG,2002,"Contributing family workers, male (% of male employment) (modeled ILO estimate)",SL.FAM.WORK.MA.ZS,6.70787458048409
"Congo, Rep.",COG,2001,"Contributing family workers, male (% of male employment) (modeled ILO estimate)",SL.FAM.WORK.MA.ZS,6.91325564211529
"Congo, Rep.",COG,2000,"Contributing family workers, male (% of male employment) (modeled ILO estimate)",SL.FAM.WORK.MA.ZS,7.11150200332258
"Congo, Rep.",COG,1999,"Contributing family workers, male (% of male employment) (modeled ILO estimate)",SL.FAM.WORK.MA.ZS,7.23510776889049
"Congo, Rep.",COG,1998,"Contributing family workers, male (% of male employment) (modeled ILO estimate)",SL.FAM.WORK.MA.ZS,7.33948228694044
"Congo, Rep.",COG,1997,"Contributing family workers, male (% of male employment) (modeled ILO estimate)",SL.FAM.WORK.MA.ZS,7.49465310548491
"Congo, Rep.",COG,1996,"Contributing family workers, male (% of male employment) (modeled ILO estimate)",SL.FAM.WORK.MA.ZS,7.59609023478745
"Congo, Rep.",COG,1995,"Contributing family workers, male (% of male employment) (modeled ILO estimate)",SL.FAM.WORK.MA.ZS,7.67722633910501
"Congo, Rep.",COG,1994,"Contributing family workers, male (% of male employment) (modeled ILO estimate)",SL.FAM.WORK.MA.ZS,7.74208744158279
"Congo, Rep.",COG,1993,"Contributing family workers, male (% of male employment) (modeled ILO estimate)",SL.FAM.WORK.MA.ZS,7.7727324027538
"Congo, Rep.",COG,1992,"Contributing family workers, male (% of male employment) (modeled ILO estimate)",SL.FAM.WORK.MA.ZS,7.82107397254842
"Congo, Rep.",COG,1991,"Contributing family workers, male (% of male employment) (modeled ILO estimate)",SL.FAM.WORK.MA.ZS,7.84424985047618
"Congo, Rep.",COG,2023,"Employment in industry, female (% of female employment) (modeled ILO estimate)",SL.IND.EMPL.FE.ZS,23.1394416009673
"Congo, Rep.",COG,2022,"Employment in industry, female (% of female employment) (modeled ILO estimate)",SL.IND.EMPL.FE.ZS,23.192795407977
"Congo, Rep.",COG,2021,"Employment in industry, female (% of female employment) (modeled ILO estimate)",SL.IND.EMPL.FE.ZS,23.248763400065
"Congo, Rep.",COG,2020,"Employment in industry, female (% of female employment) (modeled ILO estimate)",SL.IND.EMPL.FE.ZS,23.4158893534899
"Congo, Rep.",COG,2019,"Employment in industry, female (% of female employment) (modeled ILO estimate)",SL.IND.EMPL.FE.ZS,23.3793251927118
"Congo, Rep.",COG,2018,"Employment in industry, female (% of female employment) (modeled ILO estimate)",SL.IND.EMPL.FE.ZS,23.74753561147
"Congo, Rep.",COG,2017,"Employment in industry, female (% of female employment) (modeled ILO estimate)",SL.IND.EMPL.FE.ZS,23.9723970172166
"Congo, Rep.",COG,2016,"Employment in industry, female (% of female employment) (modeled ILO estimate)",SL.IND.EMPL.FE.ZS,24.03612242945
"Congo, Rep.",COG,2015,"Employment in industry, female (% of female employment) (modeled ILO estimate)",SL.IND.EMPL.FE.ZS,24.3756361575953
"Congo, Rep.",COG,2014,"Employment in industry, female (% of female employment) (modeled ILO estimate)",SL.IND.EMPL.FE.ZS,24.6742649814684
"Congo, Rep.",COG,2013,"Employment in industry, female (% of female employment) (modeled ILO estimate)",SL.IND.EMPL.FE.ZS,24.9420653775799
"Congo, Rep.",COG,2012,"Employment in industry, female (% of female employment) (modeled ILO estimate)",SL.IND.EMPL.FE.ZS,24.9154506189995
"Congo, Rep.",COG,2011,"Employment in industry, female (% of female employment) (modeled ILO estimate)",SL.IND.EMPL.FE.ZS,24.9177047787417
"Congo, Rep.",COG,2010,"Employment in industry, female (% of female employment) (modeled ILO estimate)",SL.IND.EMPL.FE.ZS,24.8279316341289
"Congo, Rep.",COG,2009,"Employment in industry, female (% of female employment) (modeled ILO estimate)",SL.IND.EMPL.FE.ZS,24.3901789912264
"Congo, Rep.",COG,2008,"Employment in industry, female (% of female employment) (modeled ILO estimate)",SL.IND.EMPL.FE.ZS,24.1640247934395
"Congo, Rep.",COG,2007,"Employment in industry, female (% of female employment) (modeled ILO estimate)",SL.IND.EMPL.FE.ZS,23.7280782205776
"Congo, Rep.",COG,2006,"Employment in industry, female (% of female employment) (modeled ILO estimate)",SL.IND.EMPL.FE.ZS,23.7217677727234
"Congo, Rep.",COG,2005,"Employment in industry, female (% of female employment) (modeled ILO estimate)",SL.IND.EMPL.FE.ZS,23.5069494308439
"Congo, Rep.",COG,2004,"Employment in industry, female (% of female employment) (modeled ILO estimate)",SL.IND.EMPL.FE.ZS,23.266906664452
"Congo, Rep.",COG,2003,"Employment in industry, female (% of female employment) (modeled ILO estimate)",SL.IND.EMPL.FE.ZS,23.0401369881018
"Congo, Rep.",COG,2002,"Employment in industry, female (% of female employment) (modeled ILO estimate)",SL.IND.EMPL.FE.ZS,22.8879400988962
"Congo, Rep.",COG,2001,"Employment in industry, female (% of female employment) (modeled ILO estimate)",SL.IND.EMPL.FE.ZS,22.9267365394554
"Congo, Rep.",COG,2000,"Employment in industry, female (% of female employment) (modeled ILO estimate)",SL.IND.EMPL.FE.ZS,22.8329625267199
"Congo, Rep.",COG,1999,"Employment in industry, female (% of female employment) (modeled ILO estimate)",SL.IND.EMPL.FE.ZS,22.6335951470949
"Congo, Rep.",COG,1998,"Employment in industry, female (% of female employment) (modeled ILO estimate)",SL.IND.EMPL.FE.ZS,22.3999801684331
"Congo, Rep.",COG,1997,"Employment in industry, female (% of female employment) (modeled ILO estimate)",SL.IND.EMPL.FE.ZS,22.4887341961806
"Congo, Rep.",COG,1996,"Employment in industry, female (% of female employment) (modeled ILO estimate)",SL.IND.EMPL.FE.ZS,22.7287406447051
"Congo, Rep.",COG,1995,"Employment in industry, female (% of female employment) (modeled ILO estimate)",SL.IND.EMPL.FE.ZS,22.7225217429351
"Congo, Rep.",COG,1994,"Employment in industry, female (% of female employment) (modeled ILO estimate)",SL.IND.EMPL.FE.ZS,22.6606682839268
"Congo, Rep.",COG,1993,"Employment in industry, female (% of female employment) (modeled ILO estimate)",SL.IND.EMPL.FE.ZS,22.6164719457666
"Congo, Rep.",COG,1992,"Employment in industry, female (% of female employment) (modeled ILO estimate)",SL.IND.EMPL.FE.ZS,22.6771402368515
"Congo, Rep.",COG,1991,"Employment in industry, female (% of female employment) (modeled ILO estimate)",SL.IND.EMPL.FE.ZS,22.7375500505644
"Congo, Rep.",COG,2023,"Employment in industry, male (% of male employment) (modeled ILO estimate)",SL.IND.EMPL.MA.ZS,23.1863220049047
"Congo, Rep.",COG,2022,"Employment in industry, male (% of male employment) (modeled ILO estimate)",SL.IND.EMPL.MA.ZS,23.1502993140615
"Congo, Rep.",COG,2021,"Employment in industry, male (% of male employment) (modeled ILO estimate)",SL.IND.EMPL.MA.ZS,23.1231914546501
"Congo, Rep.",COG,2020,"Employment in industry, male (% of male employment) (modeled ILO estimate)",SL.IND.EMPL.MA.ZS,22.9091898374345
"Congo, Rep.",COG,2019,"Employment in industry, male (% of male employment) (modeled ILO estimate)",SL.IND.EMPL.MA.ZS,22.8331355359871
"Congo, Rep.",COG,2018,"Employment in industry, male (% of male employment) (modeled ILO estimate)",SL.IND.EMPL.MA.ZS,23.151184666875
"Congo, Rep.",COG,2017,"Employment in industry, male (% of male employment) (modeled ILO estimate)",SL.IND.EMPL.MA.ZS,23.7109239289239
"Congo, Rep.",COG,2016,"Employment in industry, male (% of male employment) (modeled ILO estimate)",SL.IND.EMPL.MA.ZS,24.3838727196165
"Congo, Rep.",COG,2015,"Employment in industry, male (% of male employment) (modeled ILO estimate)",SL.IND.EMPL.MA.ZS,25.398001848721
"Congo, Rep.",COG,2014,"Employment in industry, male (% of male employment) (modeled ILO estimate)",SL.IND.EMPL.MA.ZS,25.5476030270355
"Congo, Rep.",COG,2013,"Employment in industry, male (% of male employment) (modeled ILO estimate)",SL.IND.EMPL.MA.ZS,25.4360585165626
"Congo, Rep.",COG,2012,"Employment in industry, male (% of male employment) (modeled ILO estimate)",SL.IND.EMPL.MA.ZS,25.5675403290107
"Congo, Rep.",COG,2011,"Employment in industry, male (% of male employment) (modeled ILO estimate)",SL.IND.EMPL.MA.ZS,25.1031841360367
"Congo, Rep.",COG,2010,"Employment in industry, male (% of male employment) (modeled ILO estimate)",SL.IND.EMPL.MA.ZS,25.0097915017868
"Congo, Rep.",COG,2009,"Employment in industry, male (% of male employment) (modeled ILO estimate)",SL.IND.EMPL.MA.ZS,24.4378556564336
"Congo, Rep.",COG,2008,"Employment in industry, male (% of male employment) (modeled ILO estimate)",SL.IND.EMPL.MA.ZS,23.8476278841622
"Congo, Rep.",COG,2007,"Employment in industry, male (% of male employment) (modeled ILO estimate)",SL.IND.EMPL.MA.ZS,23.407162672391
"Congo, Rep.",COG,2006,"Employment in industry, male (% of male employment) (modeled ILO estimate)",SL.IND.EMPL.MA.ZS,23.7531166159476
"Congo, Rep.",COG,2005,"Employment in industry, male (% of male employment) (modeled ILO estimate)",SL.IND.EMPL.MA.ZS,23.3212200682648
"Congo, Rep.",COG,2004,"Employment in industry, male (% of male employment) (modeled ILO estimate)",SL.IND.EMPL.MA.ZS,23.3108750507495
"Congo, Rep.",COG,2003,"Employment in industry, male (% of male employment) (modeled ILO estimate)",SL.IND.EMPL.MA.ZS,23.1921975687562
"Congo, Rep.",COG,2002,"Employment in industry, male (% of male employment) (modeled ILO estimate)",SL.IND.EMPL.MA.ZS,23.1488832071364
"Congo, Rep.",COG,2001,"Employment in industry, male (% of male employment) (modeled ILO estimate)",SL.IND.EMPL.MA.ZS,23.0089906267933
"Congo, Rep.",COG,2000,"Employment in industry, male (% of male employment) (modeled ILO estimate)",SL.IND.EMPL.MA.ZS,22.7886250366461
"Congo, Rep.",COG,1999,"Employment in industry, male (% of male employment) (modeled ILO estimate)",SL.IND.EMPL.MA.ZS,22.3871744896853
"Congo, Rep.",COG,1998,"Employment in industry, male (% of male employment) (modeled ILO estimate)",SL.IND.EMPL.MA.ZS,22.4434007226735
"Congo, Rep.",COG,1997,"Employment in industry, male (% of male employment) (modeled ILO estimate)",SL.IND.EMPL.MA.ZS,22.4500992229323
"Congo, Rep.",COG,1996,"Employment in industry, male (% of male employment) (modeled ILO estimate)",SL.IND.EMPL.MA.ZS,22.583888647924
"Congo, Rep.",COG,1995,"Employment in industry, male (% of male employment) (modeled ILO estimate)",SL.IND.EMPL.MA.ZS,22.5194870391686
"Congo, Rep.",COG,1994,"Employment in industry, male (% of male employment) (modeled ILO estimate)",SL.IND.EMPL.MA.ZS,22.5378487542326
"Congo, Rep.",COG,1993,"Employment in industry, male (% of male employment) (modeled ILO estimate)",SL.IND.EMPL.MA.ZS,22.7099507015366
"Congo, Rep.",COG,1992,"Employment in industry, male (% of male employment) (modeled ILO estimate)",SL.IND.EMPL.MA.ZS,22.8111352900063
"Congo, Rep.",COG,1991,"Employment in industry, male (% of male employment) (modeled ILO estimate)",SL.IND.EMPL.MA.ZS,22.8766338992235
"Congo, Rep.",COG,2023,"Employment in services, female (% of female employment) (modeled ILO estimate)",SL.SRV.EMPL.FE.ZS,46.9803937074237
"Congo, Rep.",COG,2022,"Employment in services, female (% of female employment) (modeled ILO estimate)",SL.SRV.EMPL.FE.ZS,46.4693601337725
"Congo, Rep.",COG,2021,"Employment in services, female (% of female employment) (modeled ILO estimate)",SL.SRV.EMPL.FE.ZS,45.6881885451195
"Congo, Rep.",COG,2020,"Employment in services, female (% of female employment) (modeled ILO estimate)",SL.SRV.EMPL.FE.ZS,45.5736767081405
"Congo, Rep.",COG,2019,"Employment in services, female (% of female employment) (modeled ILO estimate)",SL.SRV.EMPL.FE.ZS,45.7544895886474
"Congo, Rep.",COG,2018,"Employment in services, female (% of female employment) (modeled ILO estimate)",SL.SRV.EMPL.FE.ZS,44.7419540881702
"Congo, Rep.",COG,2017,"Employment in services, female (% of female employment) (modeled ILO estimate)",SL.SRV.EMPL.FE.ZS,44.5502896632194
"Congo, Rep.",COG,2016,"Employment in services, female (% of female employment) (modeled ILO estimate)",SL.SRV.EMPL.FE.ZS,44.5092345892912
"Congo, Rep.",COG,2015,"Employment in services, female (% of female employment) (modeled ILO estimate)",SL.SRV.EMPL.FE.ZS,43.5765068442225
"Congo, Rep.",COG,2014,"Employment in services, female (% of female employment) (modeled ILO estimate)",SL.SRV.EMPL.FE.ZS,42.3511483363178
"Congo, Rep.",COG,2013,"Employment in services, female (% of female employment) (modeled ILO estimate)",SL.SRV.EMPL.FE.ZS,41.0527321132242
"Congo, Rep.",COG,2012,"Employment in services, female (% of female employment) (modeled ILO estimate)",SL.SRV.EMPL.FE.ZS,40.392384312683
"Congo, Rep.",COG,2011,"Employment in services, female (% of female employment) (modeled ILO estimate)",SL.SRV.EMPL.FE.ZS,39.3641135276624
"Congo, Rep.",COG,2010,"Employment in services, female (% of female employment) (modeled ILO estimate)",SL.SRV.EMPL.FE.ZS,38.5261493266401
"Congo, Rep.",COG,2009,"Employment in services, female (% of female employment) (modeled ILO estimate)",SL.SRV.EMPL.FE.ZS,38.2153513142681
"Congo, Rep.",COG,2008,"Employment in services, female (% of female employment) (modeled ILO estimate)",SL.SRV.EMPL.FE.ZS,37.0172787778787
"Congo, Rep.",COG,2007,"Employment in services, female (% of female employment) (modeled ILO estimate)",SL.SRV.EMPL.FE.ZS,36.9322667857627
"Congo, Rep.",COG,2006,"Employment in services, female (% of female employment) (modeled ILO estimate)",SL.SRV.EMPL.FE.ZS,36.0952508511627
"Congo, Rep.",COG,2005,"Employment in services, female (% of female employment) (modeled ILO estimate)",SL.SRV.EMPL.FE.ZS,35.2362875695765
"Congo, Rep.",COG,2004,"Employment in services, female (% of female employment) (modeled ILO estimate)",SL.SRV.EMPL.FE.ZS,34.4843959313515
"Congo, Rep.",COG,2003,"Employment in services, female (% of female employment) (modeled ILO estimate)",SL.SRV.EMPL.FE.ZS,34.1097744840885
"Congo, Rep.",COG,2002,"Employment in services, female (% of female employment) (modeled ILO estimate)",SL.SRV.EMPL.FE.ZS,33.6268451403667
"Congo, Rep.",COG,2001,"Employment in services, female (% of female employment) (modeled ILO estimate)",SL.SRV.EMPL.FE.ZS,32.4920348585086
"Congo, Rep.",COG,2000,"Employment in services, female (% of female employment) (modeled ILO estimate)",SL.SRV.EMPL.FE.ZS,31.5418284401402
"Congo, Rep.",COG,1999,"Employment in services, female (% of female employment) (modeled ILO estimate)",SL.SRV.EMPL.FE.ZS,31.3043497317578
"Congo, Rep.",COG,1998,"Employment in services, female (% of female employment) (modeled ILO estimate)",SL.SRV.EMPL.FE.ZS,31.8362002717826
"Congo, Rep.",COG,1997,"Employment in services, female (% of female employment) (modeled ILO estimate)",SL.SRV.EMPL.FE.ZS,31.0281558657093
"Congo, Rep.",COG,1996,"Employment in services, female (% of female employment) (modeled ILO estimate)",SL.SRV.EMPL.FE.ZS,30.2014261300018
"Congo, Rep.",COG,1995,"Employment in services, female (% of female employment) (modeled ILO estimate)",SL.SRV.EMPL.FE.ZS,30.008653420775
"Congo, Rep.",COG,1994,"Employment in services, female (% of female employment) (modeled ILO estimate)",SL.SRV.EMPL.FE.ZS,29.9503556219817
"Congo, Rep.",COG,1993,"Employment in services, female (% of female employment) (modeled ILO estimate)",SL.SRV.EMPL.FE.ZS,30.1170901073541
"Congo, Rep.",COG,1992,"Employment in services, female (% of female employment) (modeled ILO estimate)",SL.SRV.EMPL.FE.ZS,29.8454218004439
"Congo, Rep.",COG,1991,"Employment in services, female (% of female employment) (modeled ILO estimate)",SL.SRV.EMPL.FE.ZS,29.6096535582834
"Congo, Rep.",COG,2023,"Employment in services, male (% of male employment) (modeled ILO estimate)",SL.SRV.EMPL.MA.ZS,46.3802165753752
"Congo, Rep.",COG,2022,"Employment in services, male (% of male employment) (modeled ILO estimate)",SL.SRV.EMPL.MA.ZS,46.0039440209946
"Congo, Rep.",COG,2021,"Employment in services, male (% of male employment) (modeled ILO estimate)",SL.SRV.EMPL.MA.ZS,45.5819974068572
"Congo, Rep.",COG,2020,"Employment in services, male (% of male employment) (modeled ILO estimate)",SL.SRV.EMPL.MA.ZS,45.5107932841787
"Congo, Rep.",COG,2019,"Employment in services, male (% of male employment) (modeled ILO estimate)",SL.SRV.EMPL.MA.ZS,45.9699610306444
"Congo, Rep.",COG,2018,"Employment in services, male (% of male employment) (modeled ILO estimate)",SL.SRV.EMPL.MA.ZS,45.2671766020144
"Congo, Rep.",COG,2017,"Employment in services, male (% of male employment) (modeled ILO estimate)",SL.SRV.EMPL.MA.ZS,44.5833611345664
"Congo, Rep.",COG,2016,"Employment in services, male (% of male employment) (modeled ILO estimate)",SL.SRV.EMPL.MA.ZS,43.9027708866298
"Congo, Rep.",COG,2015,"Employment in services, male (% of male employment) (modeled ILO estimate)",SL.SRV.EMPL.MA.ZS,42.9002648556226
"Congo, Rep.",COG,2014,"Employment in services, male (% of male employment) (modeled ILO estimate)",SL.SRV.EMPL.MA.ZS,42.318537234075
"Congo, Rep.",COG,2013,"Employment in services, male (% of male employment) (modeled ILO estimate)",SL.SRV.EMPL.MA.ZS,41.8086823762029
"Congo, Rep.",COG,2012,"Employment in services, male (% of male employment) (modeled ILO estimate)",SL.SRV.EMPL.MA.ZS,41.2528943121583
"Congo, Rep.",COG,2011,"Employment in services, male (% of male employment) (modeled ILO estimate)",SL.SRV.EMPL.MA.ZS,40.8618347717767
"Congo, Rep.",COG,2010,"Employment in services, male (% of male employment) (modeled ILO estimate)",SL.SRV.EMPL.MA.ZS,40.3427430790964
"Congo, Rep.",COG,2009,"Employment in services, male (% of male employment) (modeled ILO estimate)",SL.SRV.EMPL.MA.ZS,40.0028048782215
"Congo, Rep.",COG,2008,"Employment in services, male (% of male employment) (modeled ILO estimate)",SL.SRV.EMPL.MA.ZS,39.565305395786
"Congo, Rep.",COG,2007,"Employment in services, male (% of male employment) (modeled ILO estimate)",SL.SRV.EMPL.MA.ZS,39.1985086544759
"Congo, Rep.",COG,2006,"Employment in services, male (% of male employment) (modeled ILO estimate)",SL.SRV.EMPL.MA.ZS,38.4621218584985
"Congo, Rep.",COG,2005,"Employment in services, male (% of male employment) (modeled ILO estimate)",SL.SRV.EMPL.MA.ZS,37.9365387910017
"Congo, Rep.",COG,2004,"Employment in services, male (% of male employment) (modeled ILO estimate)",SL.SRV.EMPL.MA.ZS,37.2332971876611
"Congo, Rep.",COG,2003,"Employment in services, male (% of male employment) (modeled ILO estimate)",SL.SRV.EMPL.MA.ZS,36.688016426171
"Congo, Rep.",COG,2002,"Employment in services, male (% of male employment) (modeled ILO estimate)",SL.SRV.EMPL.MA.ZS,36.1313835310693
"Congo, Rep.",COG,2001,"Employment in services, male (% of male employment) (modeled ILO estimate)",SL.SRV.EMPL.MA.ZS,35.688137398682
"Congo, Rep.",COG,2000,"Employment in services, male (% of male employment) (modeled ILO estimate)",SL.SRV.EMPL.MA.ZS,35.169744942832
"Congo, Rep.",COG,1999,"Employment in services, male (% of male employment) (modeled ILO estimate)",SL.SRV.EMPL.MA.ZS,34.7455737959723
"Congo, Rep.",COG,1998,"Employment in services, male (% of male employment) (modeled ILO estimate)",SL.SRV.EMPL.MA.ZS,34.3068360043419
"Congo, Rep.",COG,1997,"Employment in services, male (% of male employment) (modeled ILO estimate)",SL.SRV.EMPL.MA.ZS,33.9385289289495
"Congo, Rep.",COG,1996,"Employment in services, male (% of male employment) (modeled ILO estimate)",SL.SRV.EMPL.MA.ZS,33.6143860433124
"Congo, Rep.",COG,1995,"Employment in services, male (% of male employment) (modeled ILO estimate)",SL.SRV.EMPL.MA.ZS,33.3037852457052
"Congo, Rep.",COG,1994,"Employment in services, male (% of male employment) (modeled ILO estimate)",SL.SRV.EMPL.MA.ZS,33.0419857653237
"Congo, Rep.",COG,1993,"Employment in services, male (% of male employment) (modeled ILO estimate)",SL.SRV.EMPL.MA.ZS,32.8397883984123
"Congo, Rep.",COG,1992,"Employment in services, male (% of male employment) (modeled ILO estimate)",SL.SRV.EMPL.MA.ZS,32.5768203155594
"Congo, Rep.",COG,1991,"Employment in services, male (% of male employment) (modeled ILO estimate)",SL.SRV.EMPL.MA.ZS,32.3656458151221
"Congo, Rep.",COG,2012,"Children in employment, female (% of female children ages 7-14)",SL.TLF.0714.FE.ZS,31.6
"Congo, Rep.",COG,2005,"Children in employment, female (% of female children ages 7-14)",SL.TLF.0714.FE.ZS,30.183
"Congo, Rep.",COG,2012,"Children in employment, male (% of male children ages 7-14)",SL.TLF.0714.MA.ZS,31.4
"Congo, Rep.",COG,2005,"Children in employment, male (% of male children ages 7-14)",SL.TLF.0714.MA.ZS,29.9
"Congo, Rep.",COG,2012,"Children in employment, study and work, female (% of female children in employment, ages 7-14)",SL.TLF.0714.SW.FE.ZS,94.9
"Congo, Rep.",COG,2012,"Children in employment, study and work, male (% of male children in employment, ages 7-14)",SL.TLF.0714.SW.MA.ZS,95.2
"Congo, Rep.",COG,2012,"Children in employment, work only, female (% of female children in employment, ages 7-14)",SL.TLF.0714.WK.FE.ZS,5.1
"Congo, Rep.",COG,2012,"Children in employment, work only, male (% of male children in employment, ages 7-14)",SL.TLF.0714.WK.MA.ZS,4.8
"Congo, Rep.",COG,2024,"Labor force participation rate, female (% of female population ages 15+) (modeled ILO estimate)",SL.TLF.CACT.FE.ZS,66.285
"Congo, Rep.",COG,2023,"Labor force participation rate, female (% of female population ages 15+) (modeled ILO estimate)",SL.TLF.CACT.FE.ZS,66.341
"Congo, Rep.",COG,2022,"Labor force participation rate, female (% of female population ages 15+) (modeled ILO estimate)",SL.TLF.CACT.FE.ZS,66.287
"Congo, Rep.",COG,2021,"Labor force participation rate, female (% of female population ages 15+) (modeled ILO estimate)",SL.TLF.CACT.FE.ZS,65.88
"Congo, Rep.",COG,2020,"Labor force participation rate, female (% of female population ages 15+) (modeled ILO estimate)",SL.TLF.CACT.FE.ZS,65.318
"Congo, Rep.",COG,2019,"Labor force participation rate, female (% of female population ages 15+) (modeled ILO estimate)",SL.TLF.CACT.FE.ZS,66.583
"Congo, Rep.",COG,2018,"Labor force participation rate, female (% of female population ages 15+) (modeled ILO estimate)",SL.TLF.CACT.FE.ZS,66.551
"Congo, Rep.",COG,2017,"Labor force participation rate, female (% of female population ages 15+) (modeled ILO estimate)",SL.TLF.CACT.FE.ZS,66.541
"Congo, Rep.",COG,2016,"Labor force participation rate, female (% of female population ages 15+) (modeled ILO estimate)",SL.TLF.CACT.FE.ZS,66.55
"Congo, Rep.",COG,2015,"Labor force participation rate, female (% of female population ages 15+) (modeled ILO estimate)",SL.TLF.CACT.FE.ZS,66.592
"Congo, Rep.",COG,2014,"Labor force participation rate, female (% of female population ages 15+) (modeled ILO estimate)",SL.TLF.CACT.FE.ZS,66.665
"Congo, Rep.",COG,2013,"Labor force participation rate, female (% of female population ages 15+) (modeled ILO estimate)",SL.TLF.CACT.FE.ZS,66.759
"Congo, Rep.",COG,2012,"Labor force participation rate, female (% of female population ages 15+) (modeled ILO estimate)",SL.TLF.CACT.FE.ZS,66.872
"Congo, Rep.",COG,2011,"Labor force participation rate, female (% of female population ages 15+) (modeled ILO estimate)",SL.TLF.CACT.FE.ZS,66.967
"Congo, Rep.",COG,2010,"Labor force participation rate, female (% of female population ages 15+) (modeled ILO estimate)",SL.TLF.CACT.FE.ZS,67.032
"Congo, Rep.",COG,2009,"Labor force participation rate, female (% of female population ages 15+) (modeled ILO estimate)",SL.TLF.CACT.FE.ZS,67.002
"Congo, Rep.",COG,2008,"Labor force participation rate, female (% of female population ages 15+) (modeled ILO estimate)",SL.TLF.CACT.FE.ZS,66.96
"Congo, Rep.",COG,2007,"Labor force participation rate, female (% of female population ages 15+) (modeled ILO estimate)",SL.TLF.CACT.FE.ZS,66.959
"Congo, Rep.",COG,2006,"Labor force participation rate, female (% of female population ages 15+) (modeled ILO estimate)",SL.TLF.CACT.FE.ZS,66.9
"Congo, Rep.",COG,2005,"Labor force participation rate, female (% of female population ages 15+) (modeled ILO estimate)",SL.TLF.CACT.FE.ZS,66.817
"Congo, Rep.",COG,2004,"Labor force participation rate, female (% of female population ages 15+) (modeled ILO estimate)",SL.TLF.CACT.FE.ZS,66.732
"Congo, Rep.",COG,2003,"Labor force participation rate, female (% of female population ages 15+) (modeled ILO estimate)",SL.TLF.CACT.FE.ZS,66.648
"Congo, Rep.",COG,2002,"Labor force participation rate, female (% of female population ages 15+) (modeled ILO estimate)",SL.TLF.CACT.FE.ZS,66.609
"Congo, Rep.",COG,2001,"Labor force participation rate, female (% of female population ages 15+) (modeled ILO estimate)",SL.TLF.CACT.FE.ZS,66.602
"Congo, Rep.",COG,2000,"Labor force participation rate, female (% of female population ages 15+) (modeled ILO estimate)",SL.TLF.CACT.FE.ZS,66.452
"Congo, Rep.",COG,1999,"Labor force participation rate, female (% of female population ages 15+) (modeled ILO estimate)",SL.TLF.CACT.FE.ZS,66.286
"Congo, Rep.",COG,1998,"Labor force participation rate, female (% of female population ages 15+) (modeled ILO estimate)",SL.TLF.CACT.FE.ZS,66.232
"Congo, Rep.",COG,1997,"Labor force participation rate, female (% of female population ages 15+) (modeled ILO estimate)",SL.TLF.CACT.FE.ZS,66.237
"Congo, Rep.",COG,1996,"Labor force participation rate, female (% of female population ages 15+) (modeled ILO estimate)",SL.TLF.CACT.FE.ZS,66.256
"Congo, Rep.",COG,1995,"Labor force participation rate, female (% of female population ages 15+) (modeled ILO estimate)",SL.TLF.CACT.FE.ZS,66.229
"Congo, Rep.",COG,1994,"Labor force participation rate, female (% of female population ages 15+) (modeled ILO estimate)",SL.TLF.CACT.FE.ZS,66.202
"Congo, Rep.",COG,1993,"Labor force participation rate, female (% of female population ages 15+) (modeled ILO estimate)",SL.TLF.CACT.FE.ZS,66.16
"Congo, Rep.",COG,1992,"Labor force participation rate, female (% of female population ages 15+) (modeled ILO estimate)",SL.TLF.CACT.FE.ZS,66.109
"Congo, Rep.",COG,1991,"Labor force participation rate, female (% of female population ages 15+) (modeled ILO estimate)",SL.TLF.CACT.FE.ZS,66.067
"Congo, Rep.",COG,1990,"Labor force participation rate, female (% of female population ages 15+) (modeled ILO estimate)",SL.TLF.CACT.FE.ZS,66.025
"Congo, Rep.",COG,2024,"Labor force participation rate, male (% of male population ages 15+) (modeled ILO estimate)",SL.TLF.CACT.MA.ZS,69.673
"Congo, Rep.",COG,2023,"Labor force participation rate, male (% of male population ages 15+) (modeled ILO estimate)",SL.TLF.CACT.MA.ZS,69.694
"Congo, Rep.",COG,2022,"Labor force participation rate, male (% of male population ages 15+) (modeled ILO estimate)",SL.TLF.CACT.MA.ZS,69.675
"Congo, Rep.",COG,2021,"Labor force participation rate, male (% of male population ages 15+) (modeled ILO estimate)",SL.TLF.CACT.MA.ZS,68.668
"Congo, Rep.",COG,2020,"Labor force participation rate, male (% of male population ages 15+) (modeled ILO estimate)",SL.TLF.CACT.MA.ZS,68.454
"Congo, Rep.",COG,2019,"Labor force participation rate, male (% of male population ages 15+) (modeled ILO estimate)",SL.TLF.CACT.MA.ZS,69.78
"Congo, Rep.",COG,2018,"Labor force participation rate, male (% of male population ages 15+) (modeled ILO estimate)",SL.TLF.CACT.MA.ZS,69.882
"Congo, Rep.",COG,2017,"Labor force participation rate, male (% of male population ages 15+) (modeled ILO estimate)",SL.TLF.CACT.MA.ZS,69.916
"Congo, Rep.",COG,2016,"Labor force participation rate, male (% of male population ages 15+) (modeled ILO estimate)",SL.TLF.CACT.MA.ZS,69.883
"Congo, Rep.",COG,2015,"Labor force participation rate, male (% of male population ages 15+) (modeled ILO estimate)",SL.TLF.CACT.MA.ZS,69.746
"Congo, Rep.",COG,2014,"Labor force participation rate, male (% of male population ages 15+) (modeled ILO estimate)",SL.TLF.CACT.MA.ZS,69.511
"Congo, Rep.",COG,2013,"Labor force participation rate, male (% of male population ages 15+) (modeled ILO estimate)",SL.TLF.CACT.MA.ZS,69.208
"Congo, Rep.",COG,2012,"Labor force participation rate, male (% of male population ages 15+) (modeled ILO estimate)",SL.TLF.CACT.MA.ZS,68.85
"Congo, Rep.",COG,2011,"Labor force participation rate, male (% of male population ages 15+) (modeled ILO estimate)",SL.TLF.CACT.MA.ZS,68.549
"Congo, Rep.",COG,2010,"Labor force participation rate, male (% of male population ages 15+) (modeled ILO estimate)",SL.TLF.CACT.MA.ZS,68.347
"Congo, Rep.",COG,2009,"Labor force participation rate, male (% of male population ages 15+) (modeled ILO estimate)",SL.TLF.CACT.MA.ZS,68.442
"Congo, Rep.",COG,2008,"Labor force participation rate, male (% of male population ages 15+) (modeled ILO estimate)",SL.TLF.CACT.MA.ZS,68.575
"Congo, Rep.",COG,2007,"Labor force participation rate, male (% of male population ages 15+) (modeled ILO estimate)",SL.TLF.CACT.MA.ZS,68.581
"Congo, Rep.",COG,2006,"Labor force participation rate, male (% of male population ages 15+) (modeled ILO estimate)",SL.TLF.CACT.MA.ZS,68.768
"Congo, Rep.",COG,2005,"Labor force participation rate, male (% of male population ages 15+) (modeled ILO estimate)",SL.TLF.CACT.MA.ZS,69.036
"Congo, Rep.",COG,2004,"Labor force participation rate, male (% of male population ages 15+) (modeled ILO estimate)",SL.TLF.CACT.MA.ZS,69.316
"Congo, Rep.",COG,2003,"Labor force participation rate, male (% of male population ages 15+) (modeled ILO estimate)",SL.TLF.CACT.MA.ZS,69.596
"Congo, Rep.",COG,2002,"Labor force participation rate, male (% of male population ages 15+) (modeled ILO estimate)",SL.TLF.CACT.MA.ZS,69.73
"Congo, Rep.",COG,2001,"Labor force participation rate, male (% of male population ages 15+) (modeled ILO estimate)",SL.TLF.CACT.MA.ZS,69.759
"Congo, Rep.",COG,2000,"Labor force participation rate, male (% of male population ages 15+) (modeled ILO estimate)",SL.TLF.CACT.MA.ZS,70.27
"Congo, Rep.",COG,1999,"Labor force participation rate, male (% of male population ages 15+) (modeled ILO estimate)",SL.TLF.CACT.MA.ZS,70.849
"Congo, Rep.",COG,1998,"Labor force participation rate, male (% of male population ages 15+) (modeled ILO estimate)",SL.TLF.CACT.MA.ZS,71.046
"Congo, Rep.",COG,1997,"Labor force participation rate, male (% of male population ages 15+) (modeled ILO estimate)",SL.TLF.CACT.MA.ZS,71.016
"Congo, Rep.",COG,1996,"Labor force participation rate, male (% of male population ages 15+) (modeled ILO estimate)",SL.TLF.CACT.MA.ZS,70.939
"Congo, Rep.",COG,1995,"Labor force participation rate, male (% of male population ages 15+) (modeled ILO estimate)",SL.TLF.CACT.MA.ZS,71.052
"Congo, Rep.",COG,1994,"Labor force participation rate, male (% of male population ages 15+) (modeled ILO estimate)",SL.TLF.CACT.MA.ZS,71.163
"Congo, Rep.",COG,1993,"Labor force participation rate, male (% of male population ages 15+) (modeled ILO estimate)",SL.TLF.CACT.MA.ZS,71.33
"Congo, Rep.",COG,1992,"Labor force participation rate, male (% of male population ages 15+) (modeled ILO estimate)",SL.TLF.CACT.MA.ZS,71.531
"Congo, Rep.",COG,1991,"Labor force participation rate, male (% of male population ages 15+) (modeled ILO estimate)",SL.TLF.CACT.MA.ZS,71.703
"Congo, Rep.",COG,1990,"Labor force participation rate, male (% of male population ages 15+) (modeled ILO estimate)",SL.TLF.CACT.MA.ZS,71.875
"Congo, Rep.",COG,2009,"Part time employment, female (% of total female employment)",SL.TLF.PART.FE.ZS,18.14
"Congo, Rep.",COG,2009,"Part time employment, male (% of total male employment)",SL.TLF.PART.MA.ZS,19.65
"Congo, Rep.",COG,2024,"Labor force, female (% of total labor force)",SL.TLF.TOTL.FE.ZS,49.0684407383192
"Congo, Rep.",COG,2023,"Labor force, female (% of total labor force)",SL.TLF.TOTL.FE.ZS,49.0768666932988
"Congo, Rep.",COG,2022,"Labor force, female (% of total labor force)",SL.TLF.TOTL.FE.ZS,49.0573225570312
"Congo, Rep.",COG,2021,"Labor force, female (% of total labor force)",SL.TLF.TOTL.FE.ZS,49.2612478850868
"Congo, Rep.",COG,2020,"Labor force, female (% of total labor force)",SL.TLF.TOTL.FE.ZS,49.1155253509824
"Congo, Rep.",COG,2019,"Labor force, female (% of total labor force)",SL.TLF.TOTL.FE.ZS,49.1046812438514
"Congo, Rep.",COG,2018,"Labor force, female (% of total labor force)",SL.TLF.TOTL.FE.ZS,49.0486273536305
"Congo, Rep.",COG,2017,"Labor force, female (% of total labor force)",SL.TLF.TOTL.FE.ZS,49.0264065119412
"Congo, Rep.",COG,2016,"Labor force, female (% of total labor force)",SL.TLF.TOTL.FE.ZS,49.0342155735676
"Congo, Rep.",COG,2015,"Labor force, female (% of total labor force)",SL.TLF.TOTL.FE.ZS,49.0920665746835
"Congo, Rep.",COG,2014,"Labor force, female (% of total labor force)",SL.TLF.TOTL.FE.ZS,49.1974670274405
"Congo, Rep.",COG,2013,"Labor force, female (% of total labor force)",SL.TLF.TOTL.FE.ZS,49.3358809128746
"Congo, Rep.",COG,2012,"Labor force, female (% of total labor force)",SL.TLF.TOTL.FE.ZS,49.5041800094562
"Congo, Rep.",COG,2011,"Labor force, female (% of total labor force)",SL.TLF.TOTL.FE.ZS,49.6479530359533
"Congo, Rep.",COG,2010,"Labor force, female (% of total labor force)",SL.TLF.TOTL.FE.ZS,49.7523990338282
"Congo, Rep.",COG,2009,"Labor force, female (% of total labor force)",SL.TLF.TOTL.FE.ZS,49.7224832097992
"Congo, Rep.",COG,2008,"Labor force, female (% of total labor force)",SL.TLF.TOTL.FE.ZS,49.6790311863058
"Congo, Rep.",COG,2007,"Labor force, female (% of total labor force)",SL.TLF.TOTL.FE.ZS,49.7008046031599
"Congo, Rep.",COG,2006,"Labor force, female (% of total labor force)",SL.TLF.TOTL.FE.ZS,49.6460351781779
"Congo, Rep.",COG,2005,"Labor force, female (% of total labor force)",SL.TLF.TOTL.FE.ZS,49.5631115930082
"Congo, Rep.",COG,2004,"Labor force, female (% of total labor force)",SL.TLF.TOTL.FE.ZS,49.4817054706833
"Congo, Rep.",COG,2003,"Labor force, female (% of total labor force)",SL.TLF.TOTL.FE.ZS,49.4064162049254
"Congo, Rep.",COG,2002,"Labor force, female (% of total labor force)",SL.TLF.TOTL.FE.ZS,49.3962423649729
"Congo, Rep.",COG,2001,"Labor force, female (% of total labor force)",SL.TLF.TOTL.FE.ZS,49.4350572428509
"Congo, Rep.",COG,2000,"Labor force, female (% of total labor force)",SL.TLF.TOTL.FE.ZS,49.2692086408725
"Congo, Rep.",COG,1999,"Labor force, female (% of total labor force)",SL.TLF.TOTL.FE.ZS,49.0745929079309
"Congo, Rep.",COG,1998,"Labor force, female (% of total labor force)",SL.TLF.TOTL.FE.ZS,49.0258323980709
"Congo, Rep.",COG,1997,"Labor force, female (% of total labor force)",SL.TLF.TOTL.FE.ZS,48.9738196791029
"Congo, Rep.",COG,1996,"Labor force, female (% of total labor force)",SL.TLF.TOTL.FE.ZS,48.9672323606883
"Congo, Rep.",COG,1995,"Labor force, female (% of total labor force)",SL.TLF.TOTL.FE.ZS,49.0001355653308
"Congo, Rep.",COG,1994,"Labor force, female (% of total labor force)",SL.TLF.TOTL.FE.ZS,49.0334460786958
"Congo, Rep.",COG,1993,"Labor force, female (% of total labor force)",SL.TLF.TOTL.FE.ZS,49.0460616920212
"Congo, Rep.",COG,1992,"Labor force, female (% of total labor force)",SL.TLF.TOTL.FE.ZS,49.0452977705469
"Congo, Rep.",COG,1991,"Labor force, female (% of total labor force)",SL.TLF.TOTL.FE.ZS,49.0520774860459
"Congo, Rep.",COG,1990,"Labor force, female (% of total labor force)",SL.TLF.TOTL.FE.ZS,49.0545180068141
"Congo, Rep.",COG,2024,"Unemployment, youth female (% of female labor force ages 15-24) (modeled ILO estimate)",SL.UEM.1524.FE.ZS,38.986
"Congo, Rep.",COG,2023,"Unemployment, youth female (% of female labor force ages 15-24) (modeled ILO estimate)",SL.UEM.1524.FE.ZS,39.327
"Congo, Rep.",COG,2022,"Unemployment, youth female (% of female labor force ages 15-24) (modeled ILO estimate)",SL.UEM.1524.FE.ZS,39.749
"Congo, Rep.",COG,2021,"Unemployment, youth female (% of female labor force ages 15-24) (modeled ILO estimate)",SL.UEM.1524.FE.ZS,43.474
"Congo, Rep.",COG,2020,"Unemployment, youth female (% of female labor force ages 15-24) (modeled ILO estimate)",SL.UEM.1524.FE.ZS,45.392
"Congo, Rep.",COG,2019,"Unemployment, youth female (% of female labor force ages 15-24) (modeled ILO estimate)",SL.UEM.1524.FE.ZS,40.6
"Congo, Rep.",COG,2018,"Unemployment, youth female (% of female labor force ages 15-24) (modeled ILO estimate)",SL.UEM.1524.FE.ZS,41.115
"Congo, Rep.",COG,2017,"Unemployment, youth female (% of female labor force ages 15-24) (modeled ILO estimate)",SL.UEM.1524.FE.ZS,40.968
"Congo, Rep.",COG,2016,"Unemployment, youth female (% of female labor force ages 15-24) (modeled ILO estimate)",SL.UEM.1524.FE.ZS,40.324
"Congo, Rep.",COG,2015,"Unemployment, youth female (% of female labor force ages 15-24) (modeled ILO estimate)",SL.UEM.1524.FE.ZS,39.916
"Congo, Rep.",COG,2014,"Unemployment, youth female (% of female labor force ages 15-24) (modeled ILO estimate)",SL.UEM.1524.FE.ZS,39.426
"Congo, Rep.",COG,2013,"Unemployment, youth female (% of female labor force ages 15-24) (modeled ILO estimate)",SL.UEM.1524.FE.ZS,39.647
"Congo, Rep.",COG,2012,"Unemployment, youth female (% of female labor force ages 15-24) (modeled ILO estimate)",SL.UEM.1524.FE.ZS,39.114
"Congo, Rep.",COG,2011,"Unemployment, youth female (% of female labor force ages 15-24) (modeled ILO estimate)",SL.UEM.1524.FE.ZS,39.006
"Congo, Rep.",COG,2010,"Unemployment, youth female (% of female labor force ages 15-24) (modeled ILO estimate)",SL.UEM.1524.FE.ZS,38.756
"Congo, Rep.",COG,2009,"Unemployment, youth female (% of female labor force ages 15-24) (modeled ILO estimate)",SL.UEM.1524.FE.ZS,39.462
"Congo, Rep.",COG,2008,"Unemployment, youth female (% of female labor force ages 15-24) (modeled ILO estimate)",SL.UEM.1524.FE.ZS,39.528
"Congo, Rep.",COG,2007,"Unemployment, youth female (% of female labor force ages 15-24) (modeled ILO estimate)",SL.UEM.1524.FE.ZS,39.384
"Congo, Rep.",COG,2006,"Unemployment, youth female (% of female labor force ages 15-24) (modeled ILO estimate)",SL.UEM.1524.FE.ZS,38.765
"Congo, Rep.",COG,2005,"Unemployment, youth female (% of female labor force ages 15-24) (modeled ILO estimate)",SL.UEM.1524.FE.ZS,38.982
"Congo, Rep.",COG,2004,"Unemployment, youth female (% of female labor force ages 15-24) (modeled ILO estimate)",SL.UEM.1524.FE.ZS,39.005
"Congo, Rep.",COG,2003,"Unemployment, youth female (% of female labor force ages 15-24) (modeled ILO estimate)",SL.UEM.1524.FE.ZS,38.858
"Congo, Rep.",COG,2002,"Unemployment, youth female (% of female labor force ages 15-24) (modeled ILO estimate)",SL.UEM.1524.FE.ZS,38.421
"Congo, Rep.",COG,2001,"Unemployment, youth female (% of female labor force ages 15-24) (modeled ILO estimate)",SL.UEM.1524.FE.ZS,38.697
"Congo, Rep.",COG,2000,"Unemployment, youth female (% of female labor force ages 15-24) (modeled ILO estimate)",SL.UEM.1524.FE.ZS,38.488
"Congo, Rep.",COG,1999,"Unemployment, youth female (% of female labor force ages 15-24) (modeled ILO estimate)",SL.UEM.1524.FE.ZS,38.689
"Congo, Rep.",COG,1998,"Unemployment, youth female (% of female labor force ages 15-24) (modeled ILO estimate)",SL.UEM.1524.FE.ZS,38.26
"Congo, Rep.",COG,1997,"Unemployment, youth female (% of female labor force ages 15-24) (modeled ILO estimate)",SL.UEM.1524.FE.ZS,38.215
"Congo, Rep.",COG,1996,"Unemployment, youth female (% of female labor force ages 15-24) (modeled ILO estimate)",SL.UEM.1524.FE.ZS,38.443
"Congo, Rep.",COG,1995,"Unemployment, youth female (% of female labor force ages 15-24) (modeled ILO estimate)",SL.UEM.1524.FE.ZS,38.633
"Congo, Rep.",COG,1994,"Unemployment, youth female (% of female labor force ages 15-24) (modeled ILO estimate)",SL.UEM.1524.FE.ZS,38.613
"Congo, Rep.",COG,1993,"Unemployment, youth female (% of female labor force ages 15-24) (modeled ILO estimate)",SL.UEM.1524.FE.ZS,38.117
"Congo, Rep.",COG,1992,"Unemployment, youth female (% of female labor force ages 15-24) (modeled ILO estimate)",SL.UEM.1524.FE.ZS,37.923
"Congo, Rep.",COG,1991,"Unemployment, youth female (% of female labor force ages 15-24) (modeled ILO estimate)",SL.UEM.1524.FE.ZS,37.839
"Congo, Rep.",COG,2024,"Unemployment, youth male (% of male labor force ages 15-24) (modeled ILO estimate)",SL.UEM.1524.MA.ZS,41.028
"Congo, Rep.",COG,2023,"Unemployment, youth male (% of male labor force ages 15-24) (modeled ILO estimate)",SL.UEM.1524.MA.ZS,41.539
"Congo, Rep.",COG,2022,"Unemployment, youth male (% of male labor force ages 15-24) (modeled ILO estimate)",SL.UEM.1524.MA.ZS,42.034
"Congo, Rep.",COG,2021,"Unemployment, youth male (% of male labor force ages 15-24) (modeled ILO estimate)",SL.UEM.1524.MA.ZS,45.777
"Congo, Rep.",COG,2020,"Unemployment, youth male (% of male labor force ages 15-24) (modeled ILO estimate)",SL.UEM.1524.MA.ZS,47.303
"Congo, Rep.",COG,2019,"Unemployment, youth male (% of male labor force ages 15-24) (modeled ILO estimate)",SL.UEM.1524.MA.ZS,43.176
"Congo, Rep.",COG,2018,"Unemployment, youth male (% of male labor force ages 15-24) (modeled ILO estimate)",SL.UEM.1524.MA.ZS,43.748
"Congo, Rep.",COG,2017,"Unemployment, youth male (% of male labor force ages 15-24) (modeled ILO estimate)",SL.UEM.1524.MA.ZS,43.581
"Congo, Rep.",COG,2016,"Unemployment, youth male (% of male labor force ages 15-24) (modeled ILO estimate)",SL.UEM.1524.MA.ZS,42.858
"Congo, Rep.",COG,2015,"Unemployment, youth male (% of male labor force ages 15-24) (modeled ILO estimate)",SL.UEM.1524.MA.ZS,42.404
"Congo, Rep.",COG,2014,"Unemployment, youth male (% of male labor force ages 15-24) (modeled ILO estimate)",SL.UEM.1524.MA.ZS,41.892
"Congo, Rep.",COG,2013,"Unemployment, youth male (% of male labor force ages 15-24) (modeled ILO estimate)",SL.UEM.1524.MA.ZS,42.197
"Congo, Rep.",COG,2012,"Unemployment, youth male (% of male labor force ages 15-24) (modeled ILO estimate)",SL.UEM.1524.MA.ZS,41.652
"Congo, Rep.",COG,2011,"Unemployment, youth male (% of male labor force ages 15-24) (modeled ILO estimate)",SL.UEM.1524.MA.ZS,41.586
"Congo, Rep.",COG,2010,"Unemployment, youth male (% of male labor force ages 15-24) (modeled ILO estimate)",SL.UEM.1524.MA.ZS,41.313
"Congo, Rep.",COG,2009,"Unemployment, youth male (% of male labor force ages 15-24) (modeled ILO estimate)",SL.UEM.1524.MA.ZS,42.048
"Congo, Rep.",COG,2008,"Unemployment, youth male (% of male labor force ages 15-24) (modeled ILO estimate)",SL.UEM.1524.MA.ZS,42.051
"Congo, Rep.",COG,2007,"Unemployment, youth male (% of male labor force ages 15-24) (modeled ILO estimate)",SL.UEM.1524.MA.ZS,41.832
"Congo, Rep.",COG,2006,"Unemployment, youth male (% of male labor force ages 15-24) (modeled ILO estimate)",SL.UEM.1524.MA.ZS,41.006
"Congo, Rep.",COG,2005,"Unemployment, youth male (% of male labor force ages 15-24) (modeled ILO estimate)",SL.UEM.1524.MA.ZS,41.126
"Congo, Rep.",COG,2004,"Unemployment, youth male (% of male labor force ages 15-24) (modeled ILO estimate)",SL.UEM.1524.MA.ZS,41.029
"Congo, Rep.",COG,2003,"Unemployment, youth male (% of male labor force ages 15-24) (modeled ILO estimate)",SL.UEM.1524.MA.ZS,40.735
"Congo, Rep.",COG,2002,"Unemployment, youth male (% of male labor force ages 15-24) (modeled ILO estimate)",SL.UEM.1524.MA.ZS,40.161
"Congo, Rep.",COG,2001,"Unemployment, youth male (% of male labor force ages 15-24) (modeled ILO estimate)",SL.UEM.1524.MA.ZS,40.418
"Congo, Rep.",COG,2000,"Unemployment, youth male (% of male labor force ages 15-24) (modeled ILO estimate)",SL.UEM.1524.MA.ZS,40.01
"Congo, Rep.",COG,1999,"Unemployment, youth male (% of male labor force ages 15-24) (modeled ILO estimate)",SL.UEM.1524.MA.ZS,40.051
"Congo, Rep.",COG,1998,"Unemployment, youth male (% of male labor force ages 15-24) (modeled ILO estimate)",SL.UEM.1524.MA.ZS,39.502
"Congo, Rep.",COG,1997,"Unemployment, youth male (% of male labor force ages 15-24) (modeled ILO estimate)",SL.UEM.1524.MA.ZS,39.45
"Congo, Rep.",COG,1996,"Unemployment, youth male (% of male labor force ages 15-24) (modeled ILO estimate)",SL.UEM.1524.MA.ZS,39.698
"Congo, Rep.",COG,1995,"Unemployment, youth male (% of male labor force ages 15-24) (modeled ILO estimate)",SL.UEM.1524.MA.ZS,39.866
"Congo, Rep.",COG,1994,"Unemployment, youth male (% of male labor force ages 15-24) (modeled ILO estimate)",SL.UEM.1524.MA.ZS,39.814
"Congo, Rep.",COG,1993,"Unemployment, youth male (% of male labor force ages 15-24) (modeled ILO estimate)",SL.UEM.1524.MA.ZS,39.221
"Congo, Rep.",COG,1992,"Unemployment, youth male (% of male labor force ages 15-24) (modeled ILO estimate)",SL.UEM.1524.MA.ZS,38.971
"Congo, Rep.",COG,1991,"Unemployment, youth male (% of male labor force ages 15-24) (modeled ILO estimate)",SL.UEM.1524.MA.ZS,38.857
"Congo, Rep.",COG,2024,"Unemployment, female (% of female labor force) (modeled ILO estimate)",SL.UEM.TOTL.FE.ZS,21.012
"Congo, Rep.",COG,2023,"Unemployment, female (% of female labor force) (modeled ILO estimate)",SL.UEM.TOTL.FE.ZS,21.218
"Congo, Rep.",COG,2022,"Unemployment, female (% of female labor force) (modeled ILO estimate)",SL.UEM.TOTL.FE.ZS,21.436
"Congo, Rep.",COG,2021,"Unemployment, female (% of female labor force) (modeled ILO estimate)",SL.UEM.TOTL.FE.ZS,23.213
"Congo, Rep.",COG,2020,"Unemployment, female (% of female labor force) (modeled ILO estimate)",SL.UEM.TOTL.FE.ZS,23.433
"Congo, Rep.",COG,2019,"Unemployment, female (% of female labor force) (modeled ILO estimate)",SL.UEM.TOTL.FE.ZS,21.709
"Congo, Rep.",COG,2018,"Unemployment, female (% of female labor force) (modeled ILO estimate)",SL.UEM.TOTL.FE.ZS,22.032
"Congo, Rep.",COG,2017,"Unemployment, female (% of female labor force) (modeled ILO estimate)",SL.UEM.TOTL.FE.ZS,21.939
"Congo, Rep.",COG,2016,"Unemployment, female (% of female labor force) (modeled ILO estimate)",SL.UEM.TOTL.FE.ZS,21.535
"Congo, Rep.",COG,2015,"Unemployment, female (% of female labor force) (modeled ILO estimate)",SL.UEM.TOTL.FE.ZS,21.278
"Congo, Rep.",COG,2014,"Unemployment, female (% of female labor force) (modeled ILO estimate)",SL.UEM.TOTL.FE.ZS,20.976
"Congo, Rep.",COG,2013,"Unemployment, female (% of female labor force) (modeled ILO estimate)",SL.UEM.TOTL.FE.ZS,21.114
"Congo, Rep.",COG,2012,"Unemployment, female (% of female labor force) (modeled ILO estimate)",SL.UEM.TOTL.FE.ZS,20.781
"Congo, Rep.",COG,2011,"Unemployment, female (% of female labor force) (modeled ILO estimate)",SL.UEM.TOTL.FE.ZS,20.728
"Congo, Rep.",COG,2010,"Unemployment, female (% of female labor force) (modeled ILO estimate)",SL.UEM.TOTL.FE.ZS,20.601
"Congo, Rep.",COG,2009,"Unemployment, female (% of female labor force) (modeled ILO estimate)",SL.UEM.TOTL.FE.ZS,21.11
"Congo, Rep.",COG,2008,"Unemployment, female (% of female labor force) (modeled ILO estimate)",SL.UEM.TOTL.FE.ZS,21.223
"Congo, Rep.",COG,2007,"Unemployment, female (% of female labor force) (modeled ILO estimate)",SL.UEM.TOTL.FE.ZS,21.174
"Congo, Rep.",COG,2006,"Unemployment, female (% of female labor force) (modeled ILO estimate)",SL.UEM.TOTL.FE.ZS,20.856
"Congo, Rep.",COG,2005,"Unemployment, female (% of female labor force) (modeled ILO estimate)",SL.UEM.TOTL.FE.ZS,21.076
"Congo, Rep.",COG,2004,"Unemployment, female (% of female labor force) (modeled ILO estimate)",SL.UEM.TOTL.FE.ZS,21.172
"Congo, Rep.",COG,2003,"Unemployment, female (% of female labor force) (modeled ILO estimate)",SL.UEM.TOTL.FE.ZS,21.157
"Congo, Rep.",COG,2002,"Unemployment, female (% of female labor force) (modeled ILO estimate)",SL.UEM.TOTL.FE.ZS,20.942
"Congo, Rep.",COG,2001,"Unemployment, female (% of female labor force) (modeled ILO estimate)",SL.UEM.TOTL.FE.ZS,21.163
"Congo, Rep.",COG,2000,"Unemployment, female (% of female labor force) (modeled ILO estimate)",SL.UEM.TOTL.FE.ZS,21.16
"Congo, Rep.",COG,1999,"Unemployment, female (% of female labor force) (modeled ILO estimate)",SL.UEM.TOTL.FE.ZS,21.416
"Congo, Rep.",COG,1998,"Unemployment, female (% of female labor force) (modeled ILO estimate)",SL.UEM.TOTL.FE.ZS,21.193
"Congo, Rep.",COG,1997,"Unemployment, female (% of female labor force) (modeled ILO estimate)",SL.UEM.TOTL.FE.ZS,21.185
"Congo, Rep.",COG,1996,"Unemployment, female (% of female labor force) (modeled ILO estimate)",SL.UEM.TOTL.FE.ZS,21.339
"Congo, Rep.",COG,1995,"Unemployment, female (% of female labor force) (modeled ILO estimate)",SL.UEM.TOTL.FE.ZS,21.504
"Congo, Rep.",COG,1994,"Unemployment, female (% of female labor force) (modeled ILO estimate)",SL.UEM.TOTL.FE.ZS,21.544
"Congo, Rep.",COG,1993,"Unemployment, female (% of female labor force) (modeled ILO estimate)",SL.UEM.TOTL.FE.ZS,21.287
"Congo, Rep.",COG,1992,"Unemployment, female (% of female labor force) (modeled ILO estimate)",SL.UEM.TOTL.FE.ZS,21.219
"Congo, Rep.",COG,1991,"Unemployment, female (% of female labor force) (modeled ILO estimate)",SL.UEM.TOTL.FE.ZS,21.215
"Congo, Rep.",COG,2024,"Unemployment, male (% of male labor force) (modeled ILO estimate)",SL.UEM.TOTL.MA.ZS,18.423
"Congo, Rep.",COG,2023,"Unemployment, male (% of male labor force) (modeled ILO estimate)",SL.UEM.TOTL.MA.ZS,18.627
"Congo, Rep.",COG,2022,"Unemployment, male (% of male labor force) (modeled ILO estimate)",SL.UEM.TOTL.MA.ZS,18.828
"Congo, Rep.",COG,2021,"Unemployment, male (% of male labor force) (modeled ILO estimate)",SL.UEM.TOTL.MA.ZS,20.744
"Congo, Rep.",COG,2020,"Unemployment, male (% of male labor force) (modeled ILO estimate)",SL.UEM.TOTL.MA.ZS,21.006
"Congo, Rep.",COG,2019,"Unemployment, male (% of male labor force) (modeled ILO estimate)",SL.UEM.TOTL.MA.ZS,19.122
"Congo, Rep.",COG,2018,"Unemployment, male (% of male labor force) (modeled ILO estimate)",SL.UEM.TOTL.MA.ZS,19.419
"Congo, Rep.",COG,2017,"Unemployment, male (% of male labor force) (modeled ILO estimate)",SL.UEM.TOTL.MA.ZS,19.334
"Congo, Rep.",COG,2016,"Unemployment, male (% of male labor force) (modeled ILO estimate)",SL.UEM.TOTL.MA.ZS,18.961
"Congo, Rep.",COG,2015,"Unemployment, male (% of male labor force) (modeled ILO estimate)",SL.UEM.TOTL.MA.ZS,18.724
"Congo, Rep.",COG,2014,"Unemployment, male (% of male labor force) (modeled ILO estimate)",SL.UEM.TOTL.MA.ZS,18.446
"Congo, Rep.",COG,2013,"Unemployment, male (% of male labor force) (modeled ILO estimate)",SL.UEM.TOTL.MA.ZS,18.573
"Congo, Rep.",COG,2012,"Unemployment, male (% of male labor force) (modeled ILO estimate)",SL.UEM.TOTL.MA.ZS,18.268
"Congo, Rep.",COG,2011,"Unemployment, male (% of male labor force) (modeled ILO estimate)",SL.UEM.TOTL.MA.ZS,18.219
"Congo, Rep.",COG,2010,"Unemployment, male (% of male labor force) (modeled ILO estimate)",SL.UEM.TOTL.MA.ZS,18.102
"Congo, Rep.",COG,2009,"Unemployment, male (% of male labor force) (modeled ILO estimate)",SL.UEM.TOTL.MA.ZS,18.57
"Congo, Rep.",COG,2008,"Unemployment, male (% of male labor force) (modeled ILO estimate)",SL.UEM.TOTL.MA.ZS,18.674
"Congo, Rep.",COG,2007,"Unemployment, male (% of male labor force) (modeled ILO estimate)",SL.UEM.TOTL.MA.ZS,18.629
"Congo, Rep.",COG,2006,"Unemployment, male (% of male labor force) (modeled ILO estimate)",SL.UEM.TOTL.MA.ZS,18.336
"Congo, Rep.",COG,2005,"Unemployment, male (% of male labor force) (modeled ILO estimate)",SL.UEM.TOTL.MA.ZS,18.539
"Congo, Rep.",COG,2004,"Unemployment, male (% of male labor force) (modeled ILO estimate)",SL.UEM.TOTL.MA.ZS,18.627
"Congo, Rep.",COG,2003,"Unemployment, male (% of male labor force) (modeled ILO estimate)",SL.UEM.TOTL.MA.ZS,18.614
"Congo, Rep.",COG,2002,"Unemployment, male (% of male labor force) (modeled ILO estimate)",SL.UEM.TOTL.MA.ZS,18.416
"Congo, Rep.",COG,2001,"Unemployment, male (% of male labor force) (modeled ILO estimate)",SL.UEM.TOTL.MA.ZS,18.619
"Congo, Rep.",COG,2000,"Unemployment, male (% of male labor force) (modeled ILO estimate)",SL.UEM.TOTL.MA.ZS,18.616
"Congo, Rep.",COG,1999,"Unemployment, male (% of male labor force) (modeled ILO estimate)",SL.UEM.TOTL.MA.ZS,18.851
"Congo, Rep.",COG,1998,"Unemployment, male (% of male labor force) (modeled ILO estimate)",SL.UEM.TOTL.MA.ZS,18.646
"Congo, Rep.",COG,1997,"Unemployment, male (% of male labor force) (modeled ILO estimate)",SL.UEM.TOTL.MA.ZS,18.639
"Congo, Rep.",COG,1996,"Unemployment, male (% of male labor force) (modeled ILO estimate)",SL.UEM.TOTL.MA.ZS,18.78
"Congo, Rep.",COG,1995,"Unemployment, male (% of male labor force) (modeled ILO estimate)",SL.UEM.TOTL.MA.ZS,18.932
"Congo, Rep.",COG,1994,"Unemployment, male (% of male labor force) (modeled ILO estimate)",SL.UEM.TOTL.MA.ZS,18.969
"Congo, Rep.",COG,1993,"Unemployment, male (% of male labor force) (modeled ILO estimate)",SL.UEM.TOTL.MA.ZS,18.732
"Congo, Rep.",COG,1992,"Unemployment, male (% of male labor force) (modeled ILO estimate)",SL.UEM.TOTL.MA.ZS,18.67
"Congo, Rep.",COG,1991,"Unemployment, male (% of male labor force) (modeled ILO estimate)",SL.UEM.TOTL.MA.ZS,18.667
"Congo, Rep.",COG,2023,"Adolescent fertility rate (births per 1,000 women ages 15-19)",SP.ADO.TFRT,109.88
"Congo, Rep.",COG,2022,"Adolescent fertility rate (births per 1,000 women ages 15-19)",SP.ADO.TFRT,111.227
"Congo, Rep.",COG,2021,"Adolescent fertility rate (births per 1,000 women ages 15-19)",SP.ADO.TFRT,112.715
"Congo, Rep.",COG,2020,"Adolescent fertility rate (births per 1,000 women ages 15-19)",SP.ADO.TFRT,113.633
"Congo, Rep.",COG,2019,"Adolescent fertility rate (births per 1,000 women ages 15-19)",SP.ADO.TFRT,114.54
"Congo, Rep.",COG,2018,"Adolescent fertility rate (births per 1,000 women ages 15-19)",SP.ADO.TFRT,115.695
"Congo, Rep.",COG,2017,"Adolescent fertility rate (births per 1,000 women ages 15-19)",SP.ADO.TFRT,117.227
"Congo, Rep.",COG,2016,"Adolescent fertility rate (births per 1,000 women ages 15-19)",SP.ADO.TFRT,118.945
"Congo, Rep.",COG,2015,"Adolescent fertility rate (births per 1,000 women ages 15-19)",SP.ADO.TFRT,120.682
"Congo, Rep.",COG,2014,"Adolescent fertility rate (births per 1,000 women ages 15-19)",SP.ADO.TFRT,122.025
"Congo, Rep.",COG,2013,"Adolescent fertility rate (births per 1,000 women ages 15-19)",SP.ADO.TFRT,123.514
"Congo, Rep.",COG,2012,"Adolescent fertility rate (births per 1,000 women ages 15-19)",SP.ADO.TFRT,126.351
"Congo, Rep.",COG,2011,"Adolescent fertility rate (births per 1,000 women ages 15-19)",SP.ADO.TFRT,130.246
"Congo, Rep.",COG,2010,"Adolescent fertility rate (births per 1,000 women ages 15-19)",SP.ADO.TFRT,133.768
"Congo, Rep.",COG,2009,"Adolescent fertility rate (births per 1,000 women ages 15-19)",SP.ADO.TFRT,135.039
"Congo, Rep.",COG,2008,"Adolescent fertility rate (births per 1,000 women ages 15-19)",SP.ADO.TFRT,132.223
"Congo, Rep.",COG,2007,"Adolescent fertility rate (births per 1,000 women ages 15-19)",SP.ADO.TFRT,129.044
"Congo, Rep.",COG,2006,"Adolescent fertility rate (births per 1,000 women ages 15-19)",SP.ADO.TFRT,127.559
"Congo, Rep.",COG,2005,"Adolescent fertility rate (births per 1,000 women ages 15-19)",SP.ADO.TFRT,126.5
"Congo, Rep.",COG,2004,"Adolescent fertility rate (births per 1,000 women ages 15-19)",SP.ADO.TFRT,125.321
"Congo, Rep.",COG,2003,"Adolescent fertility rate (births per 1,000 women ages 15-19)",SP.ADO.TFRT,125.452
"Congo, Rep.",COG,2002,"Adolescent fertility rate (births per 1,000 women ages 15-19)",SP.ADO.TFRT,123.761
"Congo, Rep.",COG,2001,"Adolescent fertility rate (births per 1,000 women ages 15-19)",SP.ADO.TFRT,124.571
"Congo, Rep.",COG,2000,"Adolescent fertility rate (births per 1,000 women ages 15-19)",SP.ADO.TFRT,123.422
"Congo, Rep.",COG,1999,"Adolescent fertility rate (births per 1,000 women ages 15-19)",SP.ADO.TFRT,123.316
"Congo, Rep.",COG,1998,"Adolescent fertility rate (births per 1,000 women ages 15-19)",SP.ADO.TFRT,124.496
"Congo, Rep.",COG,1997,"Adolescent fertility rate (births per 1,000 women ages 15-19)",SP.ADO.TFRT,123.222
"Congo, Rep.",COG,1996,"Adolescent fertility rate (births per 1,000 women ages 15-19)",SP.ADO.TFRT,124.655
"Congo, Rep.",COG,1995,"Adolescent fertility rate (births per 1,000 women ages 15-19)",SP.ADO.TFRT,125.674
"Congo, Rep.",COG,1994,"Adolescent fertility rate (births per 1,000 women ages 15-19)",SP.ADO.TFRT,126.986
"Congo, Rep.",COG,1993,"Adolescent fertility rate (births per 1,000 women ages 15-19)",SP.ADO.TFRT,127.102
"Congo, Rep.",COG,1992,"Adolescent fertility rate (births per 1,000 women ages 15-19)",SP.ADO.TFRT,126.093
"Congo, Rep.",COG,1991,"Adolescent fertility rate (births per 1,000 women ages 15-19)",SP.ADO.TFRT,126.029
"Congo, Rep.",COG,1990,"Adolescent fertility rate (births per 1,000 women ages 15-19)",SP.ADO.TFRT,126.262
"Congo, Rep.",COG,1989,"Adolescent fertility rate (births per 1,000 women ages 15-19)",SP.ADO.TFRT,127.071
"Congo, Rep.",COG,1988,"Adolescent fertility rate (births per 1,000 women ages 15-19)",SP.ADO.TFRT,127.374
"Congo, Rep.",COG,1987,"Adolescent fertility rate (births per 1,000 women ages 15-19)",SP.ADO.TFRT,128.386
"Congo, Rep.",COG,1986,"Adolescent fertility rate (births per 1,000 women ages 15-19)",SP.ADO.TFRT,132.777
"Congo, Rep.",COG,1985,"Adolescent fertility rate (births per 1,000 women ages 15-19)",SP.ADO.TFRT,139.448
"Congo, Rep.",COG,1984,"Adolescent fertility rate (births per 1,000 women ages 15-19)",SP.ADO.TFRT,146.634
"Congo, Rep.",COG,1983,"Adolescent fertility rate (births per 1,000 women ages 15-19)",SP.ADO.TFRT,149.639
"Congo, Rep.",COG,1982,"Adolescent fertility rate (births per 1,000 women ages 15-19)",SP.ADO.TFRT,149.056
"Congo, Rep.",COG,1981,"Adolescent fertility rate (births per 1,000 women ages 15-19)",SP.ADO.TFRT,149.745
"Congo, Rep.",COG,1980,"Adolescent fertility rate (births per 1,000 women ages 15-19)",SP.ADO.TFRT,149.402
"Congo, Rep.",COG,1979,"Adolescent fertility rate (births per 1,000 women ages 15-19)",SP.ADO.TFRT,152.45
"Congo, Rep.",COG,1978,"Adolescent fertility rate (births per 1,000 women ages 15-19)",SP.ADO.TFRT,155.488
"Congo, Rep.",COG,1977,"Adolescent fertility rate (births per 1,000 women ages 15-19)",SP.ADO.TFRT,159.554
"Congo, Rep.",COG,1976,"Adolescent fertility rate (births per 1,000 women ages 15-19)",SP.ADO.TFRT,159.244
"Congo, Rep.",COG,1975,"Adolescent fertility rate (births per 1,000 women ages 15-19)",SP.ADO.TFRT,158.713
"Congo, Rep.",COG,1974,"Adolescent fertility rate (births per 1,000 women ages 15-19)",SP.ADO.TFRT,158.103
"Congo, Rep.",COG,1973,"Adolescent fertility rate (births per 1,000 women ages 15-19)",SP.ADO.TFRT,157.573
"Congo, Rep.",COG,1972,"Adolescent fertility rate (births per 1,000 women ages 15-19)",SP.ADO.TFRT,157.804
"Congo, Rep.",COG,1971,"Adolescent fertility rate (births per 1,000 women ages 15-19)",SP.ADO.TFRT,156.805
"Congo, Rep.",COG,1970,"Adolescent fertility rate (births per 1,000 women ages 15-19)",SP.ADO.TFRT,155.629
"Congo, Rep.",COG,1969,"Adolescent fertility rate (births per 1,000 women ages 15-19)",SP.ADO.TFRT,154.493
"Congo, Rep.",COG,1968,"Adolescent fertility rate (births per 1,000 women ages 15-19)",SP.ADO.TFRT,153.342
"Congo, Rep.",COG,1967,"Adolescent fertility rate (births per 1,000 women ages 15-19)",SP.ADO.TFRT,151.881
"Congo, Rep.",COG,1966,"Adolescent fertility rate (births per 1,000 women ages 15-19)",SP.ADO.TFRT,150.927
"Congo, Rep.",COG,1965,"Adolescent fertility rate (births per 1,000 women ages 15-19)",SP.ADO.TFRT,150.324
"Congo, Rep.",COG,1964,"Adolescent fertility rate (births per 1,000 women ages 15-19)",SP.ADO.TFRT,149.645
"Congo, Rep.",COG,1963,"Adolescent fertility rate (births per 1,000 women ages 15-19)",SP.ADO.TFRT,149.129
"Congo, Rep.",COG,1962,"Adolescent fertility rate (births per 1,000 women ages 15-19)",SP.ADO.TFRT,148.11
"Congo, Rep.",COG,1961,"Adolescent fertility rate (births per 1,000 women ages 15-19)",SP.ADO.TFRT,147.78
"Congo, Rep.",COG,1960,"Adolescent fertility rate (births per 1,000 women ages 15-19)",SP.ADO.TFRT,147.605
"Congo, Rep.",COG,2023,"Mortality rate, adult, female (per 1,000 female adults)",SP.DYN.AMRT.FE,216.393
"Congo, Rep.",COG,2022,"Mortality rate, adult, female (per 1,000 female adults)",SP.DYN.AMRT.FE,233.257
"Congo, Rep.",COG,2021,"Mortality rate, adult, female (per 1,000 female adults)",SP.DYN.AMRT.FE,251.576
"Congo, Rep.",COG,2020,"Mortality rate, adult, female (per 1,000 female adults)",SP.DYN.AMRT.FE,236.773
"Congo, Rep.",COG,2019,"Mortality rate, adult, female (per 1,000 female adults)",SP.DYN.AMRT.FE,254.646
"Congo, Rep.",COG,2018,"Mortality rate, adult, female (per 1,000 female adults)",SP.DYN.AMRT.FE,236.372
"Congo, Rep.",COG,2017,"Mortality rate, adult, female (per 1,000 female adults)",SP.DYN.AMRT.FE,240.65
"Congo, Rep.",COG,2016,"Mortality rate, adult, female (per 1,000 female adults)",SP.DYN.AMRT.FE,244.334
"Congo, Rep.",COG,2015,"Mortality rate, adult, female (per 1,000 female adults)",SP.DYN.AMRT.FE,247.102
"Congo, Rep.",COG,2014,"Mortality rate, adult, female (per 1,000 female adults)",SP.DYN.AMRT.FE,252.994
"Congo, Rep.",COG,2013,"Mortality rate, adult, female (per 1,000 female adults)",SP.DYN.AMRT.FE,256.428
"Congo, Rep.",COG,2012,"Mortality rate, adult, female (per 1,000 female adults)",SP.DYN.AMRT.FE,264.322
"Congo, Rep.",COG,2011,"Mortality rate, adult, female (per 1,000 female adults)",SP.DYN.AMRT.FE,268.502
"Congo, Rep.",COG,2010,"Mortality rate, adult, female (per 1,000 female adults)",SP.DYN.AMRT.FE,280.79
"Congo, Rep.",COG,2009,"Mortality rate, adult, female (per 1,000 female adults)",SP.DYN.AMRT.FE,288.72
"Congo, Rep.",COG,2008,"Mortality rate, adult, female (per 1,000 female adults)",SP.DYN.AMRT.FE,294.636
"Congo, Rep.",COG,2007,"Mortality rate, adult, female (per 1,000 female adults)",SP.DYN.AMRT.FE,306.825
"Congo, Rep.",COG,2006,"Mortality rate, adult, female (per 1,000 female adults)",SP.DYN.AMRT.FE,316.026
"Congo, Rep.",COG,2005,"Mortality rate, adult, female (per 1,000 female adults)",SP.DYN.AMRT.FE,325.38
"Congo, Rep.",COG,2004,"Mortality rate, adult, female (per 1,000 female adults)",SP.DYN.AMRT.FE,335.869
"Congo, Rep.",COG,2003,"Mortality rate, adult, female (per 1,000 female adults)",SP.DYN.AMRT.FE,344.544
"Congo, Rep.",COG,2002,"Mortality rate, adult, female (per 1,000 female adults)",SP.DYN.AMRT.FE,351.788
"Congo, Rep.",COG,2001,"Mortality rate, adult, female (per 1,000 female adults)",SP.DYN.AMRT.FE,359.471
"Congo, Rep.",COG,2000,"Mortality rate, adult, female (per 1,000 female adults)",SP.DYN.AMRT.FE,367.03
"Congo, Rep.",COG,1999,"Mortality rate, adult, female (per 1,000 female adults)",SP.DYN.AMRT.FE,377.859
"Congo, Rep.",COG,1998,"Mortality rate, adult, female (per 1,000 female adults)",SP.DYN.AMRT.FE,387.899
"Congo, Rep.",COG,1997,"Mortality rate, adult, female (per 1,000 female adults)",SP.DYN.AMRT.FE,402.225
"Congo, Rep.",COG,1996,"Mortality rate, adult, female (per 1,000 female adults)",SP.DYN.AMRT.FE,373.101
"Congo, Rep.",COG,1995,"Mortality rate, adult, female (per 1,000 female adults)",SP.DYN.AMRT.FE,371.67
"Congo, Rep.",COG,1994,"Mortality rate, adult, female (per 1,000 female adults)",SP.DYN.AMRT.FE,368.427
"Congo, Rep.",COG,1993,"Mortality rate, adult, female (per 1,000 female adults)",SP.DYN.AMRT.FE,364.471
"Congo, Rep.",COG,1992,"Mortality rate, adult, female (per 1,000 female adults)",SP.DYN.AMRT.FE,356.816
"Congo, Rep.",COG,1991,"Mortality rate, adult, female (per 1,000 female adults)",SP.DYN.AMRT.FE,350.545
"Congo, Rep.",COG,1990,"Mortality rate, adult, female (per 1,000 female adults)",SP.DYN.AMRT.FE,343.252
"Congo, Rep.",COG,1989,"Mortality rate, adult, female (per 1,000 female adults)",SP.DYN.AMRT.FE,336.83
"Congo, Rep.",COG,1988,"Mortality rate, adult, female (per 1,000 female adults)",SP.DYN.AMRT.FE,326.709
"Congo, Rep.",COG,1987,"Mortality rate, adult, female (per 1,000 female adults)",SP.DYN.AMRT.FE,318.411
"Congo, Rep.",COG,1986,"Mortality rate, adult, female (per 1,000 female adults)",SP.DYN.AMRT.FE,310.972
"Congo, Rep.",COG,1985,"Mortality rate, adult, female (per 1,000 female adults)",SP.DYN.AMRT.FE,304.296
"Congo, Rep.",COG,1984,"Mortality rate, adult, female (per 1,000 female adults)",SP.DYN.AMRT.FE,297.575
"Congo, Rep.",COG,1983,"Mortality rate, adult, female (per 1,000 female adults)",SP.DYN.AMRT.FE,293.893
"Congo, Rep.",COG,1982,"Mortality rate, adult, female (per 1,000 female adults)",SP.DYN.AMRT.FE,292.977
"Congo, Rep.",COG,1981,"Mortality rate, adult, female (per 1,000 female adults)",SP.DYN.AMRT.FE,292.032
"Congo, Rep.",COG,1980,"Mortality rate, adult, female (per 1,000 female adults)",SP.DYN.AMRT.FE,294.999
"Congo, Rep.",COG,1979,"Mortality rate, adult, female (per 1,000 female adults)",SP.DYN.AMRT.FE,297.866
"Congo, Rep.",COG,1978,"Mortality rate, adult, female (per 1,000 female adults)",SP.DYN.AMRT.FE,301.466
"Congo, Rep.",COG,1977,"Mortality rate, adult, female (per 1,000 female adults)",SP.DYN.AMRT.FE,302.284
"Congo, Rep.",COG,1976,"Mortality rate, adult, female (per 1,000 female adults)",SP.DYN.AMRT.FE,305.394
"Congo, Rep.",COG,1975,"Mortality rate, adult, female (per 1,000 female adults)",SP.DYN.AMRT.FE,307.295
"Congo, Rep.",COG,1974,"Mortality rate, adult, female (per 1,000 female adults)",SP.DYN.AMRT.FE,310.559
"Congo, Rep.",COG,1973,"Mortality rate, adult, female (per 1,000 female adults)",SP.DYN.AMRT.FE,312.572
"Congo, Rep.",COG,1972,"Mortality rate, adult, female (per 1,000 female adults)",SP.DYN.AMRT.FE,316.004
"Congo, Rep.",COG,1971,"Mortality rate, adult, female (per 1,000 female adults)",SP.DYN.AMRT.FE,319.536
"Congo, Rep.",COG,1970,"Mortality rate, adult, female (per 1,000 female adults)",SP.DYN.AMRT.FE,323.185
"Congo, Rep.",COG,1969,"Mortality rate, adult, female (per 1,000 female adults)",SP.DYN.AMRT.FE,326.954
"Congo, Rep.",COG,1968,"Mortality rate, adult, female (per 1,000 female adults)",SP.DYN.AMRT.FE,331.612
"Congo, Rep.",COG,1967,"Mortality rate, adult, female (per 1,000 female adults)",SP.DYN.AMRT.FE,338.814
"Congo, Rep.",COG,1966,"Mortality rate, adult, female (per 1,000 female adults)",SP.DYN.AMRT.FE,341.196
"Congo, Rep.",COG,1965,"Mortality rate, adult, female (per 1,000 female adults)",SP.DYN.AMRT.FE,345.446
"Congo, Rep.",COG,1964,"Mortality rate, adult, female (per 1,000 female adults)",SP.DYN.AMRT.FE,350.923
"Congo, Rep.",COG,1963,"Mortality rate, adult, female (per 1,000 female adults)",SP.DYN.AMRT.FE,356.783
"Congo, Rep.",COG,1962,"Mortality rate, adult, female (per 1,000 female adults)",SP.DYN.AMRT.FE,362.906
"Congo, Rep.",COG,1961,"Mortality rate, adult, female (per 1,000 female adults)",SP.DYN.AMRT.FE,367.742
"Congo, Rep.",COG,1960,"Mortality rate, adult, female (per 1,000 female adults)",SP.DYN.AMRT.FE,374.119
"Congo, Rep.",COG,2023,"Mortality rate, adult, male (per 1,000 male adults)",SP.DYN.AMRT.MA,273.121
"Congo, Rep.",COG,2022,"Mortality rate, adult, male (per 1,000 male adults)",SP.DYN.AMRT.MA,288.947
"Congo, Rep.",COG,2021,"Mortality rate, adult, male (per 1,000 male adults)",SP.DYN.AMRT.MA,305.734
"Congo, Rep.",COG,2020,"Mortality rate, adult, male (per 1,000 male adults)",SP.DYN.AMRT.MA,294.754
"Congo, Rep.",COG,2019,"Mortality rate, adult, male (per 1,000 male adults)",SP.DYN.AMRT.MA,308.325
"Congo, Rep.",COG,2018,"Mortality rate, adult, male (per 1,000 male adults)",SP.DYN.AMRT.MA,289.105
"Congo, Rep.",COG,2017,"Mortality rate, adult, male (per 1,000 male adults)",SP.DYN.AMRT.MA,291.238
"Congo, Rep.",COG,2016,"Mortality rate, adult, male (per 1,000 male adults)",SP.DYN.AMRT.MA,294.263
"Congo, Rep.",COG,2015,"Mortality rate, adult, male (per 1,000 male adults)",SP.DYN.AMRT.MA,296.135
"Congo, Rep.",COG,2014,"Mortality rate, adult, male (per 1,000 male adults)",SP.DYN.AMRT.MA,298.725
"Congo, Rep.",COG,2013,"Mortality rate, adult, male (per 1,000 male adults)",SP.DYN.AMRT.MA,303.037
"Congo, Rep.",COG,2012,"Mortality rate, adult, male (per 1,000 male adults)",SP.DYN.AMRT.MA,304.13
"Congo, Rep.",COG,2011,"Mortality rate, adult, male (per 1,000 male adults)",SP.DYN.AMRT.MA,308.195
"Congo, Rep.",COG,2010,"Mortality rate, adult, male (per 1,000 male adults)",SP.DYN.AMRT.MA,310.842
"Congo, Rep.",COG,2009,"Mortality rate, adult, male (per 1,000 male adults)",SP.DYN.AMRT.MA,318.48
"Congo, Rep.",COG,2008,"Mortality rate, adult, male (per 1,000 male adults)",SP.DYN.AMRT.MA,318.683
"Congo, Rep.",COG,2007,"Mortality rate, adult, male (per 1,000 male adults)",SP.DYN.AMRT.MA,324.071
"Congo, Rep.",COG,2006,"Mortality rate, adult, male (per 1,000 male adults)",SP.DYN.AMRT.MA,323.863
"Congo, Rep.",COG,2005,"Mortality rate, adult, male (per 1,000 male adults)",SP.DYN.AMRT.MA,329.718
"Congo, Rep.",COG,2004,"Mortality rate, adult, male (per 1,000 male adults)",SP.DYN.AMRT.MA,336.412
"Congo, Rep.",COG,2003,"Mortality rate, adult, male (per 1,000 male adults)",SP.DYN.AMRT.MA,346.042
"Congo, Rep.",COG,2002,"Mortality rate, adult, male (per 1,000 male adults)",SP.DYN.AMRT.MA,356.954
"Congo, Rep.",COG,2001,"Mortality rate, adult, male (per 1,000 male adults)",SP.DYN.AMRT.MA,361.269
"Congo, Rep.",COG,2000,"Mortality rate, adult, male (per 1,000 male adults)",SP.DYN.AMRT.MA,370.155
"Congo, Rep.",COG,1999,"Mortality rate, adult, male (per 1,000 male adults)",SP.DYN.AMRT.MA,398.439
"Congo, Rep.",COG,1998,"Mortality rate, adult, male (per 1,000 male adults)",SP.DYN.AMRT.MA,460.912
"Congo, Rep.",COG,1997,"Mortality rate, adult, male (per 1,000 male adults)",SP.DYN.AMRT.MA,609.188
"Congo, Rep.",COG,1996,"Mortality rate, adult, male (per 1,000 male adults)",SP.DYN.AMRT.MA,381.766
"Congo, Rep.",COG,1995,"Mortality rate, adult, male (per 1,000 male adults)",SP.DYN.AMRT.MA,381.644
"Congo, Rep.",COG,1994,"Mortality rate, adult, male (per 1,000 male adults)",SP.DYN.AMRT.MA,386.76
"Congo, Rep.",COG,1993,"Mortality rate, adult, male (per 1,000 male adults)",SP.DYN.AMRT.MA,380.836
"Congo, Rep.",COG,1992,"Mortality rate, adult, male (per 1,000 male adults)",SP.DYN.AMRT.MA,376.136
"Congo, Rep.",COG,1991,"Mortality rate, adult, male (per 1,000 male adults)",SP.DYN.AMRT.MA,375.243
"Congo, Rep.",COG,1990,"Mortality rate, adult, male (per 1,000 male adults)",SP.DYN.AMRT.MA,372.333
"Congo, Rep.",COG,1989,"Mortality rate, adult, male (per 1,000 male adults)",SP.DYN.AMRT.MA,370.347
"Congo, Rep.",COG,1988,"Mortality rate, adult, male (per 1,000 male adults)",SP.DYN.AMRT.MA,369.823
"Congo, Rep.",COG,1987,"Mortality rate, adult, male (per 1,000 male adults)",SP.DYN.AMRT.MA,370.334
"Congo, Rep.",COG,1986,"Mortality rate, adult, male (per 1,000 male adults)",SP.DYN.AMRT.MA,370.437
"Congo, Rep.",COG,1985,"Mortality rate, adult, male (per 1,000 male adults)",SP.DYN.AMRT.MA,371.386
"Congo, Rep.",COG,1984,"Mortality rate, adult, male (per 1,000 male adults)",SP.DYN.AMRT.MA,372.564
"Congo, Rep.",COG,1983,"Mortality rate, adult, male (per 1,000 male adults)",SP.DYN.AMRT.MA,372.768
"Congo, Rep.",COG,1982,"Mortality rate, adult, male (per 1,000 male adults)",SP.DYN.AMRT.MA,373.601
"Congo, Rep.",COG,1981,"Mortality rate, adult, male (per 1,000 male adults)",SP.DYN.AMRT.MA,373.231
"Congo, Rep.",COG,1980,"Mortality rate, adult, male (per 1,000 male adults)",SP.DYN.AMRT.MA,372.995
"Congo, Rep.",COG,1979,"Mortality rate, adult, male (per 1,000 male adults)",SP.DYN.AMRT.MA,373.711
"Congo, Rep.",COG,1978,"Mortality rate, adult, male (per 1,000 male adults)",SP.DYN.AMRT.MA,372.786
"Congo, Rep.",COG,1977,"Mortality rate, adult, male (per 1,000 male adults)",SP.DYN.AMRT.MA,372.981
"Congo, Rep.",COG,1976,"Mortality rate, adult, male (per 1,000 male adults)",SP.DYN.AMRT.MA,375.41
"Congo, Rep.",COG,1975,"Mortality rate, adult, male (per 1,000 male adults)",SP.DYN.AMRT.MA,376.823
"Congo, Rep.",COG,1974,"Mortality rate, adult, male (per 1,000 male adults)",SP.DYN.AMRT.MA,379.334
"Congo, Rep.",COG,1973,"Mortality rate, adult, male (per 1,000 male adults)",SP.DYN.AMRT.MA,380.982
"Congo, Rep.",COG,1972,"Mortality rate, adult, male (per 1,000 male adults)",SP.DYN.AMRT.MA,383.969
"Congo, Rep.",COG,1971,"Mortality rate, adult, male (per 1,000 male adults)",SP.DYN.AMRT.MA,385.86
"Congo, Rep.",COG,1970,"Mortality rate, adult, male (per 1,000 male adults)",SP.DYN.AMRT.MA,388.914
"Congo, Rep.",COG,1969,"Mortality rate, adult, male (per 1,000 male adults)",SP.DYN.AMRT.MA,392.311
"Congo, Rep.",COG,1968,"Mortality rate, adult, male (per 1,000 male adults)",SP.DYN.AMRT.MA,395.546
"Congo, Rep.",COG,1967,"Mortality rate, adult, male (per 1,000 male adults)",SP.DYN.AMRT.MA,401.814
"Congo, Rep.",COG,1966,"Mortality rate, adult, male (per 1,000 male adults)",SP.DYN.AMRT.MA,403.655
"Congo, Rep.",COG,1965,"Mortality rate, adult, male (per 1,000 male adults)",SP.DYN.AMRT.MA,407.622
"Congo, Rep.",COG,1964,"Mortality rate, adult, male (per 1,000 male adults)",SP.DYN.AMRT.MA,413.078
"Congo, Rep.",COG,1963,"Mortality rate, adult, male (per 1,000 male adults)",SP.DYN.AMRT.MA,417.311
"Congo, Rep.",COG,1962,"Mortality rate, adult, male (per 1,000 male adults)",SP.DYN.AMRT.MA,423.012
"Congo, Rep.",COG,1961,"Mortality rate, adult, male (per 1,000 male adults)",SP.DYN.AMRT.MA,427.831
"Congo, Rep.",COG,1960,"Mortality rate, adult, male (per 1,000 male adults)",SP.DYN.AMRT.MA,434.415
"Congo, Rep.",COG,2015,"Contraceptive prevalence, any method (% of married women ages 15-49)",SP.DYN.CONU.ZS,30.11949285
"Congo, Rep.",COG,2012,"Contraceptive prevalence, any method (% of married women ages 15-49)",SP.DYN.CONU.ZS,44.7
"Congo, Rep.",COG,2005,"Contraceptive prevalence, any method (% of married women ages 15-49)",SP.DYN.CONU.ZS,44.3
"Congo, Rep.",COG,2023,"Life expectancy at birth, female (years)",SP.DYN.LE00.FE.IN,67.461
"Congo, Rep.",COG,2022,"Life expectancy at birth, female (years)",SP.DYN.LE00.FE.IN,66.629
"Congo, Rep.",COG,2021,"Life expectancy at birth, female (years)",SP.DYN.LE00.FE.IN,65.75
"Congo, Rep.",COG,2020,"Life expectancy at birth, female (years)",SP.DYN.LE00.FE.IN,66.161
"Congo, Rep.",COG,2019,"Life expectancy at birth, female (years)",SP.DYN.LE00.FE.IN,64.633
"Congo, Rep.",COG,2018,"Life expectancy at birth, female (years)",SP.DYN.LE00.FE.IN,66.017
"Congo, Rep.",COG,2017,"Life expectancy at birth, female (years)",SP.DYN.LE00.FE.IN,65.709
"Congo, Rep.",COG,2016,"Life expectancy at birth, female (years)",SP.DYN.LE00.FE.IN,65.41
"Congo, Rep.",COG,2015,"Life expectancy at birth, female (years)",SP.DYN.LE00.FE.IN,65.133
"Congo, Rep.",COG,2014,"Life expectancy at birth, female (years)",SP.DYN.LE00.FE.IN,64.772
"Congo, Rep.",COG,2013,"Life expectancy at birth, female (years)",SP.DYN.LE00.FE.IN,64.404
"Congo, Rep.",COG,2012,"Life expectancy at birth, female (years)",SP.DYN.LE00.FE.IN,63.983
"Congo, Rep.",COG,2011,"Life expectancy at birth, female (years)",SP.DYN.LE00.FE.IN,63.606
"Congo, Rep.",COG,2010,"Life expectancy at birth, female (years)",SP.DYN.LE00.FE.IN,62.868
"Congo, Rep.",COG,2009,"Life expectancy at birth, female (years)",SP.DYN.LE00.FE.IN,62.349
"Congo, Rep.",COG,2008,"Life expectancy at birth, female (years)",SP.DYN.LE00.FE.IN,61.803
"Congo, Rep.",COG,2007,"Life expectancy at birth, female (years)",SP.DYN.LE00.FE.IN,60.926
"Congo, Rep.",COG,2006,"Life expectancy at birth, female (years)",SP.DYN.LE00.FE.IN,60.185
"Congo, Rep.",COG,2005,"Life expectancy at birth, female (years)",SP.DYN.LE00.FE.IN,59.378
"Congo, Rep.",COG,2004,"Life expectancy at birth, female (years)",SP.DYN.LE00.FE.IN,58.526
"Congo, Rep.",COG,2003,"Life expectancy at birth, female (years)",SP.DYN.LE00.FE.IN,57.709
"Congo, Rep.",COG,2002,"Life expectancy at birth, female (years)",SP.DYN.LE00.FE.IN,57.054
"Congo, Rep.",COG,2001,"Life expectancy at birth, female (years)",SP.DYN.LE00.FE.IN,56.441
"Congo, Rep.",COG,2000,"Life expectancy at birth, female (years)",SP.DYN.LE00.FE.IN,55.949
"Congo, Rep.",COG,1999,"Life expectancy at birth, female (years)",SP.DYN.LE00.FE.IN,55.364
"Congo, Rep.",COG,1998,"Life expectancy at birth, female (years)",SP.DYN.LE00.FE.IN,54.575
"Congo, Rep.",COG,1997,"Life expectancy at birth, female (years)",SP.DYN.LE00.FE.IN,53.823
"Congo, Rep.",COG,1996,"Life expectancy at birth, female (years)",SP.DYN.LE00.FE.IN,55.863
"Congo, Rep.",COG,1995,"Life expectancy at birth, female (years)",SP.DYN.LE00.FE.IN,56.103
"Congo, Rep.",COG,1994,"Life expectancy at birth, female (years)",SP.DYN.LE00.FE.IN,56.438
"Congo, Rep.",COG,1993,"Life expectancy at birth, female (years)",SP.DYN.LE00.FE.IN,56.785
"Congo, Rep.",COG,1992,"Life expectancy at birth, female (years)",SP.DYN.LE00.FE.IN,57.262
"Congo, Rep.",COG,1991,"Life expectancy at birth, female (years)",SP.DYN.LE00.FE.IN,57.651
"Congo, Rep.",COG,1990,"Life expectancy at birth, female (years)",SP.DYN.LE00.FE.IN,58.037
"Congo, Rep.",COG,1989,"Life expectancy at birth, female (years)",SP.DYN.LE00.FE.IN,58.349
"Congo, Rep.",COG,1988,"Life expectancy at birth, female (years)",SP.DYN.LE00.FE.IN,58.728
"Congo, Rep.",COG,1987,"Life expectancy at birth, female (years)",SP.DYN.LE00.FE.IN,58.991
"Congo, Rep.",COG,1986,"Life expectancy at birth, female (years)",SP.DYN.LE00.FE.IN,59.177
"Congo, Rep.",COG,1985,"Life expectancy at birth, female (years)",SP.DYN.LE00.FE.IN,59.301
"Congo, Rep.",COG,1984,"Life expectancy at birth, female (years)",SP.DYN.LE00.FE.IN,59.379
"Congo, Rep.",COG,1983,"Life expectancy at birth, female (years)",SP.DYN.LE00.FE.IN,59.359
"Congo, Rep.",COG,1982,"Life expectancy at birth, female (years)",SP.DYN.LE00.FE.IN,59.211
"Congo, Rep.",COG,1981,"Life expectancy at birth, female (years)",SP.DYN.LE00.FE.IN,59.065
"Congo, Rep.",COG,1980,"Life expectancy at birth, female (years)",SP.DYN.LE00.FE.IN,58.741
"Congo, Rep.",COG,1979,"Life expectancy at birth, female (years)",SP.DYN.LE00.FE.IN,58.42
"Congo, Rep.",COG,1978,"Life expectancy at birth, female (years)",SP.DYN.LE00.FE.IN,58.044
"Congo, Rep.",COG,1977,"Life expectancy at birth, female (years)",SP.DYN.LE00.FE.IN,57.825
"Congo, Rep.",COG,1976,"Life expectancy at birth, female (years)",SP.DYN.LE00.FE.IN,57.482
"Congo, Rep.",COG,1975,"Life expectancy at birth, female (years)",SP.DYN.LE00.FE.IN,57.173
"Congo, Rep.",COG,1974,"Life expectancy at birth, female (years)",SP.DYN.LE00.FE.IN,56.811
"Congo, Rep.",COG,1973,"Life expectancy at birth, female (years)",SP.DYN.LE00.FE.IN,56.489
"Congo, Rep.",COG,1972,"Life expectancy at birth, female (years)",SP.DYN.LE00.FE.IN,56.093
"Congo, Rep.",COG,1971,"Life expectancy at birth, female (years)",SP.DYN.LE00.FE.IN,55.675
"Congo, Rep.",COG,1970,"Life expectancy at birth, female (years)",SP.DYN.LE00.FE.IN,55.231
"Congo, Rep.",COG,1969,"Life expectancy at birth, female (years)",SP.DYN.LE00.FE.IN,54.776
"Congo, Rep.",COG,1968,"Life expectancy at birth, female (years)",SP.DYN.LE00.FE.IN,54.251
"Congo, Rep.",COG,1967,"Life expectancy at birth, female (years)",SP.DYN.LE00.FE.IN,53.495
"Congo, Rep.",COG,1966,"Life expectancy at birth, female (years)",SP.DYN.LE00.FE.IN,53.136
"Congo, Rep.",COG,1965,"Life expectancy at birth, female (years)",SP.DYN.LE00.FE.IN,52.562
"Congo, Rep.",COG,1964,"Life expectancy at birth, female (years)",SP.DYN.LE00.FE.IN,51.908
"Congo, Rep.",COG,1963,"Life expectancy at birth, female (years)",SP.DYN.LE00.FE.IN,51.234
"Congo, Rep.",COG,1962,"Life expectancy at birth, female (years)",SP.DYN.LE00.FE.IN,50.526
"Congo, Rep.",COG,1961,"Life expectancy at birth, female (years)",SP.DYN.LE00.FE.IN,49.838
"Congo, Rep.",COG,1960,"Life expectancy at birth, female (years)",SP.DYN.LE00.FE.IN,49.066
"Congo, Rep.",COG,2023,"Life expectancy at birth, male (years)",SP.DYN.LE00.MA.IN,64.122
"Congo, Rep.",COG,2022,"Life expectancy at birth, male (years)",SP.DYN.LE00.MA.IN,63.411
"Congo, Rep.",COG,2021,"Life expectancy at birth, male (years)",SP.DYN.LE00.MA.IN,62.671
"Congo, Rep.",COG,2020,"Life expectancy at birth, male (years)",SP.DYN.LE00.MA.IN,62.689
"Congo, Rep.",COG,2019,"Life expectancy at birth, male (years)",SP.DYN.LE00.MA.IN,61.708
"Congo, Rep.",COG,2018,"Life expectancy at birth, male (years)",SP.DYN.LE00.MA.IN,62.964
"Congo, Rep.",COG,2017,"Life expectancy at birth, male (years)",SP.DYN.LE00.MA.IN,62.731
"Congo, Rep.",COG,2016,"Life expectancy at birth, male (years)",SP.DYN.LE00.MA.IN,62.445
"Congo, Rep.",COG,2015,"Life expectancy at birth, male (years)",SP.DYN.LE00.MA.IN,62.222
"Congo, Rep.",COG,2014,"Life expectancy at birth, male (years)",SP.DYN.LE00.MA.IN,61.953
"Congo, Rep.",COG,2013,"Life expectancy at birth, male (years)",SP.DYN.LE00.MA.IN,61.561
"Congo, Rep.",COG,2012,"Life expectancy at birth, male (years)",SP.DYN.LE00.MA.IN,61.358
"Congo, Rep.",COG,2011,"Life expectancy at birth, male (years)",SP.DYN.LE00.MA.IN,60.981
"Congo, Rep.",COG,2010,"Life expectancy at birth, male (years)",SP.DYN.LE00.MA.IN,60.593
"Congo, Rep.",COG,2009,"Life expectancy at birth, male (years)",SP.DYN.LE00.MA.IN,60.075
"Congo, Rep.",COG,2008,"Life expectancy at birth, male (years)",SP.DYN.LE00.MA.IN,59.763
"Congo, Rep.",COG,2007,"Life expectancy at birth, male (years)",SP.DYN.LE00.MA.IN,59.15
"Congo, Rep.",COG,2006,"Life expectancy at birth, male (years)",SP.DYN.LE00.MA.IN,58.729
"Congo, Rep.",COG,2005,"Life expectancy at birth, male (years)",SP.DYN.LE00.MA.IN,58.045
"Congo, Rep.",COG,2004,"Life expectancy at birth, male (years)",SP.DYN.LE00.MA.IN,57.348
"Congo, Rep.",COG,2003,"Life expectancy at birth, male (years)",SP.DYN.LE00.MA.IN,56.511
"Congo, Rep.",COG,2002,"Life expectancy at birth, male (years)",SP.DYN.LE00.MA.IN,55.731
"Congo, Rep.",COG,2001,"Life expectancy at birth, male (years)",SP.DYN.LE00.MA.IN,55.283
"Congo, Rep.",COG,2000,"Life expectancy at birth, male (years)",SP.DYN.LE00.MA.IN,54.744
"Congo, Rep.",COG,1999,"Life expectancy at birth, male (years)",SP.DYN.LE00.MA.IN,53.453
"Congo, Rep.",COG,1998,"Life expectancy at birth, male (years)",SP.DYN.LE00.MA.IN,50.572
"Congo, Rep.",COG,1997,"Life expectancy at birth, male (years)",SP.DYN.LE00.MA.IN,44.12
"Congo, Rep.",COG,1996,"Life expectancy at birth, male (years)",SP.DYN.LE00.MA.IN,54.566
"Congo, Rep.",COG,1995,"Life expectancy at birth, male (years)",SP.DYN.LE00.MA.IN,54.792
"Congo, Rep.",COG,1994,"Life expectancy at birth, male (years)",SP.DYN.LE00.MA.IN,54.794
"Congo, Rep.",COG,1993,"Life expectancy at birth, male (years)",SP.DYN.LE00.MA.IN,55.242
"Congo, Rep.",COG,1992,"Life expectancy at birth, male (years)",SP.DYN.LE00.MA.IN,55.644
"Congo, Rep.",COG,1991,"Life expectancy at birth, male (years)",SP.DYN.LE00.MA.IN,55.819
"Congo, Rep.",COG,1990,"Life expectancy at birth, male (years)",SP.DYN.LE00.MA.IN,56.042
"Congo, Rep.",COG,1989,"Life expectancy at birth, male (years)",SP.DYN.LE00.MA.IN,56.175
"Congo, Rep.",COG,1988,"Life expectancy at birth, male (years)",SP.DYN.LE00.MA.IN,56.199
"Congo, Rep.",COG,1987,"Life expectancy at birth, male (years)",SP.DYN.LE00.MA.IN,56.134
"Congo, Rep.",COG,1986,"Life expectancy at birth, male (years)",SP.DYN.LE00.MA.IN,56.037
"Congo, Rep.",COG,1985,"Life expectancy at birth, male (years)",SP.DYN.LE00.MA.IN,55.872
"Congo, Rep.",COG,1984,"Life expectancy at birth, male (years)",SP.DYN.LE00.MA.IN,55.669
"Congo, Rep.",COG,1983,"Life expectancy at birth, male (years)",SP.DYN.LE00.MA.IN,55.48
"Congo, Rep.",COG,1982,"Life expectancy at birth, male (years)",SP.DYN.LE00.MA.IN,55.256
"Congo, Rep.",COG,1981,"Life expectancy at birth, male (years)",SP.DYN.LE00.MA.IN,55.07
"Congo, Rep.",COG,1980,"Life expectancy at birth, male (years)",SP.DYN.LE00.MA.IN,54.874
"Congo, Rep.",COG,1979,"Life expectancy at birth, male (years)",SP.DYN.LE00.MA.IN,54.641
"Congo, Rep.",COG,1978,"Life expectancy at birth, male (years)",SP.DYN.LE00.MA.IN,54.462
"Congo, Rep.",COG,1977,"Life expectancy at birth, male (years)",SP.DYN.LE00.MA.IN,54.247
"Congo, Rep.",COG,1976,"Life expectancy at birth, male (years)",SP.DYN.LE00.MA.IN,53.94
"Congo, Rep.",COG,1975,"Life expectancy at birth, male (years)",SP.DYN.LE00.MA.IN,53.663
"Congo, Rep.",COG,1974,"Life expectancy at birth, male (years)",SP.DYN.LE00.MA.IN,53.329
"Congo, Rep.",COG,1973,"Life expectancy at birth, male (years)",SP.DYN.LE00.MA.IN,53.035
"Congo, Rep.",COG,1972,"Life expectancy at birth, male (years)",SP.DYN.LE00.MA.IN,52.668
"Congo, Rep.",COG,1971,"Life expectancy at birth, male (years)",SP.DYN.LE00.MA.IN,52.328
"Congo, Rep.",COG,1970,"Life expectancy at birth, male (years)",SP.DYN.LE00.MA.IN,51.916
"Congo, Rep.",COG,1969,"Life expectancy at birth, male (years)",SP.DYN.LE00.MA.IN,51.489
"Congo, Rep.",COG,1968,"Life expectancy at birth, male (years)",SP.DYN.LE00.MA.IN,51.024
"Congo, Rep.",COG,1967,"Life expectancy at birth, male (years)",SP.DYN.LE00.MA.IN,50.36
"Congo, Rep.",COG,1966,"Life expectancy at birth, male (years)",SP.DYN.LE00.MA.IN,50.011
"Congo, Rep.",COG,1965,"Life expectancy at birth, male (years)",SP.DYN.LE00.MA.IN,49.465
"Congo, Rep.",COG,1964,"Life expectancy at birth, male (years)",SP.DYN.LE00.MA.IN,48.851
"Congo, Rep.",COG,1963,"Life expectancy at birth, male (years)",SP.DYN.LE00.MA.IN,48.255
"Congo, Rep.",COG,1962,"Life expectancy at birth, male (years)",SP.DYN.LE00.MA.IN,47.581
"Congo, Rep.",COG,1961,"Life expectancy at birth, male (years)",SP.DYN.LE00.MA.IN,46.897
"Congo, Rep.",COG,1960,"Life expectancy at birth, male (years)",SP.DYN.LE00.MA.IN,46.157
"Congo, Rep.",COG,2023,"Fertility rate, total (births per woman)",SP.DYN.TFRT.IN,4.157
"Congo, Rep.",COG,2022,"Fertility rate, total (births per woman)",SP.DYN.TFRT.IN,4.215
"Congo, Rep.",COG,2021,"Fertility rate, total (births per woman)",SP.DYN.TFRT.IN,4.28
"Congo, Rep.",COG,2020,"Fertility rate, total (births per woman)",SP.DYN.TFRT.IN,4.329
"Congo, Rep.",COG,2019,"Fertility rate, total (births per woman)",SP.DYN.TFRT.IN,4.38
"Congo, Rep.",COG,2018,"Fertility rate, total (births per woman)",SP.DYN.TFRT.IN,4.442
"Congo, Rep.",COG,2017,"Fertility rate, total (births per woman)",SP.DYN.TFRT.IN,4.496
"Congo, Rep.",COG,2016,"Fertility rate, total (births per woman)",SP.DYN.TFRT.IN,4.546
"Congo, Rep.",COG,2015,"Fertility rate, total (births per woman)",SP.DYN.TFRT.IN,4.607
"Congo, Rep.",COG,2014,"Fertility rate, total (births per woman)",SP.DYN.TFRT.IN,4.665
"Congo, Rep.",COG,2013,"Fertility rate, total (births per woman)",SP.DYN.TFRT.IN,4.731
"Congo, Rep.",COG,2012,"Fertility rate, total (births per woman)",SP.DYN.TFRT.IN,4.785
"Congo, Rep.",COG,2011,"Fertility rate, total (births per woman)",SP.DYN.TFRT.IN,4.826
"Congo, Rep.",COG,2010,"Fertility rate, total (births per woman)",SP.DYN.TFRT.IN,4.851
"Congo, Rep.",COG,2009,"Fertility rate, total (births per woman)",SP.DYN.TFRT.IN,4.808
"Congo, Rep.",COG,2008,"Fertility rate, total (births per woman)",SP.DYN.TFRT.IN,4.726
"Congo, Rep.",COG,2007,"Fertility rate, total (births per woman)",SP.DYN.TFRT.IN,4.649
"Congo, Rep.",COG,2006,"Fertility rate, total (births per woman)",SP.DYN.TFRT.IN,4.651
"Congo, Rep.",COG,2005,"Fertility rate, total (births per woman)",SP.DYN.TFRT.IN,4.669
"Congo, Rep.",COG,2004,"Fertility rate, total (births per woman)",SP.DYN.TFRT.IN,4.69
"Congo, Rep.",COG,2003,"Fertility rate, total (births per woman)",SP.DYN.TFRT.IN,4.696
"Congo, Rep.",COG,2002,"Fertility rate, total (births per woman)",SP.DYN.TFRT.IN,4.697
"Congo, Rep.",COG,2001,"Fertility rate, total (births per woman)",SP.DYN.TFRT.IN,4.67
"Congo, Rep.",COG,2000,"Fertility rate, total (births per woman)",SP.DYN.TFRT.IN,4.724
"Congo, Rep.",COG,1999,"Fertility rate, total (births per woman)",SP.DYN.TFRT.IN,4.805
"Congo, Rep.",COG,1998,"Fertility rate, total (births per woman)",SP.DYN.TFRT.IN,4.909
"Congo, Rep.",COG,1997,"Fertility rate, total (births per woman)",SP.DYN.TFRT.IN,4.997
"Congo, Rep.",COG,1996,"Fertility rate, total (births per woman)",SP.DYN.TFRT.IN,5.033
"Congo, Rep.",COG,1995,"Fertility rate, total (births per woman)",SP.DYN.TFRT.IN,5.068
"Congo, Rep.",COG,1994,"Fertility rate, total (births per woman)",SP.DYN.TFRT.IN,5.103
"Congo, Rep.",COG,1993,"Fertility rate, total (births per woman)",SP.DYN.TFRT.IN,5.134
"Congo, Rep.",COG,1992,"Fertility rate, total (births per woman)",SP.DYN.TFRT.IN,5.177
"Congo, Rep.",COG,1991,"Fertility rate, total (births per woman)",SP.DYN.TFRT.IN,5.221
"Congo, Rep.",COG,1990,"Fertility rate, total (births per woman)",SP.DYN.TFRT.IN,5.266
"Congo, Rep.",COG,1989,"Fertility rate, total (births per woman)",SP.DYN.TFRT.IN,5.327
"Congo, Rep.",COG,1988,"Fertility rate, total (births per woman)",SP.DYN.TFRT.IN,5.392
"Congo, Rep.",COG,1987,"Fertility rate, total (births per woman)",SP.DYN.TFRT.IN,5.458
"Congo, Rep.",COG,1986,"Fertility rate, total (births per woman)",SP.DYN.TFRT.IN,5.514
"Congo, Rep.",COG,1985,"Fertility rate, total (births per woman)",SP.DYN.TFRT.IN,5.587
"Congo, Rep.",COG,1984,"Fertility rate, total (births per woman)",SP.DYN.TFRT.IN,5.658
"Congo, Rep.",COG,1983,"Fertility rate, total (births per woman)",SP.DYN.TFRT.IN,5.758
"Congo, Rep.",COG,1982,"Fertility rate, total (births per woman)",SP.DYN.TFRT.IN,5.85
"Congo, Rep.",COG,1981,"Fertility rate, total (births per woman)",SP.DYN.TFRT.IN,5.984
"Congo, Rep.",COG,1980,"Fertility rate, total (births per woman)",SP.DYN.TFRT.IN,6.065
"Congo, Rep.",COG,1979,"Fertility rate, total (births per woman)",SP.DYN.TFRT.IN,6.143
"Congo, Rep.",COG,1978,"Fertility rate, total (births per woman)",SP.DYN.TFRT.IN,6.21
"Congo, Rep.",COG,1977,"Fertility rate, total (births per woman)",SP.DYN.TFRT.IN,6.271
"Congo, Rep.",COG,1976,"Fertility rate, total (births per woman)",SP.DYN.TFRT.IN,6.317
"Congo, Rep.",COG,1975,"Fertility rate, total (births per woman)",SP.DYN.TFRT.IN,6.356
"Congo, Rep.",COG,1974,"Fertility rate, total (births per woman)",SP.DYN.TFRT.IN,6.39
"Congo, Rep.",COG,1973,"Fertility rate, total (births per woman)",SP.DYN.TFRT.IN,6.42
"Congo, Rep.",COG,1972,"Fertility rate, total (births per woman)",SP.DYN.TFRT.IN,6.444
"Congo, Rep.",COG,1971,"Fertility rate, total (births per woman)",SP.DYN.TFRT.IN,6.416
"Congo, Rep.",COG,1970,"Fertility rate, total (births per woman)",SP.DYN.TFRT.IN,6.376
"Congo, Rep.",COG,1969,"Fertility rate, total (births per woman)",SP.DYN.TFRT.IN,6.35
"Congo, Rep.",COG,1968,"Fertility rate, total (births per woman)",SP.DYN.TFRT.IN,6.327
"Congo, Rep.",COG,1967,"Fertility rate, total (births per woman)",SP.DYN.TFRT.IN,6.29
"Congo, Rep.",COG,1966,"Fertility rate, total (births per woman)",SP.DYN.TFRT.IN,6.267
"Congo, Rep.",COG,1965,"Fertility rate, total (births per woman)",SP.DYN.TFRT.IN,6.229
"Congo, Rep.",COG,1964,"Fertility rate, total (births per woman)",SP.DYN.TFRT.IN,6.183
"Congo, Rep.",COG,1963,"Fertility rate, total (births per woman)",SP.DYN.TFRT.IN,6.147
"Congo, Rep.",COG,1962,"Fertility rate, total (births per woman)",SP.DYN.TFRT.IN,6.099
"Congo, Rep.",COG,1961,"Fertility rate, total (births per woman)",SP.DYN.TFRT.IN,6.093
"Congo, Rep.",COG,1960,"Fertility rate, total (births per woman)",SP.DYN.TFRT.IN,6.085
"Congo, Rep.",COG,2023,"Survival to age 65, female (% of cohort)",SP.DYN.TO65.FE.ZS,67.722594
"Congo, Rep.",COG,2022,"Survival to age 65, female (% of cohort)",SP.DYN.TO65.FE.ZS,65.616191
"Congo, Rep.",COG,2021,"Survival to age 65, female (% of cohort)",SP.DYN.TO65.FE.ZS,63.353038
"Congo, Rep.",COG,2020,"Survival to age 65, female (% of cohort)",SP.DYN.TO65.FE.ZS,64.772091
"Congo, Rep.",COG,2019,"Survival to age 65, female (% of cohort)",SP.DYN.TO65.FE.ZS,62.557754
"Congo, Rep.",COG,2018,"Survival to age 65, female (% of cohort)",SP.DYN.TO65.FE.ZS,64.96595
"Congo, Rep.",COG,2017,"Survival to age 65, female (% of cohort)",SP.DYN.TO65.FE.ZS,64.403503
"Congo, Rep.",COG,2016,"Survival to age 65, female (% of cohort)",SP.DYN.TO65.FE.ZS,63.876999
"Congo, Rep.",COG,2015,"Survival to age 65, female (% of cohort)",SP.DYN.TO65.FE.ZS,63.418636
"Congo, Rep.",COG,2014,"Survival to age 65, female (% of cohort)",SP.DYN.TO65.FE.ZS,62.743215
"Congo, Rep.",COG,2013,"Survival to age 65, female (% of cohort)",SP.DYN.TO65.FE.ZS,62.156578
"Congo, Rep.",COG,2012,"Survival to age 65, female (% of cohort)",SP.DYN.TO65.FE.ZS,61.297756
"Congo, Rep.",COG,2011,"Survival to age 65, female (% of cohort)",SP.DYN.TO65.FE.ZS,60.64349
"Congo, Rep.",COG,2010,"Survival to age 65, female (% of cohort)",SP.DYN.TO65.FE.ZS,59.184
"Congo, Rep.",COG,2009,"Survival to age 65, female (% of cohort)",SP.DYN.TO65.FE.ZS,58.227111
"Congo, Rep.",COG,2008,"Survival to age 65, female (% of cohort)",SP.DYN.TO65.FE.ZS,57.376105
"Congo, Rep.",COG,2007,"Survival to age 65, female (% of cohort)",SP.DYN.TO65.FE.ZS,55.846545
"Congo, Rep.",COG,2006,"Survival to age 65, female (% of cohort)",SP.DYN.TO65.FE.ZS,54.628921
"Congo, Rep.",COG,2005,"Survival to age 65, female (% of cohort)",SP.DYN.TO65.FE.ZS,53.357532
"Congo, Rep.",COG,2004,"Survival to age 65, female (% of cohort)",SP.DYN.TO65.FE.ZS,51.959585
"Congo, Rep.",COG,2003,"Survival to age 65, female (% of cohort)",SP.DYN.TO65.FE.ZS,50.746242
"Congo, Rep.",COG,2002,"Survival to age 65, female (% of cohort)",SP.DYN.TO65.FE.ZS,49.764841
"Congo, Rep.",COG,2001,"Survival to age 65, female (% of cohort)",SP.DYN.TO65.FE.ZS,48.793099
"Congo, Rep.",COG,2000,"Survival to age 65, female (% of cohort)",SP.DYN.TO65.FE.ZS,47.919233
"Congo, Rep.",COG,1999,"Survival to age 65, female (% of cohort)",SP.DYN.TO65.FE.ZS,46.789477
"Congo, Rep.",COG,1998,"Survival to age 65, female (% of cohort)",SP.DYN.TO65.FE.ZS,45.514038
"Congo, Rep.",COG,1997,"Survival to age 65, female (% of cohort)",SP.DYN.TO65.FE.ZS,44.081567
"Congo, Rep.",COG,1996,"Survival to age 65, female (% of cohort)",SP.DYN.TO65.FE.ZS,47.503432
"Congo, Rep.",COG,1995,"Survival to age 65, female (% of cohort)",SP.DYN.TO65.FE.ZS,47.802869
"Congo, Rep.",COG,1994,"Survival to age 65, female (% of cohort)",SP.DYN.TO65.FE.ZS,48.284725
"Congo, Rep.",COG,1993,"Survival to age 65, female (% of cohort)",SP.DYN.TO65.FE.ZS,48.811045
"Congo, Rep.",COG,1992,"Survival to age 65, female (% of cohort)",SP.DYN.TO65.FE.ZS,49.681893
"Congo, Rep.",COG,1991,"Survival to age 65, female (% of cohort)",SP.DYN.TO65.FE.ZS,50.395508
"Congo, Rep.",COG,1990,"Survival to age 65, female (% of cohort)",SP.DYN.TO65.FE.ZS,51.17281
"Congo, Rep.",COG,1989,"Survival to age 65, female (% of cohort)",SP.DYN.TO65.FE.ZS,51.812028
"Congo, Rep.",COG,1988,"Survival to age 65, female (% of cohort)",SP.DYN.TO65.FE.ZS,52.773156
"Congo, Rep.",COG,1987,"Survival to age 65, female (% of cohort)",SP.DYN.TO65.FE.ZS,53.544715
"Congo, Rep.",COG,1986,"Survival to age 65, female (% of cohort)",SP.DYN.TO65.FE.ZS,54.206731
"Congo, Rep.",COG,1985,"Survival to age 65, female (% of cohort)",SP.DYN.TO65.FE.ZS,54.746902
"Congo, Rep.",COG,1984,"Survival to age 65, female (% of cohort)",SP.DYN.TO65.FE.ZS,55.264431
"Congo, Rep.",COG,1983,"Survival to age 65, female (% of cohort)",SP.DYN.TO65.FE.ZS,55.460284
"Congo, Rep.",COG,1982,"Survival to age 65, female (% of cohort)",SP.DYN.TO65.FE.ZS,55.397759
"Congo, Rep.",COG,1981,"Survival to age 65, female (% of cohort)",SP.DYN.TO65.FE.ZS,55.333309
"Congo, Rep.",COG,1980,"Survival to age 65, female (% of cohort)",SP.DYN.TO65.FE.ZS,54.871645
"Congo, Rep.",COG,1979,"Survival to age 65, female (% of cohort)",SP.DYN.TO65.FE.ZS,54.41919
"Congo, Rep.",COG,1978,"Survival to age 65, female (% of cohort)",SP.DYN.TO65.FE.ZS,53.873545
"Congo, Rep.",COG,1977,"Survival to age 65, female (% of cohort)",SP.DYN.TO65.FE.ZS,53.637918
"Congo, Rep.",COG,1976,"Survival to age 65, female (% of cohort)",SP.DYN.TO65.FE.ZS,53.155909
"Congo, Rep.",COG,1975,"Survival to age 65, female (% of cohort)",SP.DYN.TO65.FE.ZS,52.776563
"Congo, Rep.",COG,1974,"Survival to age 65, female (% of cohort)",SP.DYN.TO65.FE.ZS,52.271017
"Congo, Rep.",COG,1973,"Survival to age 65, female (% of cohort)",SP.DYN.TO65.FE.ZS,51.873983
"Congo, Rep.",COG,1972,"Survival to age 65, female (% of cohort)",SP.DYN.TO65.FE.ZS,51.330697
"Congo, Rep.",COG,1971,"Survival to age 65, female (% of cohort)",SP.DYN.TO65.FE.ZS,50.764343
"Congo, Rep.",COG,1970,"Survival to age 65, female (% of cohort)",SP.DYN.TO65.FE.ZS,50.171039
"Congo, Rep.",COG,1969,"Survival to age 65, female (% of cohort)",SP.DYN.TO65.FE.ZS,49.553695
"Congo, Rep.",COG,1968,"Survival to age 65, female (% of cohort)",SP.DYN.TO65.FE.ZS,48.821072
"Congo, Rep.",COG,1967,"Survival to age 65, female (% of cohort)",SP.DYN.TO65.FE.ZS,47.739087
"Congo, Rep.",COG,1966,"Survival to age 65, female (% of cohort)",SP.DYN.TO65.FE.ZS,47.305386
"Congo, Rep.",COG,1965,"Survival to age 65, female (% of cohort)",SP.DYN.TO65.FE.ZS,46.570561
"Congo, Rep.",COG,1964,"Survival to age 65, female (% of cohort)",SP.DYN.TO65.FE.ZS,45.687386
"Congo, Rep.",COG,1963,"Survival to age 65, female (% of cohort)",SP.DYN.TO65.FE.ZS,44.775683
"Congo, Rep.",COG,1962,"Survival to age 65, female (% of cohort)",SP.DYN.TO65.FE.ZS,43.831464
"Congo, Rep.",COG,1961,"Survival to age 65, female (% of cohort)",SP.DYN.TO65.FE.ZS,42.985651
"Congo, Rep.",COG,1960,"Survival to age 65, female (% of cohort)",SP.DYN.TO65.FE.ZS,41.986473
"Congo, Rep.",COG,2023,"Survival to age 65, male (% of cohort)",SP.DYN.TO65.MA.ZS,60.109082
"Congo, Rep.",COG,2022,"Survival to age 65, male (% of cohort)",SP.DYN.TO65.MA.ZS,58.233286
"Congo, Rep.",COG,2021,"Survival to age 65, male (% of cohort)",SP.DYN.TO65.MA.ZS,56.264729
"Congo, Rep.",COG,2020,"Survival to age 65, male (% of cohort)",SP.DYN.TO65.MA.ZS,56.737508
"Congo, Rep.",COG,2019,"Survival to age 65, male (% of cohort)",SP.DYN.TO65.MA.ZS,55.483981
"Congo, Rep.",COG,2018,"Survival to age 65, male (% of cohort)",SP.DYN.TO65.MA.ZS,57.879007
"Congo, Rep.",COG,2017,"Survival to age 65, male (% of cohort)",SP.DYN.TO65.MA.ZS,57.580634
"Congo, Rep.",COG,2016,"Survival to age 65, male (% of cohort)",SP.DYN.TO65.MA.ZS,57.185404
"Congo, Rep.",COG,2015,"Survival to age 65, male (% of cohort)",SP.DYN.TO65.MA.ZS,56.890008
"Congo, Rep.",COG,2014,"Survival to age 65, male (% of cohort)",SP.DYN.TO65.MA.ZS,56.53041
"Congo, Rep.",COG,2013,"Survival to age 65, male (% of cohort)",SP.DYN.TO65.MA.ZS,55.960236
"Congo, Rep.",COG,2012,"Survival to age 65, male (% of cohort)",SP.DYN.TO65.MA.ZS,55.742671
"Congo, Rep.",COG,2011,"Survival to age 65, male (% of cohort)",SP.DYN.TO65.MA.ZS,55.197224
"Congo, Rep.",COG,2010,"Survival to age 65, male (% of cohort)",SP.DYN.TO65.MA.ZS,54.858493
"Congo, Rep.",COG,2009,"Survival to age 65, male (% of cohort)",SP.DYN.TO65.MA.ZS,53.864487
"Congo, Rep.",COG,2008,"Survival to age 65, male (% of cohort)",SP.DYN.TO65.MA.ZS,53.522445
"Congo, Rep.",COG,2007,"Survival to age 65, male (% of cohort)",SP.DYN.TO65.MA.ZS,52.679412
"Congo, Rep.",COG,2006,"Survival to age 65, male (% of cohort)",SP.DYN.TO65.MA.ZS,52.269298
"Congo, Rep.",COG,2005,"Survival to age 65, male (% of cohort)",SP.DYN.TO65.MA.ZS,51.357309
"Congo, Rep.",COG,2004,"Survival to age 65, male (% of cohort)",SP.DYN.TO65.MA.ZS,50.357134
"Congo, Rep.",COG,2003,"Survival to age 65, male (% of cohort)",SP.DYN.TO65.MA.ZS,49.070048
"Congo, Rep.",COG,2002,"Survival to age 65, male (% of cohort)",SP.DYN.TO65.MA.ZS,47.79332
"Congo, Rep.",COG,2001,"Survival to age 65, male (% of cohort)",SP.DYN.TO65.MA.ZS,47.129307
"Congo, Rep.",COG,2000,"Survival to age 65, male (% of cohort)",SP.DYN.TO65.MA.ZS,46.189082
"Congo, Rep.",COG,1999,"Survival to age 65, male (% of cohort)",SP.DYN.TO65.MA.ZS,43.691262
"Congo, Rep.",COG,1998,"Survival to age 65, male (% of cohort)",SP.DYN.TO65.MA.ZS,38.343225
"Congo, Rep.",COG,1997,"Survival to age 65, male (% of cohort)",SP.DYN.TO65.MA.ZS,26.795906
"Congo, Rep.",COG,1996,"Survival to age 65, male (% of cohort)",SP.DYN.TO65.MA.ZS,45.256363
"Congo, Rep.",COG,1995,"Survival to age 65, male (% of cohort)",SP.DYN.TO65.MA.ZS,45.429561
"Congo, Rep.",COG,1994,"Survival to age 65, male (% of cohort)",SP.DYN.TO65.MA.ZS,45.218056
"Congo, Rep.",COG,1993,"Survival to age 65, male (% of cohort)",SP.DYN.TO65.MA.ZS,45.874652
"Congo, Rep.",COG,1992,"Survival to age 65, male (% of cohort)",SP.DYN.TO65.MA.ZS,46.417482
"Congo, Rep.",COG,1991,"Survival to age 65, male (% of cohort)",SP.DYN.TO65.MA.ZS,46.613807
"Congo, Rep.",COG,1990,"Survival to age 65, male (% of cohort)",SP.DYN.TO65.MA.ZS,46.963901
"Congo, Rep.",COG,1989,"Survival to age 65, male (% of cohort)",SP.DYN.TO65.MA.ZS,47.194585
"Congo, Rep.",COG,1988,"Survival to age 65, male (% of cohort)",SP.DYN.TO65.MA.ZS,47.249389
"Congo, Rep.",COG,1987,"Survival to age 65, male (% of cohort)",SP.DYN.TO65.MA.ZS,47.169429
"Congo, Rep.",COG,1986,"Survival to age 65, male (% of cohort)",SP.DYN.TO65.MA.ZS,47.093683
"Congo, Rep.",COG,1985,"Survival to age 65, male (% of cohort)",SP.DYN.TO65.MA.ZS,46.915574
"Congo, Rep.",COG,1984,"Survival to age 65, male (% of cohort)",SP.DYN.TO65.MA.ZS,46.690302
"Congo, Rep.",COG,1983,"Survival to age 65, male (% of cohort)",SP.DYN.TO65.MA.ZS,46.538146
"Congo, Rep.",COG,1982,"Survival to age 65, male (% of cohort)",SP.DYN.TO65.MA.ZS,46.32028
"Congo, Rep.",COG,1981,"Survival to age 65, male (% of cohort)",SP.DYN.TO65.MA.ZS,46.207726
"Congo, Rep.",COG,1980,"Survival to age 65, male (% of cohort)",SP.DYN.TO65.MA.ZS,46.079937
"Congo, Rep.",COG,1979,"Survival to age 65, male (% of cohort)",SP.DYN.TO65.MA.ZS,45.861979
"Congo, Rep.",COG,1978,"Survival to age 65, male (% of cohort)",SP.DYN.TO65.MA.ZS,45.790776
"Congo, Rep.",COG,1977,"Survival to age 65, male (% of cohort)",SP.DYN.TO65.MA.ZS,45.613047
"Congo, Rep.",COG,1976,"Survival to age 65, male (% of cohort)",SP.DYN.TO65.MA.ZS,45.230496
"Congo, Rep.",COG,1975,"Survival to age 65, male (% of cohort)",SP.DYN.TO65.MA.ZS,44.935505
"Congo, Rep.",COG,1974,"Survival to age 65, male (% of cohort)",SP.DYN.TO65.MA.ZS,44.534804
"Congo, Rep.",COG,1973,"Survival to age 65, male (% of cohort)",SP.DYN.TO65.MA.ZS,44.222575
"Congo, Rep.",COG,1972,"Survival to age 65, male (% of cohort)",SP.DYN.TO65.MA.ZS,43.749519
"Congo, Rep.",COG,1971,"Survival to age 65, male (% of cohort)",SP.DYN.TO65.MA.ZS,43.379239
"Congo, Rep.",COG,1970,"Survival to age 65, male (% of cohort)",SP.DYN.TO65.MA.ZS,42.886592
"Congo, Rep.",COG,1969,"Survival to age 65, male (% of cohort)",SP.DYN.TO65.MA.ZS,42.358847
"Congo, Rep.",COG,1968,"Survival to age 65, male (% of cohort)",SP.DYN.TO65.MA.ZS,41.845368
"Congo, Rep.",COG,1967,"Survival to age 65, male (% of cohort)",SP.DYN.TO65.MA.ZS,40.970161
"Congo, Rep.",COG,1966,"Survival to age 65, male (% of cohort)",SP.DYN.TO65.MA.ZS,40.609271
"Congo, Rep.",COG,1965,"Survival to age 65, male (% of cohort)",SP.DYN.TO65.MA.ZS,39.96931
"Congo, Rep.",COG,1964,"Survival to age 65, male (% of cohort)",SP.DYN.TO65.MA.ZS,39.195822
"Congo, Rep.",COG,1963,"Survival to age 65, male (% of cohort)",SP.DYN.TO65.MA.ZS,38.511202
"Congo, Rep.",COG,1962,"Survival to age 65, male (% of cohort)",SP.DYN.TO65.MA.ZS,37.690952
"Congo, Rep.",COG,1961,"Survival to age 65, male (% of cohort)",SP.DYN.TO65.MA.ZS,36.916
"Congo, Rep.",COG,1960,"Survival to age 65, male (% of cohort)",SP.DYN.TO65.MA.ZS,35.996038
"Congo, Rep.",COG,2012,Wanted fertility rate (births per woman),SP.DYN.WFRT,4.8
"Congo, Rep.",COG,2005,Wanted fertility rate (births per woman),SP.DYN.WFRT,4.4
"Congo, Rep.",COG,2012,Female headed households (% of households with a female head),SP.HOU.FEMA.ZS,23
"Congo, Rep.",COG,2009,Female headed households (% of households with a female head),SP.HOU.FEMA.ZS,22.5
"Congo, Rep.",COG,2005,Female headed households (% of households with a female head),SP.HOU.FEMA.ZS,23.3
"Congo, Rep.",COG,2015,Women who were first married by age 15 (% of women ages 20-24),SP.M15.2024.FE.ZS,6.9
"Congo, Rep.",COG,2012,Women who were first married by age 15 (% of women ages 20-24),SP.M15.2024.FE.ZS,6.1
"Congo, Rep.",COG,2009,Women who were first married by age 15 (% of women ages 20-24),SP.M15.2024.FE.ZS,6.7
"Congo, Rep.",COG,2005,Women who were first married by age 15 (% of women ages 20-24),SP.M15.2024.FE.ZS,5.9
"Congo, Rep.",COG,2015,Women who were first married by age 18 (% of women ages 20-24),SP.M18.2024.FE.ZS,27.3
"Congo, Rep.",COG,2012,Women who were first married by age 18 (% of women ages 20-24),SP.M18.2024.FE.ZS,32.6
"Congo, Rep.",COG,2009,Women who were first married by age 18 (% of women ages 20-24),SP.M18.2024.FE.ZS,33.3
"Congo, Rep.",COG,2005,Women who were first married by age 18 (% of women ages 20-24),SP.M18.2024.FE.ZS,30.8
"Congo, Rep.",COG,2012,Teenage mothers (% of women ages 15-19 who have had children or are currently pregnant),SP.MTR.1519.ZS,32.9
"Congo, Rep.",COG,2005,Teenage mothers (% of women ages 15-19 who have had children or are currently pregnant),SP.MTR.1519.ZS,27.3
"Congo, Rep.",COG,2012,"School life expectancy, primary to tertiary, female (years)",SE.SCH.LIFE.FE,10.58283
"Congo, Rep.",COG,2003,"School life expectancy, primary to tertiary, female (years)",SE.SCH.LIFE.FE,8.1587
"Congo, Rep.",COG,2002,"School life expectancy, primary to tertiary, female (years)",SE.SCH.LIFE.FE,8.45464
"Congo, Rep.",COG,1992,"School life expectancy, primary to tertiary, female (years)",SE.SCH.LIFE.FE,9.86695
"Congo, Rep.",COG,1990,"School life expectancy, primary to tertiary, female (years)",SE.SCH.LIFE.FE,10.11974
"Congo, Rep.",COG,1989,"School life expectancy, primary to tertiary, female (years)",SE.SCH.LIFE.FE,10.80289
"Congo, Rep.",COG,1988,"School life expectancy, primary to tertiary, female (years)",SE.SCH.LIFE.FE,11.6264
"Congo, Rep.",COG,1986,"School life expectancy, primary to tertiary, female (years)",SE.SCH.LIFE.FE,11.87238
"Congo, Rep.",COG,1985,"School life expectancy, primary to tertiary, female (years)",SE.SCH.LIFE.FE,11.49909
"Congo, Rep.",COG,1984,"School life expectancy, primary to tertiary, female (years)",SE.SCH.LIFE.FE,11.95677
"Congo, Rep.",COG,1982,"School life expectancy, primary to tertiary, female (years)",SE.SCH.LIFE.FE,12.18584
"Congo, Rep.",COG,1981,"School life expectancy, primary to tertiary, female (years)",SE.SCH.LIFE.FE,11.84746
"Congo, Rep.",COG,1980,"School life expectancy, primary to tertiary, female (years)",SE.SCH.LIFE.FE,11.26051
"Congo, Rep.",COG,1978,"School life expectancy, primary to tertiary, female (years)",SE.SCH.LIFE.FE,10.33501
"Congo, Rep.",COG,1977,"School life expectancy, primary to tertiary, female (years)",SE.SCH.LIFE.FE,9.59737
"Congo, Rep.",COG,1976,"School life expectancy, primary to tertiary, female (years)",SE.SCH.LIFE.FE,9.47288
"Congo, Rep.",COG,1975,"School life expectancy, primary to tertiary, female (years)",SE.SCH.LIFE.FE,8.74503
"Congo, Rep.",COG,1972,"School life expectancy, primary to tertiary, female (years)",SE.SCH.LIFE.FE,7.51498
"Congo, Rep.",COG,1971,"School life expectancy, primary to tertiary, female (years)",SE.SCH.LIFE.FE,6.61294
"Congo, Rep.",COG,2012,"School life expectancy, primary to tertiary, male (years)",SE.SCH.LIFE.MA,10.88333
"Congo, Rep.",COG,2003,"School life expectancy, primary to tertiary, male (years)",SE.SCH.LIFE.MA,9.65652
"Congo, Rep.",COG,2002,"School life expectancy, primary to tertiary, male (years)",SE.SCH.LIFE.MA,9.85723
"Congo, Rep.",COG,1992,"School life expectancy, primary to tertiary, male (years)",SE.SCH.LIFE.MA,11.59029
"Congo, Rep.",COG,1990,"School life expectancy, primary to tertiary, male (years)",SE.SCH.LIFE.MA,11.89477
"Congo, Rep.",COG,1989,"School life expectancy, primary to tertiary, male (years)",SE.SCH.LIFE.MA,12.52322
"Congo, Rep.",COG,1988,"School life expectancy, primary to tertiary, male (years)",SE.SCH.LIFE.MA,13.30996
"Congo, Rep.",COG,1986,"School life expectancy, primary to tertiary, male (years)",SE.SCH.LIFE.MA,13.84293
"Congo, Rep.",COG,1985,"School life expectancy, primary to tertiary, male (years)",SE.SCH.LIFE.MA,13.5617
"Congo, Rep.",COG,1984,"School life expectancy, primary to tertiary, male (years)",SE.SCH.LIFE.MA,14.48706
"Congo, Rep.",COG,1982,"School life expectancy, primary to tertiary, male (years)",SE.SCH.LIFE.MA,14.85843
"Congo, Rep.",COG,1981,"School life expectancy, primary to tertiary, male (years)",SE.SCH.LIFE.MA,14.41737
"Congo, Rep.",COG,1980,"School life expectancy, primary to tertiary, male (years)",SE.SCH.LIFE.MA,14.12436
"Congo, Rep.",COG,1978,"School life expectancy, primary to tertiary, male (years)",SE.SCH.LIFE.MA,13.12102
"Congo, Rep.",COG,1977,"School life expectancy, primary to tertiary, male (years)",SE.SCH.LIFE.MA,12.4916
"Congo, Rep.",COG,1976,"School life expectancy, primary to tertiary, male (years)",SE.SCH.LIFE.MA,12.59317
"Congo, Rep.",COG,1975,"School life expectancy, primary to tertiary, male (years)",SE.SCH.LIFE.MA,11.63978
"Congo, Rep.",COG,1972,"School life expectancy, primary to tertiary, male (years)",SE.SCH.LIFE.MA,10.35296
"Congo, Rep.",COG,1971,"School life expectancy, primary to tertiary, male (years)",SE.SCH.LIFE.MA,9.30059
"Congo, Rep.",COG,2023,There are periods of absence due to childcare accounted for in pension benefits (1=yes; 0=no),SG.ABS.PENB,1
"Congo, Rep.",COG,2022,There are periods of absence due to childcare accounted for in pension benefits (1=yes; 0=no),SG.ABS.PENB,1
"Congo, Rep.",COG,2021,There are periods of absence due to childcare accounted for in pension benefits (1=yes; 0=no),SG.ABS.PENB,1
"Congo, Rep.",COG,2020,There are periods of absence due to childcare accounted for in pension benefits (1=yes; 0=no),SG.ABS.PENB,1
"Congo, Rep.",COG,2019,There are periods of absence due to childcare accounted for in pension benefits (1=yes; 0=no),SG.ABS.PENB,1
"Congo, Rep.",COG,2018,There are periods of absence due to childcare accounted for in pension benefits (1=yes; 0=no),SG.ABS.PENB,1
"Congo, Rep.",COG,2017,There are periods of absence due to childcare accounted for in pension benefits (1=yes; 0=no),SG.ABS.PENB,1
"Congo, Rep.",COG,2016,There are periods of absence due to childcare accounted for in pension benefits (1=yes; 0=no),SG.ABS.PENB,1
"Congo, Rep.",COG,2015,There are periods of absence due to childcare accounted for in pension benefits (1=yes; 0=no),SG.ABS.PENB,1
"Congo, Rep.",COG,2014,There are periods of absence due to childcare accounted for in pension benefits (1=yes; 0=no),SG.ABS.PENB,1
"Congo, Rep.",COG,2013,There are periods of absence due to childcare accounted for in pension benefits (1=yes; 0=no),SG.ABS.PENB,1
"Congo, Rep.",COG,2012,There are periods of absence due to childcare accounted for in pension benefits (1=yes; 0=no),SG.ABS.PENB,1
"Congo, Rep.",COG,2011,There are periods of absence due to childcare accounted for in pension benefits (1=yes; 0=no),SG.ABS.PENB,1
"Congo, Rep.",COG,2010,There are periods of absence due to childcare accounted for in pension benefits (1=yes; 0=no),SG.ABS.PENB,1
"Congo, Rep.",COG,2009,There are periods of absence due to childcare accounted for in pension benefits (1=yes; 0=no),SG.ABS.PENB,1
"Congo, Rep.",COG,2008,There are periods of absence due to childcare accounted for in pension benefits (1=yes; 0=no),SG.ABS.PENB,1
"Congo, Rep.",COG,2007,There are periods of absence due to childcare accounted for in pension benefits (1=yes; 0=no),SG.ABS.PENB,1
"Congo, Rep.",COG,2006,There are periods of absence due to childcare accounted for in pension benefits (1=yes; 0=no),SG.ABS.PENB,1
"Congo, Rep.",COG,2005,There are periods of absence due to childcare accounted for in pension benefits (1=yes; 0=no),SG.ABS.PENB,1
"Congo, Rep.",COG,2004,There are periods of absence due to childcare accounted for in pension benefits (1=yes; 0=no),SG.ABS.PENB,1
"Congo, Rep.",COG,2003,There are periods of absence due to childcare accounted for in pension benefits (1=yes; 0=no),SG.ABS.PENB,1
"Congo, Rep.",COG,2002,There are periods of absence due to childcare accounted for in pension benefits (1=yes; 0=no),SG.ABS.PENB,1
"Congo, Rep.",COG,2001,There are periods of absence due to childcare accounted for in pension benefits (1=yes; 0=no),SG.ABS.PENB,1
"Congo, Rep.",COG,2000,There are periods of absence due to childcare accounted for in pension benefits (1=yes; 0=no),SG.ABS.PENB,1
"Congo, Rep.",COG,1999,There are periods of absence due to childcare accounted for in pension benefits (1=yes; 0=no),SG.ABS.PENB,1
"Congo, Rep.",COG,1998,There are periods of absence due to childcare accounted for in pension benefits (1=yes; 0=no),SG.ABS.PENB,1
"Congo, Rep.",COG,1997,There are periods of absence due to childcare accounted for in pension benefits (1=yes; 0=no),SG.ABS.PENB,1
"Congo, Rep.",COG,1996,There are periods of absence due to childcare accounted for in pension benefits (1=yes; 0=no),SG.ABS.PENB,1
"Congo, Rep.",COG,1995,There are periods of absence due to childcare accounted for in pension benefits (1=yes; 0=no),SG.ABS.PENB,1
"Congo, Rep.",COG,1994,There are periods of absence due to childcare accounted for in pension benefits (1=yes; 0=no),SG.ABS.PENB,1
"Congo, Rep.",COG,1993,There are periods of absence due to childcare accounted for in pension benefits (1=yes; 0=no),SG.ABS.PENB,1
"Congo, Rep.",COG,1992,There are periods of absence due to childcare accounted for in pension benefits (1=yes; 0=no),SG.ABS.PENB,1
"Congo, Rep.",COG,1991,There are periods of absence due to childcare accounted for in pension benefits (1=yes; 0=no),SG.ABS.PENB,1
"Congo, Rep.",COG,1990,There are periods of absence due to childcare accounted for in pension benefits (1=yes; 0=no),SG.ABS.PENB,1
"Congo, Rep.",COG,1989,There are periods of absence due to childcare accounted for in pension benefits (1=yes; 0=no),SG.ABS.PENB,1
"Congo, Rep.",COG,1988,There are periods of absence due to childcare accounted for in pension benefits (1=yes; 0=no),SG.ABS.PENB,1
"Congo, Rep.",COG,1987,There are periods of absence due to childcare accounted for in pension benefits (1=yes; 0=no),SG.ABS.PENB,1
"Congo, Rep.",COG,1986,There are periods of absence due to childcare accounted for in pension benefits (1=yes; 0=no),SG.ABS.PENB,1
"Congo, Rep.",COG,1985,There are periods of absence due to childcare accounted for in pension benefits (1=yes; 0=no),SG.ABS.PENB,0
"Congo, Rep.",COG,1984,There are periods of absence due to childcare accounted for in pension benefits (1=yes; 0=no),SG.ABS.PENB,0
"Congo, Rep.",COG,1983,There are periods of absence due to childcare accounted for in pension benefits (1=yes; 0=no),SG.ABS.PENB,0
"Congo, Rep.",COG,1982,There are periods of absence due to childcare accounted for in pension benefits (1=yes; 0=no),SG.ABS.PENB,0
"Congo, Rep.",COG,1981,There are periods of absence due to childcare accounted for in pension benefits (1=yes; 0=no),SG.ABS.PENB,0
"Congo, Rep.",COG,1980,There are periods of absence due to childcare accounted for in pension benefits (1=yes; 0=no),SG.ABS.PENB,0
"Congo, Rep.",COG,1979,There are periods of absence due to childcare accounted for in pension benefits (1=yes; 0=no),SG.ABS.PENB,0
"Congo, Rep.",COG,1978,There are periods of absence due to childcare accounted for in pension benefits (1=yes; 0=no),SG.ABS.PENB,0
"Congo, Rep.",COG,1977,There are periods of absence due to childcare accounted for in pension benefits (1=yes; 0=no),SG.ABS.PENB,0
"Congo, Rep.",COG,1976,There are periods of absence due to childcare accounted for in pension benefits (1=yes; 0=no),SG.ABS.PENB,0
"Congo, Rep.",COG,1975,There are periods of absence due to childcare accounted for in pension benefits (1=yes; 0=no),SG.ABS.PENB,0
"Congo, Rep.",COG,1974,There are periods of absence due to childcare accounted for in pension benefits (1=yes; 0=no),SG.ABS.PENB,0
"Congo, Rep.",COG,1973,There are periods of absence due to childcare accounted for in pension benefits (1=yes; 0=no),SG.ABS.PENB,0
"Congo, Rep.",COG,1972,There are periods of absence due to childcare accounted for in pension benefits (1=yes; 0=no),SG.ABS.PENB,0
"Congo, Rep.",COG,1971,There are periods of absence due to childcare accounted for in pension benefits (1=yes; 0=no),SG.ABS.PENB,0
"Congo, Rep.",COG,1970,There are periods of absence due to childcare accounted for in pension benefits (1=yes; 0=no),SG.ABS.PENB,0
"Congo, Rep.",COG,2023,The age at which women and men can retire with full pension benefits is the same (1=yes; 0=no),SG.AGE.FUPN.EQ,1
"Congo, Rep.",COG,2022,The age at which women and men can retire with full pension benefits is the same (1=yes; 0=no),SG.AGE.FUPN.EQ,1
"Congo, Rep.",COG,2021,The age at which women and men can retire with full pension benefits is the same (1=yes; 0=no),SG.AGE.FUPN.EQ,1
"Congo, Rep.",COG,2020,The age at which women and men can retire with full pension benefits is the same (1=yes; 0=no),SG.AGE.FUPN.EQ,1
"Congo, Rep.",COG,2019,The age at which women and men can retire with full pension benefits is the same (1=yes; 0=no),SG.AGE.FUPN.EQ,1
"Congo, Rep.",COG,2018,The age at which women and men can retire with full pension benefits is the same (1=yes; 0=no),SG.AGE.FUPN.EQ,1
"Congo, Rep.",COG,2017,The age at which women and men can retire with full pension benefits is the same (1=yes; 0=no),SG.AGE.FUPN.EQ,1
"Congo, Rep.",COG,2016,The age at which women and men can retire with full pension benefits is the same (1=yes; 0=no),SG.AGE.FUPN.EQ,1
"Congo, Rep.",COG,2015,The age at which women and men can retire with full pension benefits is the same (1=yes; 0=no),SG.AGE.FUPN.EQ,1
"Congo, Rep.",COG,2014,The age at which women and men can retire with full pension benefits is the same (1=yes; 0=no),SG.AGE.FUPN.EQ,1
"Congo, Rep.",COG,2013,The age at which women and men can retire with full pension benefits is the same (1=yes; 0=no),SG.AGE.FUPN.EQ,1
"Congo, Rep.",COG,2012,The age at which women and men can retire with full pension benefits is the same (1=yes; 0=no),SG.AGE.FUPN.EQ,1
"Congo, Rep.",COG,2011,The age at which women and men can retire with full pension benefits is the same (1=yes; 0=no),SG.AGE.FUPN.EQ,1
"Congo, Rep.",COG,2010,The age at which women and men can retire with full pension benefits is the same (1=yes; 0=no),SG.AGE.FUPN.EQ,1
"Congo, Rep.",COG,2009,The age at which women and men can retire with full pension benefits is the same (1=yes; 0=no),SG.AGE.FUPN.EQ,1
"Congo, Rep.",COG,2008,The age at which women and men can retire with full pension benefits is the same (1=yes; 0=no),SG.AGE.FUPN.EQ,1
"Congo, Rep.",COG,2007,The age at which women and men can retire with full pension benefits is the same (1=yes; 0=no),SG.AGE.FUPN.EQ,1
"Congo, Rep.",COG,2006,The age at which women and men can retire with full pension benefits is the same (1=yes; 0=no),SG.AGE.FUPN.EQ,1
"Congo, Rep.",COG,2005,The age at which women and men can retire with full pension benefits is the same (1=yes; 0=no),SG.AGE.FUPN.EQ,1
"Congo, Rep.",COG,2004,The age at which women and men can retire with full pension benefits is the same (1=yes; 0=no),SG.AGE.FUPN.EQ,1
"Congo, Rep.",COG,2003,The age at which women and men can retire with full pension benefits is the same (1=yes; 0=no),SG.AGE.FUPN.EQ,1
"Congo, Rep.",COG,2002,The age at which women and men can retire with full pension benefits is the same (1=yes; 0=no),SG.AGE.FUPN.EQ,1
"Congo, Rep.",COG,2001,The age at which women and men can retire with full pension benefits is the same (1=yes; 0=no),SG.AGE.FUPN.EQ,1
"Congo, Rep.",COG,2000,The age at which women and men can retire with full pension benefits is the same (1=yes; 0=no),SG.AGE.FUPN.EQ,1
"Congo, Rep.",COG,1999,The age at which women and men can retire with full pension benefits is the same (1=yes; 0=no),SG.AGE.FUPN.EQ,1
"Congo, Rep.",COG,1998,The age at which women and men can retire with full pension benefits is the same (1=yes; 0=no),SG.AGE.FUPN.EQ,1
"Congo, Rep.",COG,1997,The age at which women and men can retire with full pension benefits is the same (1=yes; 0=no),SG.AGE.FUPN.EQ,1
"Congo, Rep.",COG,1996,The age at which women and men can retire with full pension benefits is the same (1=yes; 0=no),SG.AGE.FUPN.EQ,1
"Congo, Rep.",COG,1995,The age at which women and men can retire with full pension benefits is the same (1=yes; 0=no),SG.AGE.FUPN.EQ,1
"Congo, Rep.",COG,1994,The age at which women and men can retire with full pension benefits is the same (1=yes; 0=no),SG.AGE.FUPN.EQ,1
"Congo, Rep.",COG,1993,The age at which women and men can retire with full pension benefits is the same (1=yes; 0=no),SG.AGE.FUPN.EQ,1
"Congo, Rep.",COG,1992,The age at which women and men can retire with full pension benefits is the same (1=yes; 0=no),SG.AGE.FUPN.EQ,1
"Congo, Rep.",COG,1991,The age at which women and men can retire with full pension benefits is the same (1=yes; 0=no),SG.AGE.FUPN.EQ,1
"Congo, Rep.",COG,1990,The age at which women and men can retire with full pension benefits is the same (1=yes; 0=no),SG.AGE.FUPN.EQ,1
"Congo, Rep.",COG,1989,The age at which women and men can retire with full pension benefits is the same (1=yes; 0=no),SG.AGE.FUPN.EQ,1
"Congo, Rep.",COG,1988,The age at which women and men can retire with full pension benefits is the same (1=yes; 0=no),SG.AGE.FUPN.EQ,1
"Congo, Rep.",COG,1987,The age at which women and men can retire with full pension benefits is the same (1=yes; 0=no),SG.AGE.FUPN.EQ,1
"Congo, Rep.",COG,1986,The age at which women and men can retire with full pension benefits is the same (1=yes; 0=no),SG.AGE.FUPN.EQ,1
"Congo, Rep.",COG,1985,The age at which women and men can retire with full pension benefits is the same (1=yes; 0=no),SG.AGE.FUPN.EQ,1
"Congo, Rep.",COG,1984,The age at which women and men can retire with full pension benefits is the same (1=yes; 0=no),SG.AGE.FUPN.EQ,1
"Congo, Rep.",COG,1983,The age at which women and men can retire with full pension benefits is the same (1=yes; 0=no),SG.AGE.FUPN.EQ,1
"Congo, Rep.",COG,1982,The age at which women and men can retire with full pension benefits is the same (1=yes; 0=no),SG.AGE.FUPN.EQ,1
"Congo, Rep.",COG,1981,The age at which women and men can retire with full pension benefits is the same (1=yes; 0=no),SG.AGE.FUPN.EQ,1
"Congo, Rep.",COG,1980,The age at which women and men can retire with full pension benefits is the same (1=yes; 0=no),SG.AGE.FUPN.EQ,1
"Congo, Rep.",COG,1979,The age at which women and men can retire with full pension benefits is the same (1=yes; 0=no),SG.AGE.FUPN.EQ,1
"Congo, Rep.",COG,1978,The age at which women and men can retire with full pension benefits is the same (1=yes; 0=no),SG.AGE.FUPN.EQ,1
"Congo, Rep.",COG,1977,The age at which women and men can retire with full pension benefits is the same (1=yes; 0=no),SG.AGE.FUPN.EQ,1
"Congo, Rep.",COG,1976,The age at which women and men can retire with full pension benefits is the same (1=yes; 0=no),SG.AGE.FUPN.EQ,1
"Congo, Rep.",COG,1975,The age at which women and men can retire with full pension benefits is the same (1=yes; 0=no),SG.AGE.FUPN.EQ,1
"Congo, Rep.",COG,1974,The age at which women and men can retire with full pension benefits is the same (1=yes; 0=no),SG.AGE.FUPN.EQ,1
"Congo, Rep.",COG,1973,The age at which women and men can retire with full pension benefits is the same (1=yes; 0=no),SG.AGE.FUPN.EQ,1
"Congo, Rep.",COG,1972,The age at which women and men can retire with full pension benefits is the same (1=yes; 0=no),SG.AGE.FUPN.EQ,1
"Congo, Rep.",COG,1971,The age at which women and men can retire with full pension benefits is the same (1=yes; 0=no),SG.AGE.FUPN.EQ,1
"Congo, Rep.",COG,1970,The age at which women and men can retire with full pension benefits is the same (1=yes; 0=no),SG.AGE.FUPN.EQ,1
"Congo, Rep.",COG,2023,The mandatory retirement age for women and men is the same (1=yes; 0=no),SG.AGE.MRET.EQ,1
"Congo, Rep.",COG,2022,The mandatory retirement age for women and men is the same (1=yes; 0=no),SG.AGE.MRET.EQ,1
"Congo, Rep.",COG,2021,The mandatory retirement age for women and men is the same (1=yes; 0=no),SG.AGE.MRET.EQ,1
"Congo, Rep.",COG,2020,The mandatory retirement age for women and men is the same (1=yes; 0=no),SG.AGE.MRET.EQ,1
"Congo, Rep.",COG,2019,The mandatory retirement age for women and men is the same (1=yes; 0=no),SG.AGE.MRET.EQ,1
"Congo, Rep.",COG,2018,The mandatory retirement age for women and men is the same (1=yes; 0=no),SG.AGE.MRET.EQ,1
"Congo, Rep.",COG,2017,The mandatory retirement age for women and men is the same (1=yes; 0=no),SG.AGE.MRET.EQ,1
"Congo, Rep.",COG,2016,The mandatory retirement age for women and men is the same (1=yes; 0=no),SG.AGE.MRET.EQ,1
"Congo, Rep.",COG,2015,The mandatory retirement age for women and men is the same (1=yes; 0=no),SG.AGE.MRET.EQ,1
"Congo, Rep.",COG,2014,The mandatory retirement age for women and men is the same (1=yes; 0=no),SG.AGE.MRET.EQ,1
"Congo, Rep.",COG,2013,The mandatory retirement age for women and men is the same (1=yes; 0=no),SG.AGE.MRET.EQ,1
"Congo, Rep.",COG,2012,The mandatory retirement age for women and men is the same (1=yes; 0=no),SG.AGE.MRET.EQ,1
"Congo, Rep.",COG,2011,The mandatory retirement age for women and men is the same (1=yes; 0=no),SG.AGE.MRET.EQ,1
"Congo, Rep.",COG,2010,The mandatory retirement age for women and men is the same (1=yes; 0=no),SG.AGE.MRET.EQ,1
"Congo, Rep.",COG,2009,The mandatory retirement age for women and men is the same (1=yes; 0=no),SG.AGE.MRET.EQ,1
"Congo, Rep.",COG,2008,The mandatory retirement age for women and men is the same (1=yes; 0=no),SG.AGE.MRET.EQ,1
"Congo, Rep.",COG,2007,The mandatory retirement age for women and men is the same (1=yes; 0=no),SG.AGE.MRET.EQ,1
"Congo, Rep.",COG,2006,The mandatory retirement age for women and men is the same (1=yes; 0=no),SG.AGE.MRET.EQ,1
"Congo, Rep.",COG,2005,The mandatory retirement age for women and men is the same (1=yes; 0=no),SG.AGE.MRET.EQ,1
"Congo, Rep.",COG,2004,The mandatory retirement age for women and men is the same (1=yes; 0=no),SG.AGE.MRET.EQ,1
"Congo, Rep.",COG,2003,The mandatory retirement age for women and men is the same (1=yes; 0=no),SG.AGE.MRET.EQ,1
"Congo, Rep.",COG,2002,The mandatory retirement age for women and men is the same (1=yes; 0=no),SG.AGE.MRET.EQ,1
"Congo, Rep.",COG,2001,The mandatory retirement age for women and men is the same (1=yes; 0=no),SG.AGE.MRET.EQ,1
"Congo, Rep.",COG,2000,The mandatory retirement age for women and men is the same (1=yes; 0=no),SG.AGE.MRET.EQ,1
"Congo, Rep.",COG,1999,The mandatory retirement age for women and men is the same (1=yes; 0=no),SG.AGE.MRET.EQ,1
"Congo, Rep.",COG,1998,The mandatory retirement age for women and men is the same (1=yes; 0=no),SG.AGE.MRET.EQ,1
"Congo, Rep.",COG,1997,The mandatory retirement age for women and men is the same (1=yes; 0=no),SG.AGE.MRET.EQ,1
"Congo, Rep.",COG,1996,The mandatory retirement age for women and men is the same (1=yes; 0=no),SG.AGE.MRET.EQ,1
"Congo, Rep.",COG,1995,The mandatory retirement age for women and men is the same (1=yes; 0=no),SG.AGE.MRET.EQ,1
"Congo, Rep.",COG,1994,The mandatory retirement age for women and men is the same (1=yes; 0=no),SG.AGE.MRET.EQ,1
"Congo, Rep.",COG,1993,The mandatory retirement age for women and men is the same (1=yes; 0=no),SG.AGE.MRET.EQ,1
"Congo, Rep.",COG,1992,The mandatory retirement age for women and men is the same (1=yes; 0=no),SG.AGE.MRET.EQ,1
"Congo, Rep.",COG,1991,The mandatory retirement age for women and men is the same (1=yes; 0=no),SG.AGE.MRET.EQ,1
"Congo, Rep.",COG,1990,The mandatory retirement age for women and men is the same (1=yes; 0=no),SG.AGE.MRET.EQ,1
"Congo, Rep.",COG,1989,The mandatory retirement age for women and men is the same (1=yes; 0=no),SG.AGE.MRET.EQ,1
"Congo, Rep.",COG,1988,The mandatory retirement age for women and men is the same (1=yes; 0=no),SG.AGE.MRET.EQ,1
"Congo, Rep.",COG,1987,The mandatory retirement age for women and men is the same (1=yes; 0=no),SG.AGE.MRET.EQ,1
"Congo, Rep.",COG,1986,The mandatory retirement age for women and men is the same (1=yes; 0=no),SG.AGE.MRET.EQ,1
"Congo, Rep.",COG,1985,The mandatory retirement age for women and men is the same (1=yes; 0=no),SG.AGE.MRET.EQ,1
"Congo, Rep.",COG,1984,The mandatory retirement age for women and men is the same (1=yes; 0=no),SG.AGE.MRET.EQ,1
"Congo, Rep.",COG,1983,The mandatory retirement age for women and men is the same (1=yes; 0=no),SG.AGE.MRET.EQ,1
"Congo, Rep.",COG,1982,The mandatory retirement age for women and men is the same (1=yes; 0=no),SG.AGE.MRET.EQ,1
"Congo, Rep.",COG,1981,The mandatory retirement age for women and men is the same (1=yes; 0=no),SG.AGE.MRET.EQ,1
"Congo, Rep.",COG,1980,The mandatory retirement age for women and men is the same (1=yes; 0=no),SG.AGE.MRET.EQ,1
"Congo, Rep.",COG,1979,The mandatory retirement age for women and men is the same (1=yes; 0=no),SG.AGE.MRET.EQ,1
"Congo, Rep.",COG,1978,The mandatory retirement age for women and men is the same (1=yes; 0=no),SG.AGE.MRET.EQ,1
"Congo, Rep.",COG,1977,The mandatory retirement age for women and men is the same (1=yes; 0=no),SG.AGE.MRET.EQ,1
"Congo, Rep.",COG,1976,The mandatory retirement age for women and men is the same (1=yes; 0=no),SG.AGE.MRET.EQ,1
"Congo, Rep.",COG,1975,The mandatory retirement age for women and men is the same (1=yes; 0=no),SG.AGE.MRET.EQ,1
"Congo, Rep.",COG,1974,The mandatory retirement age for women and men is the same (1=yes; 0=no),SG.AGE.MRET.EQ,1
"Congo, Rep.",COG,1973,The mandatory retirement age for women and men is the same (1=yes; 0=no),SG.AGE.MRET.EQ,1
"Congo, Rep.",COG,1972,The mandatory retirement age for women and men is the same (1=yes; 0=no),SG.AGE.MRET.EQ,1
"Congo, Rep.",COG,1971,The mandatory retirement age for women and men is the same (1=yes; 0=no),SG.AGE.MRET.EQ,1
"Congo, Rep.",COG,1970,The mandatory retirement age for women and men is the same (1=yes; 0=no),SG.AGE.MRET.EQ,1
"Congo, Rep.",COG,2023,The age at which women and men can retire with partial pension benefits is the same (1=yes; 0=no),SG.AGE.PAPN.EQ,1
"Congo, Rep.",COG,2022,The age at which women and men can retire with partial pension benefits is the same (1=yes; 0=no),SG.AGE.PAPN.EQ,1
"Congo, Rep.",COG,2021,The age at which women and men can retire with partial pension benefits is the same (1=yes; 0=no),SG.AGE.PAPN.EQ,1
"Congo, Rep.",COG,2020,The age at which women and men can retire with partial pension benefits is the same (1=yes; 0=no),SG.AGE.PAPN.EQ,1
"Congo, Rep.",COG,2019,The age at which women and men can retire with partial pension benefits is the same (1=yes; 0=no),SG.AGE.PAPN.EQ,1
"Congo, Rep.",COG,2018,The age at which women and men can retire with partial pension benefits is the same (1=yes; 0=no),SG.AGE.PAPN.EQ,1
"Congo, Rep.",COG,2017,The age at which women and men can retire with partial pension benefits is the same (1=yes; 0=no),SG.AGE.PAPN.EQ,1
"Congo, Rep.",COG,2016,The age at which women and men can retire with partial pension benefits is the same (1=yes; 0=no),SG.AGE.PAPN.EQ,1
"Congo, Rep.",COG,2015,The age at which women and men can retire with partial pension benefits is the same (1=yes; 0=no),SG.AGE.PAPN.EQ,1
"Congo, Rep.",COG,2014,The age at which women and men can retire with partial pension benefits is the same (1=yes; 0=no),SG.AGE.PAPN.EQ,1
"Congo, Rep.",COG,2013,The age at which women and men can retire with partial pension benefits is the same (1=yes; 0=no),SG.AGE.PAPN.EQ,1
"Congo, Rep.",COG,2012,The age at which women and men can retire with partial pension benefits is the same (1=yes; 0=no),SG.AGE.PAPN.EQ,1
"Congo, Rep.",COG,2011,The age at which women and men can retire with partial pension benefits is the same (1=yes; 0=no),SG.AGE.PAPN.EQ,1
"Congo, Rep.",COG,2010,The age at which women and men can retire with partial pension benefits is the same (1=yes; 0=no),SG.AGE.PAPN.EQ,1
"Congo, Rep.",COG,2009,The age at which women and men can retire with partial pension benefits is the same (1=yes; 0=no),SG.AGE.PAPN.EQ,1
"Congo, Rep.",COG,2008,The age at which women and men can retire with partial pension benefits is the same (1=yes; 0=no),SG.AGE.PAPN.EQ,1
"Congo, Rep.",COG,2007,The age at which women and men can retire with partial pension benefits is the same (1=yes; 0=no),SG.AGE.PAPN.EQ,1
"Congo, Rep.",COG,2006,The age at which women and men can retire with partial pension benefits is the same (1=yes; 0=no),SG.AGE.PAPN.EQ,1
"Congo, Rep.",COG,2005,The age at which women and men can retire with partial pension benefits is the same (1=yes; 0=no),SG.AGE.PAPN.EQ,1
"Congo, Rep.",COG,2004,The age at which women and men can retire with partial pension benefits is the same (1=yes; 0=no),SG.AGE.PAPN.EQ,1
"Congo, Rep.",COG,2003,The age at which women and men can retire with partial pension benefits is the same (1=yes; 0=no),SG.AGE.PAPN.EQ,1
"Congo, Rep.",COG,2002,The age at which women and men can retire with partial pension benefits is the same (1=yes; 0=no),SG.AGE.PAPN.EQ,1
"Congo, Rep.",COG,2001,The age at which women and men can retire with partial pension benefits is the same (1=yes; 0=no),SG.AGE.PAPN.EQ,1
"Congo, Rep.",COG,2000,The age at which women and men can retire with partial pension benefits is the same (1=yes; 0=no),SG.AGE.PAPN.EQ,1
"Congo, Rep.",COG,1999,The age at which women and men can retire with partial pension benefits is the same (1=yes; 0=no),SG.AGE.PAPN.EQ,1
"Congo, Rep.",COG,1998,The age at which women and men can retire with partial pension benefits is the same (1=yes; 0=no),SG.AGE.PAPN.EQ,1
"Congo, Rep.",COG,1997,The age at which women and men can retire with partial pension benefits is the same (1=yes; 0=no),SG.AGE.PAPN.EQ,1
"Congo, Rep.",COG,1996,The age at which women and men can retire with partial pension benefits is the same (1=yes; 0=no),SG.AGE.PAPN.EQ,1
"Congo, Rep.",COG,1995,The age at which women and men can retire with partial pension benefits is the same (1=yes; 0=no),SG.AGE.PAPN.EQ,1
"Congo, Rep.",COG,1994,The age at which women and men can retire with partial pension benefits is the same (1=yes; 0=no),SG.AGE.PAPN.EQ,1
"Congo, Rep.",COG,1993,The age at which women and men can retire with partial pension benefits is the same (1=yes; 0=no),SG.AGE.PAPN.EQ,1
"Congo, Rep.",COG,1992,The age at which women and men can retire with partial pension benefits is the same (1=yes; 0=no),SG.AGE.PAPN.EQ,1
"Congo, Rep.",COG,1991,The age at which women and men can retire with partial pension benefits is the same (1=yes; 0=no),SG.AGE.PAPN.EQ,1
"Congo, Rep.",COG,1990,The age at which women and men can retire with partial pension benefits is the same (1=yes; 0=no),SG.AGE.PAPN.EQ,1
"Congo, Rep.",COG,1989,The age at which women and men can retire with partial pension benefits is the same (1=yes; 0=no),SG.AGE.PAPN.EQ,1
"Congo, Rep.",COG,1988,The age at which women and men can retire with partial pension benefits is the same (1=yes; 0=no),SG.AGE.PAPN.EQ,1
"Congo, Rep.",COG,1987,The age at which women and men can retire with partial pension benefits is the same (1=yes; 0=no),SG.AGE.PAPN.EQ,1
"Congo, Rep.",COG,1986,The age at which women and men can retire with partial pension benefits is the same (1=yes; 0=no),SG.AGE.PAPN.EQ,1
"Congo, Rep.",COG,1985,The age at which women and men can retire with partial pension benefits is the same (1=yes; 0=no),SG.AGE.PAPN.EQ,1
"Congo, Rep.",COG,1984,The age at which women and men can retire with partial pension benefits is the same (1=yes; 0=no),SG.AGE.PAPN.EQ,1
"Congo, Rep.",COG,1983,The age at which women and men can retire with partial pension benefits is the same (1=yes; 0=no),SG.AGE.PAPN.EQ,1
"Congo, Rep.",COG,1982,The age at which women and men can retire with partial pension benefits is the same (1=yes; 0=no),SG.AGE.PAPN.EQ,1
"Congo, Rep.",COG,1981,The age at which women and men can retire with partial pension benefits is the same (1=yes; 0=no),SG.AGE.PAPN.EQ,1
"Congo, Rep.",COG,1980,The age at which women and men can retire with partial pension benefits is the same (1=yes; 0=no),SG.AGE.PAPN.EQ,1
"Congo, Rep.",COG,1979,The age at which women and men can retire with partial pension benefits is the same (1=yes; 0=no),SG.AGE.PAPN.EQ,1
"Congo, Rep.",COG,1978,The age at which women and men can retire with partial pension benefits is the same (1=yes; 0=no),SG.AGE.PAPN.EQ,1
"Congo, Rep.",COG,1977,The age at which women and men can retire with partial pension benefits is the same (1=yes; 0=no),SG.AGE.PAPN.EQ,1
"Congo, Rep.",COG,1976,The age at which women and men can retire with partial pension benefits is the same (1=yes; 0=no),SG.AGE.PAPN.EQ,1
"Congo, Rep.",COG,1975,The age at which women and men can retire with partial pension benefits is the same (1=yes; 0=no),SG.AGE.PAPN.EQ,1
"Congo, Rep.",COG,1974,The age at which women and men can retire with partial pension benefits is the same (1=yes; 0=no),SG.AGE.PAPN.EQ,1
"Congo, Rep.",COG,1973,The age at which women and men can retire with partial pension benefits is the same (1=yes; 0=no),SG.AGE.PAPN.EQ,1
"Congo, Rep.",COG,1972,The age at which women and men can retire with partial pension benefits is the same (1=yes; 0=no),SG.AGE.PAPN.EQ,1
"Congo, Rep.",COG,1971,The age at which women and men can retire with partial pension benefits is the same (1=yes; 0=no),SG.AGE.PAPN.EQ,1
"Congo, Rep.",COG,1970,The age at which women and men can retire with partial pension benefits is the same (1=yes; 0=no),SG.AGE.PAPN.EQ,1
"Congo, Rep.",COG,2023,"Mandatory retirement age, female",SG.AGE.RTRE.FE,60
"Congo, Rep.",COG,2023,"Retirement age with full benefits, female",SG.AGE.RTRE.FL.FE,57
"Congo, Rep.",COG,2023,"Retirement age with full benefits, male",SG.AGE.RTRE.FL.MA,57
"Congo, Rep.",COG,2023,"Mandatory retirement age, male",SG.AGE.RTRE.MA,60
"Congo, Rep.",COG,2023,A woman can apply for a passport in the same way as a man (1=yes; 0=no),SG.APL.PSPT.EQ,0
"Congo, Rep.",COG,2022,A woman can apply for a passport in the same way as a man (1=yes; 0=no),SG.APL.PSPT.EQ,0
"Congo, Rep.",COG,2021,A woman can apply for a passport in the same way as a man (1=yes; 0=no),SG.APL.PSPT.EQ,0
"Congo, Rep.",COG,2020,A woman can apply for a passport in the same way as a man (1=yes; 0=no),SG.APL.PSPT.EQ,0
"Congo, Rep.",COG,2019,A woman can apply for a passport in the same way as a man (1=yes; 0=no),SG.APL.PSPT.EQ,0
"Congo, Rep.",COG,2018,A woman can apply for a passport in the same way as a man (1=yes; 0=no),SG.APL.PSPT.EQ,0
"Congo, Rep.",COG,2017,A woman can apply for a passport in the same way as a man (1=yes; 0=no),SG.APL.PSPT.EQ,0
"Congo, Rep.",COG,2016,A woman can apply for a passport in the same way as a man (1=yes; 0=no),SG.APL.PSPT.EQ,0
"Congo, Rep.",COG,2015,A woman can apply for a passport in the same way as a man (1=yes; 0=no),SG.APL.PSPT.EQ,0
"Congo, Rep.",COG,2014,A woman can apply for a passport in the same way as a man (1=yes; 0=no),SG.APL.PSPT.EQ,0
"Congo, Rep.",COG,2013,A woman can apply for a passport in the same way as a man (1=yes; 0=no),SG.APL.PSPT.EQ,0
"Congo, Rep.",COG,2012,A woman can apply for a passport in the same way as a man (1=yes; 0=no),SG.APL.PSPT.EQ,0
"Congo, Rep.",COG,2011,A woman can apply for a passport in the same way as a man (1=yes; 0=no),SG.APL.PSPT.EQ,0
"Congo, Rep.",COG,2010,A woman can apply for a passport in the same way as a man (1=yes; 0=no),SG.APL.PSPT.EQ,0
"Congo, Rep.",COG,2009,A woman can apply for a passport in the same way as a man (1=yes; 0=no),SG.APL.PSPT.EQ,0
"Congo, Rep.",COG,2008,A woman can apply for a passport in the same way as a man (1=yes; 0=no),SG.APL.PSPT.EQ,0
"Congo, Rep.",COG,2007,A woman can apply for a passport in the same way as a man (1=yes; 0=no),SG.APL.PSPT.EQ,0
"Congo, Rep.",COG,2006,A woman can apply for a passport in the same way as a man (1=yes; 0=no),SG.APL.PSPT.EQ,0
"Congo, Rep.",COG,2005,A woman can apply for a passport in the same way as a man (1=yes; 0=no),SG.APL.PSPT.EQ,0
"Congo, Rep.",COG,2004,A woman can apply for a passport in the same way as a man (1=yes; 0=no),SG.APL.PSPT.EQ,0
"Congo, Rep.",COG,2003,A woman can apply for a passport in the same way as a man (1=yes; 0=no),SG.APL.PSPT.EQ,0
"Congo, Rep.",COG,2002,A woman can apply for a passport in the same way as a man (1=yes; 0=no),SG.APL.PSPT.EQ,0
"Congo, Rep.",COG,2001,A woman can apply for a passport in the same way as a man (1=yes; 0=no),SG.APL.PSPT.EQ,0
"Congo, Rep.",COG,2000,A woman can apply for a passport in the same way as a man (1=yes; 0=no),SG.APL.PSPT.EQ,0
"Congo, Rep.",COG,1999,A woman can apply for a passport in the same way as a man (1=yes; 0=no),SG.APL.PSPT.EQ,0
"Congo, Rep.",COG,1998,A woman can apply for a passport in the same way as a man (1=yes; 0=no),SG.APL.PSPT.EQ,0
"Congo, Rep.",COG,1997,A woman can apply for a passport in the same way as a man (1=yes; 0=no),SG.APL.PSPT.EQ,0
"Congo, Rep.",COG,1996,A woman can apply for a passport in the same way as a man (1=yes; 0=no),SG.APL.PSPT.EQ,0
"Congo, Rep.",COG,1995,A woman can apply for a passport in the same way as a man (1=yes; 0=no),SG.APL.PSPT.EQ,0
"Congo, Rep.",COG,1994,A woman can apply for a passport in the same way as a man (1=yes; 0=no),SG.APL.PSPT.EQ,0
"Congo, Rep.",COG,1993,A woman can apply for a passport in the same way as a man (1=yes; 0=no),SG.APL.PSPT.EQ,0
"Congo, Rep.",COG,1992,A woman can apply for a passport in the same way as a man (1=yes; 0=no),SG.APL.PSPT.EQ,0
"Congo, Rep.",COG,1991,A woman can apply for a passport in the same way as a man (1=yes; 0=no),SG.APL.PSPT.EQ,0
"Congo, Rep.",COG,1990,A woman can apply for a passport in the same way as a man (1=yes; 0=no),SG.APL.PSPT.EQ,0
"Congo, Rep.",COG,1989,A woman can apply for a passport in the same way as a man (1=yes; 0=no),SG.APL.PSPT.EQ,0
"Congo, Rep.",COG,1988,A woman can apply for a passport in the same way as a man (1=yes; 0=no),SG.APL.PSPT.EQ,0
"Congo, Rep.",COG,1987,A woman can apply for a passport in the same way as a man (1=yes; 0=no),SG.APL.PSPT.EQ,0
"Congo, Rep.",COG,1986,A woman can apply for a passport in the same way as a man (1=yes; 0=no),SG.APL.PSPT.EQ,0
"Congo, Rep.",COG,1985,A woman can apply for a passport in the same way as a man (1=yes; 0=no),SG.APL.PSPT.EQ,0
"Congo, Rep.",COG,1984,A woman can apply for a passport in the same way as a man (1=yes; 0=no),SG.APL.PSPT.EQ,0
"Congo, Rep.",COG,1983,A woman can apply for a passport in the same way as a man (1=yes; 0=no),SG.APL.PSPT.EQ,0
"Congo, Rep.",COG,1982,A woman can apply for a passport in the same way as a man (1=yes; 0=no),SG.APL.PSPT.EQ,0
"Congo, Rep.",COG,1981,A woman can apply for a passport in the same way as a man (1=yes; 0=no),SG.APL.PSPT.EQ,0
"Congo, Rep.",COG,1980,A woman can apply for a passport in the same way as a man (1=yes; 0=no),SG.APL.PSPT.EQ,0
"Congo, Rep.",COG,1979,A woman can apply for a passport in the same way as a man (1=yes; 0=no),SG.APL.PSPT.EQ,0
"Congo, Rep.",COG,1978,A woman can apply for a passport in the same way as a man (1=yes; 0=no),SG.APL.PSPT.EQ,0
"Congo, Rep.",COG,1977,A woman can apply for a passport in the same way as a man (1=yes; 0=no),SG.APL.PSPT.EQ,0
"Congo, Rep.",COG,1976,A woman can apply for a passport in the same way as a man (1=yes; 0=no),SG.APL.PSPT.EQ,0
"Congo, Rep.",COG,1975,A woman can apply for a passport in the same way as a man (1=yes; 0=no),SG.APL.PSPT.EQ,0
"Congo, Rep.",COG,1974,A woman can apply for a passport in the same way as a man (1=yes; 0=no),SG.APL.PSPT.EQ,0
"Congo, Rep.",COG,1973,A woman can apply for a passport in the same way as a man (1=yes; 0=no),SG.APL.PSPT.EQ,0
"Congo, Rep.",COG,1972,A woman can apply for a passport in the same way as a man (1=yes; 0=no),SG.APL.PSPT.EQ,0
"Congo, Rep.",COG,1971,A woman can apply for a passport in the same way as a man (1=yes; 0=no),SG.APL.PSPT.EQ,0
"Congo, Rep.",COG,1970,A woman can apply for a passport in the same way as a man (1=yes; 0=no),SG.APL.PSPT.EQ,0
"Congo, Rep.",COG,2023,A woman can register a business in the same way as a man (1=yes; 0=no),SG.BUS.REGT.EQ,1
"Congo, Rep.",COG,2022,A woman can register a business in the same way as a man (1=yes; 0=no),SG.BUS.REGT.EQ,1
"Congo, Rep.",COG,2021,A woman can register a business in the same way as a man (1=yes; 0=no),SG.BUS.REGT.EQ,1
"Congo, Rep.",COG,2020,A woman can register a business in the same way as a man (1=yes; 0=no),SG.BUS.REGT.EQ,1
"Congo, Rep.",COG,2019,A woman can register a business in the same way as a man (1=yes; 0=no),SG.BUS.REGT.EQ,1
"Congo, Rep.",COG,2018,A woman can register a business in the same way as a man (1=yes; 0=no),SG.BUS.REGT.EQ,1
"Congo, Rep.",COG,2017,A woman can register a business in the same way as a man (1=yes; 0=no),SG.BUS.REGT.EQ,1
"Congo, Rep.",COG,2016,A woman can register a business in the same way as a man (1=yes; 0=no),SG.BUS.REGT.EQ,1
"Congo, Rep.",COG,2015,A woman can register a business in the same way as a man (1=yes; 0=no),SG.BUS.REGT.EQ,1
"Congo, Rep.",COG,2014,A woman can register a business in the same way as a man (1=yes; 0=no),SG.BUS.REGT.EQ,1
"Congo, Rep.",COG,2013,A woman can register a business in the same way as a man (1=yes; 0=no),SG.BUS.REGT.EQ,1
"Congo, Rep.",COG,2012,A woman can register a business in the same way as a man (1=yes; 0=no),SG.BUS.REGT.EQ,1
"Congo, Rep.",COG,2011,A woman can register a business in the same way as a man (1=yes; 0=no),SG.BUS.REGT.EQ,1
"Congo, Rep.",COG,2010,A woman can register a business in the same way as a man (1=yes; 0=no),SG.BUS.REGT.EQ,1
"Congo, Rep.",COG,2009,A woman can register a business in the same way as a man (1=yes; 0=no),SG.BUS.REGT.EQ,1
"Congo, Rep.",COG,2008,A woman can register a business in the same way as a man (1=yes; 0=no),SG.BUS.REGT.EQ,1
"Congo, Rep.",COG,2007,A woman can register a business in the same way as a man (1=yes; 0=no),SG.BUS.REGT.EQ,1
"Congo, Rep.",COG,2006,A woman can register a business in the same way as a man (1=yes; 0=no),SG.BUS.REGT.EQ,1
"Congo, Rep.",COG,2005,A woman can register a business in the same way as a man (1=yes; 0=no),SG.BUS.REGT.EQ,1
"Congo, Rep.",COG,2004,A woman can register a business in the same way as a man (1=yes; 0=no),SG.BUS.REGT.EQ,1
"Congo, Rep.",COG,2003,A woman can register a business in the same way as a man (1=yes; 0=no),SG.BUS.REGT.EQ,1
"Congo, Rep.",COG,2002,A woman can register a business in the same way as a man (1=yes; 0=no),SG.BUS.REGT.EQ,1
"Congo, Rep.",COG,2001,A woman can register a business in the same way as a man (1=yes; 0=no),SG.BUS.REGT.EQ,1
"Congo, Rep.",COG,2000,A woman can register a business in the same way as a man (1=yes; 0=no),SG.BUS.REGT.EQ,1
"Congo, Rep.",COG,1999,A woman can register a business in the same way as a man (1=yes; 0=no),SG.BUS.REGT.EQ,1
"Congo, Rep.",COG,1998,A woman can register a business in the same way as a man (1=yes; 0=no),SG.BUS.REGT.EQ,1
"Congo, Rep.",COG,1997,A woman can register a business in the same way as a man (1=yes; 0=no),SG.BUS.REGT.EQ,1
"Congo, Rep.",COG,1996,A woman can register a business in the same way as a man (1=yes; 0=no),SG.BUS.REGT.EQ,1
"Congo, Rep.",COG,1995,A woman can register a business in the same way as a man (1=yes; 0=no),SG.BUS.REGT.EQ,1
"Congo, Rep.",COG,1994,A woman can register a business in the same way as a man (1=yes; 0=no),SG.BUS.REGT.EQ,1
"Congo, Rep.",COG,1993,A woman can register a business in the same way as a man (1=yes; 0=no),SG.BUS.REGT.EQ,1
"Congo, Rep.",COG,1992,A woman can register a business in the same way as a man (1=yes; 0=no),SG.BUS.REGT.EQ,1
"Congo, Rep.",COG,1991,A woman can register a business in the same way as a man (1=yes; 0=no),SG.BUS.REGT.EQ,1
"Congo, Rep.",COG,1990,A woman can register a business in the same way as a man (1=yes; 0=no),SG.BUS.REGT.EQ,1
"Congo, Rep.",COG,1989,A woman can register a business in the same way as a man (1=yes; 0=no),SG.BUS.REGT.EQ,1
"Congo, Rep.",COG,1988,A woman can register a business in the same way as a man (1=yes; 0=no),SG.BUS.REGT.EQ,1
"Congo, Rep.",COG,1987,A woman can register a business in the same way as a man (1=yes; 0=no),SG.BUS.REGT.EQ,1
"Congo, Rep.",COG,1986,A woman can register a business in the same way as a man (1=yes; 0=no),SG.BUS.REGT.EQ,1
"Congo, Rep.",COG,1985,A woman can register a business in the same way as a man (1=yes; 0=no),SG.BUS.REGT.EQ,1
"Congo, Rep.",COG,1984,A woman can register a business in the same way as a man (1=yes; 0=no),SG.BUS.REGT.EQ,1
"Congo, Rep.",COG,1983,A woman can register a business in the same way as a man (1=yes; 0=no),SG.BUS.REGT.EQ,1
"Congo, Rep.",COG,1982,A woman can register a business in the same way as a man (1=yes; 0=no),SG.BUS.REGT.EQ,1
"Congo, Rep.",COG,1981,A woman can register a business in the same way as a man (1=yes; 0=no),SG.BUS.REGT.EQ,1
"Congo, Rep.",COG,1980,A woman can register a business in the same way as a man (1=yes; 0=no),SG.BUS.REGT.EQ,1
"Congo, Rep.",COG,1979,A woman can register a business in the same way as a man (1=yes; 0=no),SG.BUS.REGT.EQ,1
"Congo, Rep.",COG,1978,A woman can register a business in the same way as a man (1=yes; 0=no),SG.BUS.REGT.EQ,1
"Congo, Rep.",COG,1977,A woman can register a business in the same way as a man (1=yes; 0=no),SG.BUS.REGT.EQ,1
"Congo, Rep.",COG,1976,A woman can register a business in the same way as a man (1=yes; 0=no),SG.BUS.REGT.EQ,1
"Congo, Rep.",COG,1975,A woman can register a business in the same way as a man (1=yes; 0=no),SG.BUS.REGT.EQ,1
"Congo, Rep.",COG,1974,A woman can register a business in the same way as a man (1=yes; 0=no),SG.BUS.REGT.EQ,1
"Congo, Rep.",COG,1973,A woman can register a business in the same way as a man (1=yes; 0=no),SG.BUS.REGT.EQ,1
"Congo, Rep.",COG,1972,A woman can register a business in the same way as a man (1=yes; 0=no),SG.BUS.REGT.EQ,1
"Congo, Rep.",COG,1971,A woman can register a business in the same way as a man (1=yes; 0=no),SG.BUS.REGT.EQ,1
"Congo, Rep.",COG,1970,A woman can register a business in the same way as a man (1=yes; 0=no),SG.BUS.REGT.EQ,1
"Congo, Rep.",COG,2023,A woman can sign a contract in the same way as a man (1=yes; 0=no),SG.CNT.SIGN.EQ,1
"Congo, Rep.",COG,2022,A woman can sign a contract in the same way as a man (1=yes; 0=no),SG.CNT.SIGN.EQ,1
"Congo, Rep.",COG,2021,A woman can sign a contract in the same way as a man (1=yes; 0=no),SG.CNT.SIGN.EQ,1
"Congo, Rep.",COG,2020,A woman can sign a contract in the same way as a man (1=yes; 0=no),SG.CNT.SIGN.EQ,1
"Congo, Rep.",COG,2019,A woman can sign a contract in the same way as a man (1=yes; 0=no),SG.CNT.SIGN.EQ,1
"Congo, Rep.",COG,2018,A woman can sign a contract in the same way as a man (1=yes; 0=no),SG.CNT.SIGN.EQ,1
"Congo, Rep.",COG,2017,A woman can sign a contract in the same way as a man (1=yes; 0=no),SG.CNT.SIGN.EQ,1
"Congo, Rep.",COG,2016,A woman can sign a contract in the same way as a man (1=yes; 0=no),SG.CNT.SIGN.EQ,1
"Congo, Rep.",COG,2015,A woman can sign a contract in the same way as a man (1=yes; 0=no),SG.CNT.SIGN.EQ,1
"Congo, Rep.",COG,2014,A woman can sign a contract in the same way as a man (1=yes; 0=no),SG.CNT.SIGN.EQ,1
"Congo, Rep.",COG,2013,A woman can sign a contract in the same way as a man (1=yes; 0=no),SG.CNT.SIGN.EQ,1
"Congo, Rep.",COG,2012,A woman can sign a contract in the same way as a man (1=yes; 0=no),SG.CNT.SIGN.EQ,1
"Congo, Rep.",COG,2011,A woman can sign a contract in the same way as a man (1=yes; 0=no),SG.CNT.SIGN.EQ,1
"Congo, Rep.",COG,2010,A woman can sign a contract in the same way as a man (1=yes; 0=no),SG.CNT.SIGN.EQ,1
"Congo, Rep.",COG,2009,A woman can sign a contract in the same way as a man (1=yes; 0=no),SG.CNT.SIGN.EQ,1
"Congo, Rep.",COG,2008,A woman can sign a contract in the same way as a man (1=yes; 0=no),SG.CNT.SIGN.EQ,1
"Congo, Rep.",COG,2007,A woman can sign a contract in the same way as a man (1=yes; 0=no),SG.CNT.SIGN.EQ,1
"Congo, Rep.",COG,2006,A woman can sign a contract in the same way as a man (1=yes; 0=no),SG.CNT.SIGN.EQ,1
"Congo, Rep.",COG,2005,A woman can sign a contract in the same way as a man (1=yes; 0=no),SG.CNT.SIGN.EQ,1
"Congo, Rep.",COG,2004,A woman can sign a contract in the same way as a man (1=yes; 0=no),SG.CNT.SIGN.EQ,1
"Congo, Rep.",COG,2003,A woman can sign a contract in the same way as a man (1=yes; 0=no),SG.CNT.SIGN.EQ,1
"Congo, Rep.",COG,2002,A woman can sign a contract in the same way as a man (1=yes; 0=no),SG.CNT.SIGN.EQ,1
"Congo, Rep.",COG,2001,A woman can sign a contract in the same way as a man (1=yes; 0=no),SG.CNT.SIGN.EQ,1
"Congo, Rep.",COG,2000,A woman can sign a contract in the same way as a man (1=yes; 0=no),SG.CNT.SIGN.EQ,1
"Congo, Rep.",COG,1999,A woman can sign a contract in the same way as a man (1=yes; 0=no),SG.CNT.SIGN.EQ,1
"Congo, Rep.",COG,1998,A woman can sign a contract in the same way as a man (1=yes; 0=no),SG.CNT.SIGN.EQ,1
"Congo, Rep.",COG,1997,A woman can sign a contract in the same way as a man (1=yes; 0=no),SG.CNT.SIGN.EQ,1
"Congo, Rep.",COG,1996,A woman can sign a contract in the same way as a man (1=yes; 0=no),SG.CNT.SIGN.EQ,1
"Congo, Rep.",COG,1995,A woman can sign a contract in the same way as a man (1=yes; 0=no),SG.CNT.SIGN.EQ,1
"Congo, Rep.",COG,1994,A woman can sign a contract in the same way as a man (1=yes; 0=no),SG.CNT.SIGN.EQ,1
"Congo, Rep.",COG,1993,A woman can sign a contract in the same way as a man (1=yes; 0=no),SG.CNT.SIGN.EQ,1
"Congo, Rep.",COG,1992,A woman can sign a contract in the same way as a man (1=yes; 0=no),SG.CNT.SIGN.EQ,1
"Congo, Rep.",COG,1991,A woman can sign a contract in the same way as a man (1=yes; 0=no),SG.CNT.SIGN.EQ,1
"Congo, Rep.",COG,1990,A woman can sign a contract in the same way as a man (1=yes; 0=no),SG.CNT.SIGN.EQ,1
"Congo, Rep.",COG,1989,A woman can sign a contract in the same way as a man (1=yes; 0=no),SG.CNT.SIGN.EQ,1
"Congo, Rep.",COG,1988,A woman can sign a contract in the same way as a man (1=yes; 0=no),SG.CNT.SIGN.EQ,1
"Congo, Rep.",COG,1987,A woman can sign a contract in the same way as a man (1=yes; 0=no),SG.CNT.SIGN.EQ,1
"Congo, Rep.",COG,1986,A woman can sign a contract in the same way as a man (1=yes; 0=no),SG.CNT.SIGN.EQ,1
"Congo, Rep.",COG,1985,A woman can sign a contract in the same way as a man (1=yes; 0=no),SG.CNT.SIGN.EQ,1
"Congo, Rep.",COG,1984,A woman can sign a contract in the same way as a man (1=yes; 0=no),SG.CNT.SIGN.EQ,1
"Congo, Rep.",COG,1983,A woman can sign a contract in the same way as a man (1=yes; 0=no),SG.CNT.SIGN.EQ,1
"Congo, Rep.",COG,1982,A woman can sign a contract in the same way as a man (1=yes; 0=no),SG.CNT.SIGN.EQ,1
"Congo, Rep.",COG,1981,A woman can sign a contract in the same way as a man (1=yes; 0=no),SG.CNT.SIGN.EQ,1
"Congo, Rep.",COG,1980,A woman can sign a contract in the same way as a man (1=yes; 0=no),SG.CNT.SIGN.EQ,1
"Congo, Rep.",COG,1979,A woman can sign a contract in the same way as a man (1=yes; 0=no),SG.CNT.SIGN.EQ,1
"Congo, Rep.",COG,1978,A woman can sign a contract in the same way as a man (1=yes; 0=no),SG.CNT.SIGN.EQ,1
"Congo, Rep.",COG,1977,A woman can sign a contract in the same way as a man (1=yes; 0=no),SG.CNT.SIGN.EQ,1
"Congo, Rep.",COG,1976,A woman can sign a contract in the same way as a man (1=yes; 0=no),SG.CNT.SIGN.EQ,1
"Congo, Rep.",COG,1975,A woman can sign a contract in the same way as a man (1=yes; 0=no),SG.CNT.SIGN.EQ,1
"Congo, Rep.",COG,1974,A woman can sign a contract in the same way as a man (1=yes; 0=no),SG.CNT.SIGN.EQ,1
"Congo, Rep.",COG,1973,A woman can sign a contract in the same way as a man (1=yes; 0=no),SG.CNT.SIGN.EQ,1
"Congo, Rep.",COG,1972,A woman can sign a contract in the same way as a man (1=yes; 0=no),SG.CNT.SIGN.EQ,1
"Congo, Rep.",COG,1971,A woman can sign a contract in the same way as a man (1=yes; 0=no),SG.CNT.SIGN.EQ,1
"Congo, Rep.",COG,1970,A woman can sign a contract in the same way as a man (1=yes; 0=no),SG.CNT.SIGN.EQ,1
"Congo, Rep.",COG,2012,Main cooking fuel: charcoal (% of households),SG.COK.CHCO.ZS,32.8
"Congo, Rep.",COG,2009,Main cooking fuel: charcoal (% of households),SG.COK.CHCO.ZS,33
"Congo, Rep.",COG,2005,Main cooking fuel: charcoal (% of households),SG.COK.CHCO.ZS,30.7
"Congo, Rep.",COG,2005,Main cooking fuel: dung (% of households),SG.COK.DUNG.ZS,0.7
"Congo, Rep.",COG,2012,Main cooking fuel: electricity  (% of households),SG.COK.ELEC.ZS,1.2
"Congo, Rep.",COG,2009,Main cooking fuel: electricity  (% of households),SG.COK.ELEC.ZS,1.1
"Congo, Rep.",COG,2005,Main cooking fuel: electricity  (% of households),SG.COK.ELEC.ZS,2.8
"Congo, Rep.",COG,2012,Location of cooking: inside the house (% of households),SG.COK.HOUS.ZS,26.5
"Congo, Rep.",COG,2012,Main cooking fuel: LPG/natural gas/biogas (% of households),SG.COK.LPGN.ZS,15
"Congo, Rep.",COG,2009,Main cooking fuel: LPG/natural gas/biogas (% of households),SG.COK.LPGN.ZS,11.6
"Congo, Rep.",COG,2005,Main cooking fuel: LPG/natural gas/biogas (% of households),SG.COK.LPGN.ZS,8.7
"Congo, Rep.",COG,2012,Location of cooking: other places (% of households),SG.COK.OTHR.ZS,0.2
"Congo, Rep.",COG,2012,Location of cooking: outdoors (% of households),SG.COK.OUTD.ZS,52.8
"Congo, Rep.",COG,2012,Location of cooking: separate building (% of households),SG.COK.SBLD.ZS,19
"Congo, Rep.",COG,2009,Main cooking fuel: straw/shrubs/grass (% of households),SG.COK.STRW.ZS,0.3
"Congo, Rep.",COG,2012,Main cooking fuel: wood (% of households),SG.COK.WOOD.ZS,37.9
"Congo, Rep.",COG,2009,Main cooking fuel: wood (% of households),SG.COK.WOOD.ZS,38.9
"Congo, Rep.",COG,2005,Main cooking fuel: wood (% of households),SG.COK.WOOD.ZS,50.6
"Congo, Rep.",COG,2023,A woman can travel outside the country in the same way as a man (1=yes; 0=no),SG.CTR.TRVL.EQ,1
"Congo, Rep.",COG,2022,A woman can travel outside the country in the same way as a man (1=yes; 0=no),SG.CTR.TRVL.EQ,1
"Congo, Rep.",COG,2021,A woman can travel outside the country in the same way as a man (1=yes; 0=no),SG.CTR.TRVL.EQ,1
"Congo, Rep.",COG,2020,A woman can travel outside the country in the same way as a man (1=yes; 0=no),SG.CTR.TRVL.EQ,1
"Congo, Rep.",COG,2019,A woman can travel outside the country in the same way as a man (1=yes; 0=no),SG.CTR.TRVL.EQ,1
"Congo, Rep.",COG,2018,A woman can travel outside the country in the same way as a man (1=yes; 0=no),SG.CTR.TRVL.EQ,1
"Congo, Rep.",COG,2017,A woman can travel outside the country in the same way as a man (1=yes; 0=no),SG.CTR.TRVL.EQ,1
"Congo, Rep.",COG,2016,A woman can travel outside the country in the same way as a man (1=yes; 0=no),SG.CTR.TRVL.EQ,1
"Congo, Rep.",COG,2015,A woman can travel outside the country in the same way as a man (1=yes; 0=no),SG.CTR.TRVL.EQ,1
"Congo, Rep.",COG,2014,A woman can travel outside the country in the same way as a man (1=yes; 0=no),SG.CTR.TRVL.EQ,1
"Congo, Rep.",COG,2013,A woman can travel outside the country in the same way as a man (1=yes; 0=no),SG.CTR.TRVL.EQ,1
"Congo, Rep.",COG,2012,A woman can travel outside the country in the same way as a man (1=yes; 0=no),SG.CTR.TRVL.EQ,1
"Congo, Rep.",COG,2011,A woman can travel outside the country in the same way as a man (1=yes; 0=no),SG.CTR.TRVL.EQ,1
"Congo, Rep.",COG,2010,A woman can travel outside the country in the same way as a man (1=yes; 0=no),SG.CTR.TRVL.EQ,1
"Congo, Rep.",COG,2009,A woman can travel outside the country in the same way as a man (1=yes; 0=no),SG.CTR.TRVL.EQ,1
"Congo, Rep.",COG,2008,A woman can travel outside the country in the same way as a man (1=yes; 0=no),SG.CTR.TRVL.EQ,1
"Congo, Rep.",COG,2007,A woman can travel outside the country in the same way as a man (1=yes; 0=no),SG.CTR.TRVL.EQ,1
"Congo, Rep.",COG,2006,A woman can travel outside the country in the same way as a man (1=yes; 0=no),SG.CTR.TRVL.EQ,1
"Congo, Rep.",COG,2005,A woman can travel outside the country in the same way as a man (1=yes; 0=no),SG.CTR.TRVL.EQ,1
"Congo, Rep.",COG,2004,A woman can travel outside the country in the same way as a man (1=yes; 0=no),SG.CTR.TRVL.EQ,1
"Congo, Rep.",COG,2003,A woman can travel outside the country in the same way as a man (1=yes; 0=no),SG.CTR.TRVL.EQ,1
"Congo, Rep.",COG,2002,A woman can travel outside the country in the same way as a man (1=yes; 0=no),SG.CTR.TRVL.EQ,1
"Congo, Rep.",COG,2001,A woman can travel outside the country in the same way as a man (1=yes; 0=no),SG.CTR.TRVL.EQ,1
"Congo, Rep.",COG,2000,A woman can travel outside the country in the same way as a man (1=yes; 0=no),SG.CTR.TRVL.EQ,1
"Congo, Rep.",COG,1999,A woman can travel outside the country in the same way as a man (1=yes; 0=no),SG.CTR.TRVL.EQ,1
"Congo, Rep.",COG,1998,A woman can travel outside the country in the same way as a man (1=yes; 0=no),SG.CTR.TRVL.EQ,1
"Congo, Rep.",COG,1997,A woman can travel outside the country in the same way as a man (1=yes; 0=no),SG.CTR.TRVL.EQ,1
"Congo, Rep.",COG,1996,A woman can travel outside the country in the same way as a man (1=yes; 0=no),SG.CTR.TRVL.EQ,1
"Congo, Rep.",COG,1995,A woman can travel outside the country in the same way as a man (1=yes; 0=no),SG.CTR.TRVL.EQ,1
"Congo, Rep.",COG,1994,A woman can travel outside the country in the same way as a man (1=yes; 0=no),SG.CTR.TRVL.EQ,1
"Congo, Rep.",COG,1993,A woman can travel outside the country in the same way as a man (1=yes; 0=no),SG.CTR.TRVL.EQ,1
"Congo, Rep.",COG,1992,A woman can travel outside the country in the same way as a man (1=yes; 0=no),SG.CTR.TRVL.EQ,1
"Congo, Rep.",COG,1991,A woman can travel outside the country in the same way as a man (1=yes; 0=no),SG.CTR.TRVL.EQ,1
"Congo, Rep.",COG,1990,A woman can travel outside the country in the same way as a man (1=yes; 0=no),SG.CTR.TRVL.EQ,1
"Congo, Rep.",COG,1989,A woman can travel outside the country in the same way as a man (1=yes; 0=no),SG.CTR.TRVL.EQ,1
"Congo, Rep.",COG,1988,A woman can travel outside the country in the same way as a man (1=yes; 0=no),SG.CTR.TRVL.EQ,1
"Congo, Rep.",COG,1987,A woman can travel outside the country in the same way as a man (1=yes; 0=no),SG.CTR.TRVL.EQ,1
"Congo, Rep.",COG,1986,A woman can travel outside the country in the same way as a man (1=yes; 0=no),SG.CTR.TRVL.EQ,1
"Congo, Rep.",COG,1985,A woman can travel outside the country in the same way as a man (1=yes; 0=no),SG.CTR.TRVL.EQ,1
"Congo, Rep.",COG,1984,A woman can travel outside the country in the same way as a man (1=yes; 0=no),SG.CTR.TRVL.EQ,1
"Congo, Rep.",COG,1983,A woman can travel outside the country in the same way as a man (1=yes; 0=no),SG.CTR.TRVL.EQ,1
"Congo, Rep.",COG,1982,A woman can travel outside the country in the same way as a man (1=yes; 0=no),SG.CTR.TRVL.EQ,1
"Congo, Rep.",COG,1981,A woman can travel outside the country in the same way as a man (1=yes; 0=no),SG.CTR.TRVL.EQ,1
"Congo, Rep.",COG,1980,A woman can travel outside the country in the same way as a man (1=yes; 0=no),SG.CTR.TRVL.EQ,1
"Congo, Rep.",COG,1979,A woman can travel outside the country in the same way as a man (1=yes; 0=no),SG.CTR.TRVL.EQ,1
"Congo, Rep.",COG,1978,A woman can travel outside the country in the same way as a man (1=yes; 0=no),SG.CTR.TRVL.EQ,1
"Congo, Rep.",COG,1977,A woman can travel outside the country in the same way as a man (1=yes; 0=no),SG.CTR.TRVL.EQ,1
"Congo, Rep.",COG,1976,A woman can travel outside the country in the same way as a man (1=yes; 0=no),SG.CTR.TRVL.EQ,1
"Congo, Rep.",COG,1975,A woman can travel outside the country in the same way as a man (1=yes; 0=no),SG.CTR.TRVL.EQ,1
"Congo, Rep.",COG,1974,A woman can travel outside the country in the same way as a man (1=yes; 0=no),SG.CTR.TRVL.EQ,1
"Congo, Rep.",COG,1973,A woman can travel outside the country in the same way as a man (1=yes; 0=no),SG.CTR.TRVL.EQ,1
"Congo, Rep.",COG,1972,A woman can travel outside the country in the same way as a man (1=yes; 0=no),SG.CTR.TRVL.EQ,1
"Congo, Rep.",COG,1971,A woman can travel outside the country in the same way as a man (1=yes; 0=no),SG.CTR.TRVL.EQ,1
"Congo, Rep.",COG,1970,A woman can travel outside the country in the same way as a man (1=yes; 0=no),SG.CTR.TRVL.EQ,1
"Congo, Rep.",COG,2012,Women participating in own health care decisions (% of women age 15-49),SG.DMK.HLTH.FN.ZS,39.7
"Congo, Rep.",COG,2012,Decision maker about a woman's own health care: mainly husband (% of women age 15-49),SG.DMK.HLTH.HB.ZS,59.3
"Congo, Rep.",COG,2012,Decision maker about a woman's own health care: other (% of women age 15-49),SG.DMK.HLTH.OT.ZS,0.1
"Congo, Rep.",COG,2012,Decision maker about a woman's own health care: someone else (% of women age 15-49),SG.DMK.HLTH.SE.ZS,0.6
"Congo, Rep.",COG,2012,Decision maker about a woman's own health care: mainly wife (% of women age 15-49),SG.DMK.HLTH.WF.ZS,9.8
"Congo, Rep.",COG,2012,Decision maker about a woman's own health care: wife and husband jointly (% of women age 15-49),SG.DMK.HLTH.WH.ZS,30
"Congo, Rep.",COG,2012,"Women participating in none of the three decisions (own health care, major household purchases, and visiting family) (% of women age 15-49)",SG.DMK.NONE.FN.ZS,19.6
"Congo, Rep.",COG,2012,Women participating in making major household purchase decisions (% of women age 15-49),SG.DMK.PRCH.FN.ZS,59.8
"Congo, Rep.",COG,2012,Decision maker about major household purchases: mainly husband (% of women age 15-49),SG.DMK.PRCH.HB.ZS,39.7
"Congo, Rep.",COG,2012,Decision maker about major household purchases: other (% of women age 15-49),SG.DMK.PRCH.OT.ZS,0
"Congo, Rep.",COG,2012,Decision maker about major household purchases: someone else (% of women age 15-49),SG.DMK.PRCH.SE.ZS,0.3
"Congo, Rep.",COG,2012,Decision maker about major household purchases: mainly wife (% of women age 15-49),SG.DMK.PRCH.WF.ZS,19.8
"Congo, Rep.",COG,2012,Decision maker about major household purchases: wife and husband jointly (% of women age 15-49),SG.DMK.PRCH.WH.ZS,40
"Congo, Rep.",COG,2012,"Women participating in decision of visits to family, relatives, friends (% of women age 15-49)",SG.DMK.VISI.FN.ZS,62
"Congo, Rep.",COG,2012,Decision maker about a woman's visits to her family or relatives: mainly husband (% of women age 15-49),SG.DMK.VISI.HB.ZS,37.4
"Congo, Rep.",COG,2012,Decision maker about a woman's visits to her family or relatives: other (% of women age 15-49),SG.DMK.VISI.OT.ZS,0.2
"Congo, Rep.",COG,2012,Decision maker about a woman's visits to her family or relatives: someone else (% of women age 15-49),SG.DMK.VISI.SE.ZS,0.2
"Congo, Rep.",COG,2012,Decision maker about a woman's visits to her family or relatives: mainly wife (% of women age 15-49),SG.DMK.VISI.WF.ZS,36.5
"Congo, Rep.",COG,2012,Decision maker about Visits to her family or relatives: wife and husband jointly (% of women age 15-49),SG.DMK.VISI.WH.ZS,25.5
"Congo, Rep.",COG,2023,Dismissal of pregnant workers is prohibited (1=yes; 0=no),SG.DML.PRGW,0
"Congo, Rep.",COG,2022,Dismissal of pregnant workers is prohibited (1=yes; 0=no),SG.DML.PRGW,0
"Congo, Rep.",COG,2021,Dismissal of pregnant workers is prohibited (1=yes; 0=no),SG.DML.PRGW,0
"Congo, Rep.",COG,2020,Dismissal of pregnant workers is prohibited (1=yes; 0=no),SG.DML.PRGW,0
"Congo, Rep.",COG,2019,Dismissal of pregnant workers is prohibited (1=yes; 0=no),SG.DML.PRGW,0
"Congo, Rep.",COG,2018,Dismissal of pregnant workers is prohibited (1=yes; 0=no),SG.DML.PRGW,0
"Congo, Rep.",COG,2017,Dismissal of pregnant workers is prohibited (1=yes; 0=no),SG.DML.PRGW,0
"Congo, Rep.",COG,2016,Dismissal of pregnant workers is prohibited (1=yes; 0=no),SG.DML.PRGW,0
"Congo, Rep.",COG,2015,Dismissal of pregnant workers is prohibited (1=yes; 0=no),SG.DML.PRGW,0
"Congo, Rep.",COG,2014,Dismissal of pregnant workers is prohibited (1=yes; 0=no),SG.DML.PRGW,0
"Congo, Rep.",COG,2013,Dismissal of pregnant workers is prohibited (1=yes; 0=no),SG.DML.PRGW,0
"Congo, Rep.",COG,2012,Dismissal of pregnant workers is prohibited (1=yes; 0=no),SG.DML.PRGW,0
"Congo, Rep.",COG,2011,Dismissal of pregnant workers is prohibited (1=yes; 0=no),SG.DML.PRGW,0
"Congo, Rep.",COG,2010,Dismissal of pregnant workers is prohibited (1=yes; 0=no),SG.DML.PRGW,0
"Congo, Rep.",COG,2009,Dismissal of pregnant workers is prohibited (1=yes; 0=no),SG.DML.PRGW,0
"Congo, Rep.",COG,2008,Dismissal of pregnant workers is prohibited (1=yes; 0=no),SG.DML.PRGW,0
"Congo, Rep.",COG,2007,Dismissal of pregnant workers is prohibited (1=yes; 0=no),SG.DML.PRGW,0
"Congo, Rep.",COG,2006,Dismissal of pregnant workers is prohibited (1=yes; 0=no),SG.DML.PRGW,0
"Congo, Rep.",COG,2005,Dismissal of pregnant workers is prohibited (1=yes; 0=no),SG.DML.PRGW,0
"Congo, Rep.",COG,2004,Dismissal of pregnant workers is prohibited (1=yes; 0=no),SG.DML.PRGW,0
"Congo, Rep.",COG,2003,Dismissal of pregnant workers is prohibited (1=yes; 0=no),SG.DML.PRGW,0
"Congo, Rep.",COG,2002,Dismissal of pregnant workers is prohibited (1=yes; 0=no),SG.DML.PRGW,0
"Congo, Rep.",COG,2001,Dismissal of pregnant workers is prohibited (1=yes; 0=no),SG.DML.PRGW,0
"Congo, Rep.",COG,2000,Dismissal of pregnant workers is prohibited (1=yes; 0=no),SG.DML.PRGW,0
"Congo, Rep.",COG,1999,Dismissal of pregnant workers is prohibited (1=yes; 0=no),SG.DML.PRGW,0
"Congo, Rep.",COG,1998,Dismissal of pregnant workers is prohibited (1=yes; 0=no),SG.DML.PRGW,0
"Congo, Rep.",COG,1997,Dismissal of pregnant workers is prohibited (1=yes; 0=no),SG.DML.PRGW,0
"Congo, Rep.",COG,1996,Dismissal of pregnant workers is prohibited (1=yes; 0=no),SG.DML.PRGW,0
"Congo, Rep.",COG,1995,Dismissal of pregnant workers is prohibited (1=yes; 0=no),SG.DML.PRGW,0
"Congo, Rep.",COG,1994,Dismissal of pregnant workers is prohibited (1=yes; 0=no),SG.DML.PRGW,0
"Congo, Rep.",COG,1993,Dismissal of pregnant workers is prohibited (1=yes; 0=no),SG.DML.PRGW,0
"Congo, Rep.",COG,1992,Dismissal of pregnant workers is prohibited (1=yes; 0=no),SG.DML.PRGW,0
"Congo, Rep.",COG,1991,Dismissal of pregnant workers is prohibited (1=yes; 0=no),SG.DML.PRGW,0
"Congo, Rep.",COG,1990,Dismissal of pregnant workers is prohibited (1=yes; 0=no),SG.DML.PRGW,0
"Congo, Rep.",COG,1989,Dismissal of pregnant workers is prohibited (1=yes; 0=no),SG.DML.PRGW,0
"Congo, Rep.",COG,1988,Dismissal of pregnant workers is prohibited (1=yes; 0=no),SG.DML.PRGW,0
"Congo, Rep.",COG,1987,Dismissal of pregnant workers is prohibited (1=yes; 0=no),SG.DML.PRGW,0
"Congo, Rep.",COG,1986,Dismissal of pregnant workers is prohibited (1=yes; 0=no),SG.DML.PRGW,0
"Congo, Rep.",COG,1985,Dismissal of pregnant workers is prohibited (1=yes; 0=no),SG.DML.PRGW,0
"Congo, Rep.",COG,1984,Dismissal of pregnant workers is prohibited (1=yes; 0=no),SG.DML.PRGW,0
"Congo, Rep.",COG,1983,Dismissal of pregnant workers is prohibited (1=yes; 0=no),SG.DML.PRGW,0
"Congo, Rep.",COG,1982,Dismissal of pregnant workers is prohibited (1=yes; 0=no),SG.DML.PRGW,0
"Congo, Rep.",COG,1981,Dismissal of pregnant workers is prohibited (1=yes; 0=no),SG.DML.PRGW,0
"Congo, Rep.",COG,1980,Dismissal of pregnant workers is prohibited (1=yes; 0=no),SG.DML.PRGW,0
"Congo, Rep.",COG,1979,Dismissal of pregnant workers is prohibited (1=yes; 0=no),SG.DML.PRGW,0
"Congo, Rep.",COG,1978,Dismissal of pregnant workers is prohibited (1=yes; 0=no),SG.DML.PRGW,0
"Congo, Rep.",COG,1977,Dismissal of pregnant workers is prohibited (1=yes; 0=no),SG.DML.PRGW,0
"Congo, Rep.",COG,1976,Dismissal of pregnant workers is prohibited (1=yes; 0=no),SG.DML.PRGW,0
"Congo, Rep.",COG,1975,Dismissal of pregnant workers is prohibited (1=yes; 0=no),SG.DML.PRGW,0
"Congo, Rep.",COG,1974,Dismissal of pregnant workers is prohibited (1=yes; 0=no),SG.DML.PRGW,0
"Congo, Rep.",COG,1973,Dismissal of pregnant workers is prohibited (1=yes; 0=no),SG.DML.PRGW,0
"Congo, Rep.",COG,1972,Dismissal of pregnant workers is prohibited (1=yes; 0=no),SG.DML.PRGW,0
"Congo, Rep.",COG,1971,Dismissal of pregnant workers is prohibited (1=yes; 0=no),SG.DML.PRGW,0
"Congo, Rep.",COG,1970,Dismissal of pregnant workers is prohibited (1=yes; 0=no),SG.DML.PRGW,0
"Congo, Rep.",COG,2023,A woman can work in a job deemed dangerous in the same way as a man (1=yes; 0=no),SG.DNG.WORK.DN.EQ,0
"Congo, Rep.",COG,2022,A woman can work in a job deemed dangerous in the same way as a man (1=yes; 0=no),SG.DNG.WORK.DN.EQ,0
"Congo, Rep.",COG,2021,A woman can work in a job deemed dangerous in the same way as a man (1=yes; 0=no),SG.DNG.WORK.DN.EQ,0
"Congo, Rep.",COG,2020,A woman can work in a job deemed dangerous in the same way as a man (1=yes; 0=no),SG.DNG.WORK.DN.EQ,0
"Congo, Rep.",COG,2019,A woman can work in a job deemed dangerous in the same way as a man (1=yes; 0=no),SG.DNG.WORK.DN.EQ,0
"Congo, Rep.",COG,2018,A woman can work in a job deemed dangerous in the same way as a man (1=yes; 0=no),SG.DNG.WORK.DN.EQ,0
"Congo, Rep.",COG,2017,A woman can work in a job deemed dangerous in the same way as a man (1=yes; 0=no),SG.DNG.WORK.DN.EQ,0
"Congo, Rep.",COG,2016,A woman can work in a job deemed dangerous in the same way as a man (1=yes; 0=no),SG.DNG.WORK.DN.EQ,0
"Congo, Rep.",COG,2015,A woman can work in a job deemed dangerous in the same way as a man (1=yes; 0=no),SG.DNG.WORK.DN.EQ,0
"Congo, Rep.",COG,2014,A woman can work in a job deemed dangerous in the same way as a man (1=yes; 0=no),SG.DNG.WORK.DN.EQ,0
"Congo, Rep.",COG,2013,A woman can work in a job deemed dangerous in the same way as a man (1=yes; 0=no),SG.DNG.WORK.DN.EQ,0
"Congo, Rep.",COG,2012,A woman can work in a job deemed dangerous in the same way as a man (1=yes; 0=no),SG.DNG.WORK.DN.EQ,0
"Congo, Rep.",COG,2011,A woman can work in a job deemed dangerous in the same way as a man (1=yes; 0=no),SG.DNG.WORK.DN.EQ,0
"Congo, Rep.",COG,2010,A woman can work in a job deemed dangerous in the same way as a man (1=yes; 0=no),SG.DNG.WORK.DN.EQ,0
"Congo, Rep.",COG,2009,A woman can work in a job deemed dangerous in the same way as a man (1=yes; 0=no),SG.DNG.WORK.DN.EQ,0
"Congo, Rep.",COG,2008,A woman can work in a job deemed dangerous in the same way as a man (1=yes; 0=no),SG.DNG.WORK.DN.EQ,0
"Congo, Rep.",COG,2007,A woman can work in a job deemed dangerous in the same way as a man (1=yes; 0=no),SG.DNG.WORK.DN.EQ,0
"Congo, Rep.",COG,2006,A woman can work in a job deemed dangerous in the same way as a man (1=yes; 0=no),SG.DNG.WORK.DN.EQ,0
"Congo, Rep.",COG,2005,A woman can work in a job deemed dangerous in the same way as a man (1=yes; 0=no),SG.DNG.WORK.DN.EQ,0
"Congo, Rep.",COG,2004,A woman can work in a job deemed dangerous in the same way as a man (1=yes; 0=no),SG.DNG.WORK.DN.EQ,0
"Congo, Rep.",COG,2003,A woman can work in a job deemed dangerous in the same way as a man (1=yes; 0=no),SG.DNG.WORK.DN.EQ,0
"Congo, Rep.",COG,2002,A woman can work in a job deemed dangerous in the same way as a man (1=yes; 0=no),SG.DNG.WORK.DN.EQ,0
"Congo, Rep.",COG,2001,A woman can work in a job deemed dangerous in the same way as a man (1=yes; 0=no),SG.DNG.WORK.DN.EQ,0
"Congo, Rep.",COG,2000,A woman can work in a job deemed dangerous in the same way as a man (1=yes; 0=no),SG.DNG.WORK.DN.EQ,0
"Congo, Rep.",COG,1999,A woman can work in a job deemed dangerous in the same way as a man (1=yes; 0=no),SG.DNG.WORK.DN.EQ,0
"Congo, Rep.",COG,1998,A woman can work in a job deemed dangerous in the same way as a man (1=yes; 0=no),SG.DNG.WORK.DN.EQ,0
"Congo, Rep.",COG,1997,A woman can work in a job deemed dangerous in the same way as a man (1=yes; 0=no),SG.DNG.WORK.DN.EQ,0
"Congo, Rep.",COG,1996,A woman can work in a job deemed dangerous in the same way as a man (1=yes; 0=no),SG.DNG.WORK.DN.EQ,0
"Congo, Rep.",COG,1995,A woman can work in a job deemed dangerous in the same way as a man (1=yes; 0=no),SG.DNG.WORK.DN.EQ,0
"Congo, Rep.",COG,1994,A woman can work in a job deemed dangerous in the same way as a man (1=yes; 0=no),SG.DNG.WORK.DN.EQ,0
"Congo, Rep.",COG,1993,A woman can work in a job deemed dangerous in the same way as a man (1=yes; 0=no),SG.DNG.WORK.DN.EQ,0
"Congo, Rep.",COG,1992,A woman can work in a job deemed dangerous in the same way as a man (1=yes; 0=no),SG.DNG.WORK.DN.EQ,0
"Congo, Rep.",COG,1991,A woman can work in a job deemed dangerous in the same way as a man (1=yes; 0=no),SG.DNG.WORK.DN.EQ,0
"Congo, Rep.",COG,1990,A woman can work in a job deemed dangerous in the same way as a man (1=yes; 0=no),SG.DNG.WORK.DN.EQ,0
"Congo, Rep.",COG,1989,A woman can work in a job deemed dangerous in the same way as a man (1=yes; 0=no),SG.DNG.WORK.DN.EQ,0
"Congo, Rep.",COG,1988,A woman can work in a job deemed dangerous in the same way as a man (1=yes; 0=no),SG.DNG.WORK.DN.EQ,0
"Congo, Rep.",COG,1987,A woman can work in a job deemed dangerous in the same way as a man (1=yes; 0=no),SG.DNG.WORK.DN.EQ,0
"Congo, Rep.",COG,1986,A woman can work in a job deemed dangerous in the same way as a man (1=yes; 0=no),SG.DNG.WORK.DN.EQ,0
"Congo, Rep.",COG,1985,A woman can work in a job deemed dangerous in the same way as a man (1=yes; 0=no),SG.DNG.WORK.DN.EQ,0
"Congo, Rep.",COG,1984,A woman can work in a job deemed dangerous in the same way as a man (1=yes; 0=no),SG.DNG.WORK.DN.EQ,0
"Congo, Rep.",COG,1983,A woman can work in a job deemed dangerous in the same way as a man (1=yes; 0=no),SG.DNG.WORK.DN.EQ,0
"Congo, Rep.",COG,1982,A woman can work in a job deemed dangerous in the same way as a man (1=yes; 0=no),SG.DNG.WORK.DN.EQ,0
"Congo, Rep.",COG,1981,A woman can work in a job deemed dangerous in the same way as a man (1=yes; 0=no),SG.DNG.WORK.DN.EQ,0
"Congo, Rep.",COG,1980,A woman can work in a job deemed dangerous in the same way as a man (1=yes; 0=no),SG.DNG.WORK.DN.EQ,0
"Congo, Rep.",COG,1979,A woman can work in a job deemed dangerous in the same way as a man (1=yes; 0=no),SG.DNG.WORK.DN.EQ,0
"Congo, Rep.",COG,1978,A woman can work in a job deemed dangerous in the same way as a man (1=yes; 0=no),SG.DNG.WORK.DN.EQ,0
"Congo, Rep.",COG,1977,A woman can work in a job deemed dangerous in the same way as a man (1=yes; 0=no),SG.DNG.WORK.DN.EQ,0
"Congo, Rep.",COG,1976,A woman can work in a job deemed dangerous in the same way as a man (1=yes; 0=no),SG.DNG.WORK.DN.EQ,0
"Congo, Rep.",COG,1975,A woman can work in a job deemed dangerous in the same way as a man (1=yes; 0=no),SG.DNG.WORK.DN.EQ,0
"Congo, Rep.",COG,1974,A woman can work in a job deemed dangerous in the same way as a man (1=yes; 0=no),SG.DNG.WORK.DN.EQ,0
"Congo, Rep.",COG,1973,A woman can work in a job deemed dangerous in the same way as a man (1=yes; 0=no),SG.DNG.WORK.DN.EQ,0
"Congo, Rep.",COG,1972,A woman can work in a job deemed dangerous in the same way as a man (1=yes; 0=no),SG.DNG.WORK.DN.EQ,0
"Congo, Rep.",COG,1971,A woman can work in a job deemed dangerous in the same way as a man (1=yes; 0=no),SG.DNG.WORK.DN.EQ,0
"Congo, Rep.",COG,1970,A woman can work in a job deemed dangerous in the same way as a man (1=yes; 0=no),SG.DNG.WORK.DN.EQ,0
"Congo, Rep.",COG,2024,Proportion of women in ministerial level positions (%),SG.GEN.MNST.ZS,22.2222222222222
"Congo, Rep.",COG,2023,Proportion of women in ministerial level positions (%),SG.GEN.MNST.ZS,22.2222222222222
"Congo, Rep.",COG,2022,Proportion of women in ministerial level positions (%),SG.GEN.MNST.ZS,22.2222222222222
"Congo, Rep.",COG,2020,Proportion of women in ministerial level positions (%),SG.GEN.MNST.ZS,21.2121212121212
"Congo, Rep.",COG,2019,Proportion of women in ministerial level positions (%),SG.GEN.MNST.ZS,21.2121212121212
"Congo, Rep.",COG,2018,Proportion of women in ministerial level positions (%),SG.GEN.MNST.ZS,23.5
"Congo, Rep.",COG,2016,Proportion of women in ministerial level positions (%),SG.GEN.MNST.ZS,22.9
"Congo, Rep.",COG,2015,Proportion of women in ministerial level positions (%),SG.GEN.MNST.ZS,10.5
"Congo, Rep.",COG,2014,Proportion of women in ministerial level positions (%),SG.GEN.MNST.ZS,10.5
"Congo, Rep.",COG,2012,Proportion of women in ministerial level positions (%),SG.GEN.MNST.ZS,13.5
"Congo, Rep.",COG,2010,Proportion of women in ministerial level positions (%),SG.GEN.MNST.ZS,13.5
"Congo, Rep.",COG,2008,Proportion of women in ministerial level positions (%),SG.GEN.MNST.ZS,13.2
"Congo, Rep.",COG,2005,Proportion of women in ministerial level positions (%),SG.GEN.MNST.ZS,14.7
"Congo, Rep.",COG,2023,A woman can get a job in the same way as a man (1=yes; 0=no),SG.GET.JOBS.EQ,1
"Congo, Rep.",COG,2022,A woman can get a job in the same way as a man (1=yes; 0=no),SG.GET.JOBS.EQ,1
"Congo, Rep.",COG,2021,A woman can get a job in the same way as a man (1=yes; 0=no),SG.GET.JOBS.EQ,1
"Congo, Rep.",COG,2020,A woman can get a job in the same way as a man (1=yes; 0=no),SG.GET.JOBS.EQ,1
"Congo, Rep.",COG,2019,A woman can get a job in the same way as a man (1=yes; 0=no),SG.GET.JOBS.EQ,1
"Congo, Rep.",COG,2018,A woman can get a job in the same way as a man (1=yes; 0=no),SG.GET.JOBS.EQ,1
"Congo, Rep.",COG,2017,A woman can get a job in the same way as a man (1=yes; 0=no),SG.GET.JOBS.EQ,1
"Congo, Rep.",COG,2016,A woman can get a job in the same way as a man (1=yes; 0=no),SG.GET.JOBS.EQ,1
"Congo, Rep.",COG,2015,A woman can get a job in the same way as a man (1=yes; 0=no),SG.GET.JOBS.EQ,1
"Congo, Rep.",COG,2014,A woman can get a job in the same way as a man (1=yes; 0=no),SG.GET.JOBS.EQ,1
"Congo, Rep.",COG,2013,A woman can get a job in the same way as a man (1=yes; 0=no),SG.GET.JOBS.EQ,1
"Congo, Rep.",COG,2012,A woman can get a job in the same way as a man (1=yes; 0=no),SG.GET.JOBS.EQ,1
"Congo, Rep.",COG,2011,A woman can get a job in the same way as a man (1=yes; 0=no),SG.GET.JOBS.EQ,1
"Congo, Rep.",COG,2010,A woman can get a job in the same way as a man (1=yes; 0=no),SG.GET.JOBS.EQ,1
"Congo, Rep.",COG,2009,A woman can get a job in the same way as a man (1=yes; 0=no),SG.GET.JOBS.EQ,1
"Congo, Rep.",COG,2008,A woman can get a job in the same way as a man (1=yes; 0=no),SG.GET.JOBS.EQ,1
"Congo, Rep.",COG,2007,A woman can get a job in the same way as a man (1=yes; 0=no),SG.GET.JOBS.EQ,1
"Congo, Rep.",COG,2006,A woman can get a job in the same way as a man (1=yes; 0=no),SG.GET.JOBS.EQ,1
"Congo, Rep.",COG,2005,A woman can get a job in the same way as a man (1=yes; 0=no),SG.GET.JOBS.EQ,1
"Congo, Rep.",COG,2004,A woman can get a job in the same way as a man (1=yes; 0=no),SG.GET.JOBS.EQ,1
"Congo, Rep.",COG,2003,A woman can get a job in the same way as a man (1=yes; 0=no),SG.GET.JOBS.EQ,1
"Congo, Rep.",COG,2002,A woman can get a job in the same way as a man (1=yes; 0=no),SG.GET.JOBS.EQ,1
"Congo, Rep.",COG,2001,A woman can get a job in the same way as a man (1=yes; 0=no),SG.GET.JOBS.EQ,1
"Congo, Rep.",COG,2000,A woman can get a job in the same way as a man (1=yes; 0=no),SG.GET.JOBS.EQ,1
"Congo, Rep.",COG,1999,A woman can get a job in the same way as a man (1=yes; 0=no),SG.GET.JOBS.EQ,1
"Congo, Rep.",COG,1998,A woman can get a job in the same way as a man (1=yes; 0=no),SG.GET.JOBS.EQ,1
"Congo, Rep.",COG,1997,A woman can get a job in the same way as a man (1=yes; 0=no),SG.GET.JOBS.EQ,1
"Congo, Rep.",COG,1996,A woman can get a job in the same way as a man (1=yes; 0=no),SG.GET.JOBS.EQ,1
"Congo, Rep.",COG,1995,A woman can get a job in the same way as a man (1=yes; 0=no),SG.GET.JOBS.EQ,1
"Congo, Rep.",COG,1994,A woman can get a job in the same way as a man (1=yes; 0=no),SG.GET.JOBS.EQ,1
"Congo, Rep.",COG,1993,A woman can get a job in the same way as a man (1=yes; 0=no),SG.GET.JOBS.EQ,1
"Congo, Rep.",COG,1992,A woman can get a job in the same way as a man (1=yes; 0=no),SG.GET.JOBS.EQ,1
"Congo, Rep.",COG,1991,A woman can get a job in the same way as a man (1=yes; 0=no),SG.GET.JOBS.EQ,1
"Congo, Rep.",COG,1990,A woman can get a job in the same way as a man (1=yes; 0=no),SG.GET.JOBS.EQ,1
"Congo, Rep.",COG,1989,A woman can get a job in the same way as a man (1=yes; 0=no),SG.GET.JOBS.EQ,1
"Congo, Rep.",COG,1988,A woman can get a job in the same way as a man (1=yes; 0=no),SG.GET.JOBS.EQ,1
"Congo, Rep.",COG,1987,A woman can get a job in the same way as a man (1=yes; 0=no),SG.GET.JOBS.EQ,1
"Congo, Rep.",COG,1986,A woman can get a job in the same way as a man (1=yes; 0=no),SG.GET.JOBS.EQ,1
"Congo, Rep.",COG,1985,A woman can get a job in the same way as a man (1=yes; 0=no),SG.GET.JOBS.EQ,1
"Congo, Rep.",COG,1984,A woman can get a job in the same way as a man (1=yes; 0=no),SG.GET.JOBS.EQ,0
"Congo, Rep.",COG,1983,A woman can get a job in the same way as a man (1=yes; 0=no),SG.GET.JOBS.EQ,0
"Congo, Rep.",COG,1982,A woman can get a job in the same way as a man (1=yes; 0=no),SG.GET.JOBS.EQ,0
"Congo, Rep.",COG,1981,A woman can get a job in the same way as a man (1=yes; 0=no),SG.GET.JOBS.EQ,0
"Congo, Rep.",COG,1980,A woman can get a job in the same way as a man (1=yes; 0=no),SG.GET.JOBS.EQ,0
"Congo, Rep.",COG,1979,A woman can get a job in the same way as a man (1=yes; 0=no),SG.GET.JOBS.EQ,0
"Congo, Rep.",COG,1978,A woman can get a job in the same way as a man (1=yes; 0=no),SG.GET.JOBS.EQ,0
"Congo, Rep.",COG,1977,A woman can get a job in the same way as a man (1=yes; 0=no),SG.GET.JOBS.EQ,0
"Congo, Rep.",COG,1976,A woman can get a job in the same way as a man (1=yes; 0=no),SG.GET.JOBS.EQ,0
"Congo, Rep.",COG,1975,A woman can get a job in the same way as a man (1=yes; 0=no),SG.GET.JOBS.EQ,0
"Congo, Rep.",COG,1974,A woman can get a job in the same way as a man (1=yes; 0=no),SG.GET.JOBS.EQ,0
"Congo, Rep.",COG,1973,A woman can get a job in the same way as a man (1=yes; 0=no),SG.GET.JOBS.EQ,0
"Congo, Rep.",COG,1972,A woman can get a job in the same way as a man (1=yes; 0=no),SG.GET.JOBS.EQ,0
"Congo, Rep.",COG,1971,A woman can get a job in the same way as a man (1=yes; 0=no),SG.GET.JOBS.EQ,0
"Congo, Rep.",COG,1970,A woman can get a job in the same way as a man (1=yes; 0=no),SG.GET.JOBS.EQ,0
"Congo, Rep.",COG,2012,Households with water on the premises (%),SG.H2O.PRMS.HH.ZS,36.3
"Congo, Rep.",COG,2005,Households with water on the premises (%),SG.H2O.PRMS.HH.ZS,29.9
"Congo, Rep.",COG,2012,Households with water less than 30 minutes away round trip (%),SG.H2O.TL30.HH.ZS,39
"Congo, Rep.",COG,2005,Households with water less than 30 minutes away round trip (%),SG.H2O.TL30.HH.ZS,49.4
"Congo, Rep.",COG,2012,Households with water 30 minutes or longer away round trip (%),SG.H2O.TM30.HH.ZS,22.9
"Congo, Rep.",COG,2005,Households with water 30 minutes or longer away round trip (%),SG.H2O.TM30.HH.ZS,20.4
"Congo, Rep.",COG,2023,"A woman can be ""head of household"" in the same way as a man (1=yes; 0=no)",SG.HLD.HEAD.EQ,0
"Congo, Rep.",COG,2022,"A woman can be ""head of household"" in the same way as a man (1=yes; 0=no)",SG.HLD.HEAD.EQ,0
"Congo, Rep.",COG,2021,"A woman can be ""head of household"" in the same way as a man (1=yes; 0=no)",SG.HLD.HEAD.EQ,0
"Congo, Rep.",COG,2020,"A woman can be ""head of household"" in the same way as a man (1=yes; 0=no)",SG.HLD.HEAD.EQ,0
"Congo, Rep.",COG,2019,"A woman can be ""head of household"" in the same way as a man (1=yes; 0=no)",SG.HLD.HEAD.EQ,0
"Congo, Rep.",COG,2018,"A woman can be ""head of household"" in the same way as a man (1=yes; 0=no)",SG.HLD.HEAD.EQ,0
"Congo, Rep.",COG,2017,"A woman can be ""head of household"" in the same way as a man (1=yes; 0=no)",SG.HLD.HEAD.EQ,0
"Congo, Rep.",COG,2016,"A woman can be ""head of household"" in the same way as a man (1=yes; 0=no)",SG.HLD.HEAD.EQ,0
"Congo, Rep.",COG,2015,"A woman can be ""head of household"" in the same way as a man (1=yes; 0=no)",SG.HLD.HEAD.EQ,0
"Congo, Rep.",COG,2014,"A woman can be ""head of household"" in the same way as a man (1=yes; 0=no)",SG.HLD.HEAD.EQ,0
"Congo, Rep.",COG,2013,"A woman can be ""head of household"" in the same way as a man (1=yes; 0=no)",SG.HLD.HEAD.EQ,0
"Congo, Rep.",COG,2012,"A woman can be ""head of household"" in the same way as a man (1=yes; 0=no)",SG.HLD.HEAD.EQ,0
"Congo, Rep.",COG,2011,"A woman can be ""head of household"" in the same way as a man (1=yes; 0=no)",SG.HLD.HEAD.EQ,0
"Congo, Rep.",COG,2010,"A woman can be ""head of household"" in the same way as a man (1=yes; 0=no)",SG.HLD.HEAD.EQ,0
"Congo, Rep.",COG,2009,"A woman can be ""head of household"" in the same way as a man (1=yes; 0=no)",SG.HLD.HEAD.EQ,0
"Congo, Rep.",COG,2008,"A woman can be ""head of household"" in the same way as a man (1=yes; 0=no)",SG.HLD.HEAD.EQ,0
"Congo, Rep.",COG,2007,"A woman can be ""head of household"" in the same way as a man (1=yes; 0=no)",SG.HLD.HEAD.EQ,0
"Congo, Rep.",COG,2006,"A woman can be ""head of household"" in the same way as a man (1=yes; 0=no)",SG.HLD.HEAD.EQ,0
"Congo, Rep.",COG,2005,"A woman can be ""head of household"" in the same way as a man (1=yes; 0=no)",SG.HLD.HEAD.EQ,0
"Congo, Rep.",COG,2004,"A woman can be ""head of household"" in the same way as a man (1=yes; 0=no)",SG.HLD.HEAD.EQ,0
"Congo, Rep.",COG,2003,"A woman can be ""head of household"" in the same way as a man (1=yes; 0=no)",SG.HLD.HEAD.EQ,0
"Congo, Rep.",COG,2002,"A woman can be ""head of household"" in the same way as a man (1=yes; 0=no)",SG.HLD.HEAD.EQ,0
"Congo, Rep.",COG,2001,"A woman can be ""head of household"" in the same way as a man (1=yes; 0=no)",SG.HLD.HEAD.EQ,0
"Congo, Rep.",COG,2000,"A woman can be ""head of household"" in the same way as a man (1=yes; 0=no)",SG.HLD.HEAD.EQ,0
"Congo, Rep.",COG,1999,"A woman can be ""head of household"" in the same way as a man (1=yes; 0=no)",SG.HLD.HEAD.EQ,0
"Congo, Rep.",COG,1998,"A woman can be ""head of household"" in the same way as a man (1=yes; 0=no)",SG.HLD.HEAD.EQ,0
"Congo, Rep.",COG,1997,"A woman can be ""head of household"" in the same way as a man (1=yes; 0=no)",SG.HLD.HEAD.EQ,0
"Congo, Rep.",COG,1996,"A woman can be ""head of household"" in the same way as a man (1=yes; 0=no)",SG.HLD.HEAD.EQ,0
"Congo, Rep.",COG,1995,"A woman can be ""head of household"" in the same way as a man (1=yes; 0=no)",SG.HLD.HEAD.EQ,0
"Congo, Rep.",COG,1994,"A woman can be ""head of household"" in the same way as a man (1=yes; 0=no)",SG.HLD.HEAD.EQ,0
"Congo, Rep.",COG,1993,"A woman can be ""head of household"" in the same way as a man (1=yes; 0=no)",SG.HLD.HEAD.EQ,0
"Congo, Rep.",COG,1992,"A woman can be ""head of household"" in the same way as a man (1=yes; 0=no)",SG.HLD.HEAD.EQ,0
"Congo, Rep.",COG,1991,"A woman can be ""head of household"" in the same way as a man (1=yes; 0=no)",SG.HLD.HEAD.EQ,0
"Congo, Rep.",COG,1990,"A woman can be ""head of household"" in the same way as a man (1=yes; 0=no)",SG.HLD.HEAD.EQ,0
"Congo, Rep.",COG,1989,"A woman can be ""head of household"" in the same way as a man (1=yes; 0=no)",SG.HLD.HEAD.EQ,0
"Congo, Rep.",COG,1988,"A woman can be ""head of household"" in the same way as a man (1=yes; 0=no)",SG.HLD.HEAD.EQ,0
"Congo, Rep.",COG,1987,"A woman can be ""head of household"" in the same way as a man (1=yes; 0=no)",SG.HLD.HEAD.EQ,0
"Congo, Rep.",COG,1986,"A woman can be ""head of household"" in the same way as a man (1=yes; 0=no)",SG.HLD.HEAD.EQ,0
"Congo, Rep.",COG,1985,"A woman can be ""head of household"" in the same way as a man (1=yes; 0=no)",SG.HLD.HEAD.EQ,0
"Congo, Rep.",COG,1984,"A woman can be ""head of household"" in the same way as a man (1=yes; 0=no)",SG.HLD.HEAD.EQ,0
"Congo, Rep.",COG,1983,"A woman can be ""head of household"" in the same way as a man (1=yes; 0=no)",SG.HLD.HEAD.EQ,0
"Congo, Rep.",COG,1982,"A woman can be ""head of household"" in the same way as a man (1=yes; 0=no)",SG.HLD.HEAD.EQ,0
"Congo, Rep.",COG,1981,"A woman can be ""head of household"" in the same way as a man (1=yes; 0=no)",SG.HLD.HEAD.EQ,0
"Congo, Rep.",COG,1980,"A woman can be ""head of household"" in the same way as a man (1=yes; 0=no)",SG.HLD.HEAD.EQ,0
"Congo, Rep.",COG,1979,"A woman can be ""head of household"" in the same way as a man (1=yes; 0=no)",SG.HLD.HEAD.EQ,0
"Congo, Rep.",COG,1978,"A woman can be ""head of household"" in the same way as a man (1=yes; 0=no)",SG.HLD.HEAD.EQ,0
"Congo, Rep.",COG,1977,"A woman can be ""head of household"" in the same way as a man (1=yes; 0=no)",SG.HLD.HEAD.EQ,0
"Congo, Rep.",COG,1976,"A woman can be ""head of household"" in the same way as a man (1=yes; 0=no)",SG.HLD.HEAD.EQ,0
"Congo, Rep.",COG,1975,"A woman can be ""head of household"" in the same way as a man (1=yes; 0=no)",SG.HLD.HEAD.EQ,0
"Congo, Rep.",COG,1974,"A woman can be ""head of household"" in the same way as a man (1=yes; 0=no)",SG.HLD.HEAD.EQ,0
"Congo, Rep.",COG,1973,"A woman can be ""head of household"" in the same way as a man (1=yes; 0=no)",SG.HLD.HEAD.EQ,0
"Congo, Rep.",COG,1972,"A woman can be ""head of household"" in the same way as a man (1=yes; 0=no)",SG.HLD.HEAD.EQ,0
"Congo, Rep.",COG,1971,"A woman can be ""head of household"" in the same way as a man (1=yes; 0=no)",SG.HLD.HEAD.EQ,0
"Congo, Rep.",COG,1970,"A woman can be ""head of household"" in the same way as a man (1=yes; 0=no)",SG.HLD.HEAD.EQ,0
"Congo, Rep.",COG,2023,A woman can travel outside her home in the same way as a man (1=yes; 0=no),SG.HME.TRVL.EQ,1
"Congo, Rep.",COG,2022,A woman can travel outside her home in the same way as a man (1=yes; 0=no),SG.HME.TRVL.EQ,1
"Congo, Rep.",COG,2021,A woman can travel outside her home in the same way as a man (1=yes; 0=no),SG.HME.TRVL.EQ,1
"Congo, Rep.",COG,2020,A woman can travel outside her home in the same way as a man (1=yes; 0=no),SG.HME.TRVL.EQ,1
"Congo, Rep.",COG,2019,A woman can travel outside her home in the same way as a man (1=yes; 0=no),SG.HME.TRVL.EQ,1
"Congo, Rep.",COG,2018,A woman can travel outside her home in the same way as a man (1=yes; 0=no),SG.HME.TRVL.EQ,1
"Congo, Rep.",COG,2017,A woman can travel outside her home in the same way as a man (1=yes; 0=no),SG.HME.TRVL.EQ,1
"Congo, Rep.",COG,2016,A woman can travel outside her home in the same way as a man (1=yes; 0=no),SG.HME.TRVL.EQ,1
"Congo, Rep.",COG,2015,A woman can travel outside her home in the same way as a man (1=yes; 0=no),SG.HME.TRVL.EQ,1
"Congo, Rep.",COG,2014,A woman can travel outside her home in the same way as a man (1=yes; 0=no),SG.HME.TRVL.EQ,1
"Congo, Rep.",COG,2013,A woman can travel outside her home in the same way as a man (1=yes; 0=no),SG.HME.TRVL.EQ,1
"Congo, Rep.",COG,2012,A woman can travel outside her home in the same way as a man (1=yes; 0=no),SG.HME.TRVL.EQ,1
"Congo, Rep.",COG,2011,A woman can travel outside her home in the same way as a man (1=yes; 0=no),SG.HME.TRVL.EQ,1
"Congo, Rep.",COG,2010,A woman can travel outside her home in the same way as a man (1=yes; 0=no),SG.HME.TRVL.EQ,1
"Congo, Rep.",COG,2009,A woman can travel outside her home in the same way as a man (1=yes; 0=no),SG.HME.TRVL.EQ,1
"Congo, Rep.",COG,2008,A woman can travel outside her home in the same way as a man (1=yes; 0=no),SG.HME.TRVL.EQ,1
"Congo, Rep.",COG,2007,A woman can travel outside her home in the same way as a man (1=yes; 0=no),SG.HME.TRVL.EQ,1
"Congo, Rep.",COG,2006,A woman can travel outside her home in the same way as a man (1=yes; 0=no),SG.HME.TRVL.EQ,1
"Congo, Rep.",COG,2005,A woman can travel outside her home in the same way as a man (1=yes; 0=no),SG.HME.TRVL.EQ,1
"Congo, Rep.",COG,2004,A woman can travel outside her home in the same way as a man (1=yes; 0=no),SG.HME.TRVL.EQ,1
"Congo, Rep.",COG,2003,A woman can travel outside her home in the same way as a man (1=yes; 0=no),SG.HME.TRVL.EQ,1
"Congo, Rep.",COG,2002,A woman can travel outside her home in the same way as a man (1=yes; 0=no),SG.HME.TRVL.EQ,1
"Congo, Rep.",COG,2001,A woman can travel outside her home in the same way as a man (1=yes; 0=no),SG.HME.TRVL.EQ,1
"Congo, Rep.",COG,2000,A woman can travel outside her home in the same way as a man (1=yes; 0=no),SG.HME.TRVL.EQ,1
"Congo, Rep.",COG,1999,A woman can travel outside her home in the same way as a man (1=yes; 0=no),SG.HME.TRVL.EQ,1
"Congo, Rep.",COG,1998,A woman can travel outside her home in the same way as a man (1=yes; 0=no),SG.HME.TRVL.EQ,1
"Congo, Rep.",COG,1997,A woman can travel outside her home in the same way as a man (1=yes; 0=no),SG.HME.TRVL.EQ,1
"Congo, Rep.",COG,1996,A woman can travel outside her home in the same way as a man (1=yes; 0=no),SG.HME.TRVL.EQ,1
"Congo, Rep.",COG,1995,A woman can travel outside her home in the same way as a man (1=yes; 0=no),SG.HME.TRVL.EQ,1
"Congo, Rep.",COG,1994,A woman can travel outside her home in the same way as a man (1=yes; 0=no),SG.HME.TRVL.EQ,1
"Congo, Rep.",COG,1993,A woman can travel outside her home in the same way as a man (1=yes; 0=no),SG.HME.TRVL.EQ,1
"Congo, Rep.",COG,1992,A woman can travel outside her home in the same way as a man (1=yes; 0=no),SG.HME.TRVL.EQ,1
"Congo, Rep.",COG,1991,A woman can travel outside her home in the same way as a man (1=yes; 0=no),SG.HME.TRVL.EQ,1
"Congo, Rep.",COG,1990,A woman can travel outside her home in the same way as a man (1=yes; 0=no),SG.HME.TRVL.EQ,1
"Congo, Rep.",COG,1989,A woman can travel outside her home in the same way as a man (1=yes; 0=no),SG.HME.TRVL.EQ,1
"Congo, Rep.",COG,1988,A woman can travel outside her home in the same way as a man (1=yes; 0=no),SG.HME.TRVL.EQ,1
"Congo, Rep.",COG,1987,A woman can travel outside her home in the same way as a man (1=yes; 0=no),SG.HME.TRVL.EQ,1
"Congo, Rep.",COG,1986,A woman can travel outside her home in the same way as a man (1=yes; 0=no),SG.HME.TRVL.EQ,1
"Congo, Rep.",COG,1985,A woman can travel outside her home in the same way as a man (1=yes; 0=no),SG.HME.TRVL.EQ,1
"Congo, Rep.",COG,1984,A woman can travel outside her home in the same way as a man (1=yes; 0=no),SG.HME.TRVL.EQ,1
"Congo, Rep.",COG,1983,A woman can travel outside her home in the same way as a man (1=yes; 0=no),SG.HME.TRVL.EQ,1
"Congo, Rep.",COG,1982,A woman can travel outside her home in the same way as a man (1=yes; 0=no),SG.HME.TRVL.EQ,1
"Congo, Rep.",COG,1981,A woman can travel outside her home in the same way as a man (1=yes; 0=no),SG.HME.TRVL.EQ,1
"Congo, Rep.",COG,1980,A woman can travel outside her home in the same way as a man (1=yes; 0=no),SG.HME.TRVL.EQ,1
"Congo, Rep.",COG,1979,A woman can travel outside her home in the same way as a man (1=yes; 0=no),SG.HME.TRVL.EQ,1
"Congo, Rep.",COG,1978,A woman can travel outside her home in the same way as a man (1=yes; 0=no),SG.HME.TRVL.EQ,1
"Congo, Rep.",COG,1977,A woman can travel outside her home in the same way as a man (1=yes; 0=no),SG.HME.TRVL.EQ,1
"Congo, Rep.",COG,1976,A woman can travel outside her home in the same way as a man (1=yes; 0=no),SG.HME.TRVL.EQ,1
"Congo, Rep.",COG,1975,A woman can travel outside her home in the same way as a man (1=yes; 0=no),SG.HME.TRVL.EQ,1
"Congo, Rep.",COG,1974,A woman can travel outside her home in the same way as a man (1=yes; 0=no),SG.HME.TRVL.EQ,1
"Congo, Rep.",COG,1973,A woman can travel outside her home in the same way as a man (1=yes; 0=no),SG.HME.TRVL.EQ,1
"Congo, Rep.",COG,1972,A woman can travel outside her home in the same way as a man (1=yes; 0=no),SG.HME.TRVL.EQ,1
"Congo, Rep.",COG,1971,A woman can travel outside her home in the same way as a man (1=yes; 0=no),SG.HME.TRVL.EQ,1
"Congo, Rep.",COG,1970,A woman can travel outside her home in the same way as a man (1=yes; 0=no),SG.HME.TRVL.EQ,1
"Congo, Rep.",COG,2023,Male and female surviving spouses have equal rights to inherit assets (1=yes; 0=no),SG.IHT.ASST.EQ,1
"Congo, Rep.",COG,2022,Male and female surviving spouses have equal rights to inherit assets (1=yes; 0=no),SG.IHT.ASST.EQ,1
"Congo, Rep.",COG,2021,Male and female surviving spouses have equal rights to inherit assets (1=yes; 0=no),SG.IHT.ASST.EQ,1
"Congo, Rep.",COG,2020,Male and female surviving spouses have equal rights to inherit assets (1=yes; 0=no),SG.IHT.ASST.EQ,1
"Congo, Rep.",COG,2019,Male and female surviving spouses have equal rights to inherit assets (1=yes; 0=no),SG.IHT.ASST.EQ,1
"Congo, Rep.",COG,2018,Male and female surviving spouses have equal rights to inherit assets (1=yes; 0=no),SG.IHT.ASST.EQ,1
"Congo, Rep.",COG,2017,Male and female surviving spouses have equal rights to inherit assets (1=yes; 0=no),SG.IHT.ASST.EQ,1
"Congo, Rep.",COG,2016,Male and female surviving spouses have equal rights to inherit assets (1=yes; 0=no),SG.IHT.ASST.EQ,1
"Congo, Rep.",COG,2015,Male and female surviving spouses have equal rights to inherit assets (1=yes; 0=no),SG.IHT.ASST.EQ,1
"Congo, Rep.",COG,2014,Male and female surviving spouses have equal rights to inherit assets (1=yes; 0=no),SG.IHT.ASST.EQ,1
"Congo, Rep.",COG,2013,Male and female surviving spouses have equal rights to inherit assets (1=yes; 0=no),SG.IHT.ASST.EQ,1
"Congo, Rep.",COG,2012,Male and female surviving spouses have equal rights to inherit assets (1=yes; 0=no),SG.IHT.ASST.EQ,1
"Congo, Rep.",COG,2011,Male and female surviving spouses have equal rights to inherit assets (1=yes; 0=no),SG.IHT.ASST.EQ,1
"Congo, Rep.",COG,2010,Male and female surviving spouses have equal rights to inherit assets (1=yes; 0=no),SG.IHT.ASST.EQ,1
"Congo, Rep.",COG,2009,Male and female surviving spouses have equal rights to inherit assets (1=yes; 0=no),SG.IHT.ASST.EQ,1
"Congo, Rep.",COG,2008,Male and female surviving spouses have equal rights to inherit assets (1=yes; 0=no),SG.IHT.ASST.EQ,1
"Congo, Rep.",COG,2007,Male and female surviving spouses have equal rights to inherit assets (1=yes; 0=no),SG.IHT.ASST.EQ,1
"Congo, Rep.",COG,2006,Male and female surviving spouses have equal rights to inherit assets (1=yes; 0=no),SG.IHT.ASST.EQ,1
"Congo, Rep.",COG,2005,Male and female surviving spouses have equal rights to inherit assets (1=yes; 0=no),SG.IHT.ASST.EQ,1
"Congo, Rep.",COG,2004,Male and female surviving spouses have equal rights to inherit assets (1=yes; 0=no),SG.IHT.ASST.EQ,1
"Congo, Rep.",COG,2003,Male and female surviving spouses have equal rights to inherit assets (1=yes; 0=no),SG.IHT.ASST.EQ,1
"Congo, Rep.",COG,2002,Male and female surviving spouses have equal rights to inherit assets (1=yes; 0=no),SG.IHT.ASST.EQ,1
"Congo, Rep.",COG,2001,Male and female surviving spouses have equal rights to inherit assets (1=yes; 0=no),SG.IHT.ASST.EQ,1
"Congo, Rep.",COG,2000,Male and female surviving spouses have equal rights to inherit assets (1=yes; 0=no),SG.IHT.ASST.EQ,1
"Congo, Rep.",COG,1999,Male and female surviving spouses have equal rights to inherit assets (1=yes; 0=no),SG.IHT.ASST.EQ,1
"Congo, Rep.",COG,1998,Male and female surviving spouses have equal rights to inherit assets (1=yes; 0=no),SG.IHT.ASST.EQ,1
"Congo, Rep.",COG,1997,Male and female surviving spouses have equal rights to inherit assets (1=yes; 0=no),SG.IHT.ASST.EQ,1
"Congo, Rep.",COG,1996,Male and female surviving spouses have equal rights to inherit assets (1=yes; 0=no),SG.IHT.ASST.EQ,1
"Congo, Rep.",COG,1995,Male and female surviving spouses have equal rights to inherit assets (1=yes; 0=no),SG.IHT.ASST.EQ,1
"Congo, Rep.",COG,1994,Male and female surviving spouses have equal rights to inherit assets (1=yes; 0=no),SG.IHT.ASST.EQ,1
"Congo, Rep.",COG,1993,Male and female surviving spouses have equal rights to inherit assets (1=yes; 0=no),SG.IHT.ASST.EQ,1
"Congo, Rep.",COG,1992,Male and female surviving spouses have equal rights to inherit assets (1=yes; 0=no),SG.IHT.ASST.EQ,1
"Congo, Rep.",COG,1991,Male and female surviving spouses have equal rights to inherit assets (1=yes; 0=no),SG.IHT.ASST.EQ,1
"Congo, Rep.",COG,1990,Male and female surviving spouses have equal rights to inherit assets (1=yes; 0=no),SG.IHT.ASST.EQ,1
"Congo, Rep.",COG,1989,Male and female surviving spouses have equal rights to inherit assets (1=yes; 0=no),SG.IHT.ASST.EQ,1
"Congo, Rep.",COG,1988,Male and female surviving spouses have equal rights to inherit assets (1=yes; 0=no),SG.IHT.ASST.EQ,1
"Congo, Rep.",COG,1987,Male and female surviving spouses have equal rights to inherit assets (1=yes; 0=no),SG.IHT.ASST.EQ,1
"Congo, Rep.",COG,1986,Male and female surviving spouses have equal rights to inherit assets (1=yes; 0=no),SG.IHT.ASST.EQ,1
"Congo, Rep.",COG,1985,Male and female surviving spouses have equal rights to inherit assets (1=yes; 0=no),SG.IHT.ASST.EQ,1
"Congo, Rep.",COG,1984,Male and female surviving spouses have equal rights to inherit assets (1=yes; 0=no),SG.IHT.ASST.EQ,1
"Congo, Rep.",COG,1983,Male and female surviving spouses have equal rights to inherit assets (1=yes; 0=no),SG.IHT.ASST.EQ,1
"Congo, Rep.",COG,1982,Male and female surviving spouses have equal rights to inherit assets (1=yes; 0=no),SG.IHT.ASST.EQ,1
"Congo, Rep.",COG,1981,Male and female surviving spouses have equal rights to inherit assets (1=yes; 0=no),SG.IHT.ASST.EQ,1
"Congo, Rep.",COG,1980,Male and female surviving spouses have equal rights to inherit assets (1=yes; 0=no),SG.IHT.ASST.EQ,1
"Congo, Rep.",COG,1979,Male and female surviving spouses have equal rights to inherit assets (1=yes; 0=no),SG.IHT.ASST.EQ,1
"Congo, Rep.",COG,1978,Male and female surviving spouses have equal rights to inherit assets (1=yes; 0=no),SG.IHT.ASST.EQ,1
"Congo, Rep.",COG,1977,Male and female surviving spouses have equal rights to inherit assets (1=yes; 0=no),SG.IHT.ASST.EQ,1
"Congo, Rep.",COG,1976,Male and female surviving spouses have equal rights to inherit assets (1=yes; 0=no),SG.IHT.ASST.EQ,1
"Congo, Rep.",COG,1975,Male and female surviving spouses have equal rights to inherit assets (1=yes; 0=no),SG.IHT.ASST.EQ,1
"Congo, Rep.",COG,1974,Male and female surviving spouses have equal rights to inherit assets (1=yes; 0=no),SG.IHT.ASST.EQ,1
"Congo, Rep.",COG,1973,Male and female surviving spouses have equal rights to inherit assets (1=yes; 0=no),SG.IHT.ASST.EQ,1
"Congo, Rep.",COG,1972,Male and female surviving spouses have equal rights to inherit assets (1=yes; 0=no),SG.IHT.ASST.EQ,1
"Congo, Rep.",COG,1971,Male and female surviving spouses have equal rights to inherit assets (1=yes; 0=no),SG.IHT.ASST.EQ,1
"Congo, Rep.",COG,1970,Male and female surviving spouses have equal rights to inherit assets (1=yes; 0=no),SG.IHT.ASST.EQ,1
"Congo, Rep.",COG,2023,Sons and daughters have equal rights to inherit assets from their parents (1=yes; 0=no),SG.IHT.ASST.PT.EQ,1
"Congo, Rep.",COG,2022,Sons and daughters have equal rights to inherit assets from their parents (1=yes; 0=no),SG.IHT.ASST.PT.EQ,1
"Congo, Rep.",COG,2021,Sons and daughters have equal rights to inherit assets from their parents (1=yes; 0=no),SG.IHT.ASST.PT.EQ,1
"Congo, Rep.",COG,2020,Sons and daughters have equal rights to inherit assets from their parents (1=yes; 0=no),SG.IHT.ASST.PT.EQ,1
"Congo, Rep.",COG,2019,Sons and daughters have equal rights to inherit assets from their parents (1=yes; 0=no),SG.IHT.ASST.PT.EQ,1
"Congo, Rep.",COG,2018,Sons and daughters have equal rights to inherit assets from their parents (1=yes; 0=no),SG.IHT.ASST.PT.EQ,1
"Congo, Rep.",COG,2017,Sons and daughters have equal rights to inherit assets from their parents (1=yes; 0=no),SG.IHT.ASST.PT.EQ,1
"Congo, Rep.",COG,2016,Sons and daughters have equal rights to inherit assets from their parents (1=yes; 0=no),SG.IHT.ASST.PT.EQ,1
"Congo, Rep.",COG,2015,Sons and daughters have equal rights to inherit assets from their parents (1=yes; 0=no),SG.IHT.ASST.PT.EQ,1
"Congo, Rep.",COG,2014,Sons and daughters have equal rights to inherit assets from their parents (1=yes; 0=no),SG.IHT.ASST.PT.EQ,1
"Congo, Rep.",COG,2013,Sons and daughters have equal rights to inherit assets from their parents (1=yes; 0=no),SG.IHT.ASST.PT.EQ,1
"Congo, Rep.",COG,2012,Sons and daughters have equal rights to inherit assets from their parents (1=yes; 0=no),SG.IHT.ASST.PT.EQ,1
"Congo, Rep.",COG,2011,Sons and daughters have equal rights to inherit assets from their parents (1=yes; 0=no),SG.IHT.ASST.PT.EQ,1
"Congo, Rep.",COG,2010,Sons and daughters have equal rights to inherit assets from their parents (1=yes; 0=no),SG.IHT.ASST.PT.EQ,1
"Congo, Rep.",COG,2009,Sons and daughters have equal rights to inherit assets from their parents (1=yes; 0=no),SG.IHT.ASST.PT.EQ,1
"Congo, Rep.",COG,2008,Sons and daughters have equal rights to inherit assets from their parents (1=yes; 0=no),SG.IHT.ASST.PT.EQ,1
"Congo, Rep.",COG,2007,Sons and daughters have equal rights to inherit assets from their parents (1=yes; 0=no),SG.IHT.ASST.PT.EQ,1
"Congo, Rep.",COG,2006,Sons and daughters have equal rights to inherit assets from their parents (1=yes; 0=no),SG.IHT.ASST.PT.EQ,1
"Congo, Rep.",COG,2005,Sons and daughters have equal rights to inherit assets from their parents (1=yes; 0=no),SG.IHT.ASST.PT.EQ,1
"Congo, Rep.",COG,2004,Sons and daughters have equal rights to inherit assets from their parents (1=yes; 0=no),SG.IHT.ASST.PT.EQ,1
"Congo, Rep.",COG,2003,Sons and daughters have equal rights to inherit assets from their parents (1=yes; 0=no),SG.IHT.ASST.PT.EQ,1
"Congo, Rep.",COG,2002,Sons and daughters have equal rights to inherit assets from their parents (1=yes; 0=no),SG.IHT.ASST.PT.EQ,1
"Congo, Rep.",COG,2001,Sons and daughters have equal rights to inherit assets from their parents (1=yes; 0=no),SG.IHT.ASST.PT.EQ,1
"Congo, Rep.",COG,2000,Sons and daughters have equal rights to inherit assets from their parents (1=yes; 0=no),SG.IHT.ASST.PT.EQ,1
"Congo, Rep.",COG,1999,Sons and daughters have equal rights to inherit assets from their parents (1=yes; 0=no),SG.IHT.ASST.PT.EQ,1
"Congo, Rep.",COG,1998,Sons and daughters have equal rights to inherit assets from their parents (1=yes; 0=no),SG.IHT.ASST.PT.EQ,1
"Congo, Rep.",COG,1997,Sons and daughters have equal rights to inherit assets from their parents (1=yes; 0=no),SG.IHT.ASST.PT.EQ,1
"Congo, Rep.",COG,1996,Sons and daughters have equal rights to inherit assets from their parents (1=yes; 0=no),SG.IHT.ASST.PT.EQ,1
"Congo, Rep.",COG,1995,Sons and daughters have equal rights to inherit assets from their parents (1=yes; 0=no),SG.IHT.ASST.PT.EQ,1
"Congo, Rep.",COG,1994,Sons and daughters have equal rights to inherit assets from their parents (1=yes; 0=no),SG.IHT.ASST.PT.EQ,1
"Congo, Rep.",COG,1993,Sons and daughters have equal rights to inherit assets from their parents (1=yes; 0=no),SG.IHT.ASST.PT.EQ,1
"Congo, Rep.",COG,1992,Sons and daughters have equal rights to inherit assets from their parents (1=yes; 0=no),SG.IHT.ASST.PT.EQ,1
"Congo, Rep.",COG,1991,Sons and daughters have equal rights to inherit assets from their parents (1=yes; 0=no),SG.IHT.ASST.PT.EQ,1
"Congo, Rep.",COG,1990,Sons and daughters have equal rights to inherit assets from their parents (1=yes; 0=no),SG.IHT.ASST.PT.EQ,1
"Congo, Rep.",COG,1989,Sons and daughters have equal rights to inherit assets from their parents (1=yes; 0=no),SG.IHT.ASST.PT.EQ,1
"Congo, Rep.",COG,1988,Sons and daughters have equal rights to inherit assets from their parents (1=yes; 0=no),SG.IHT.ASST.PT.EQ,1
"Congo, Rep.",COG,1987,Sons and daughters have equal rights to inherit assets from their parents (1=yes; 0=no),SG.IHT.ASST.PT.EQ,1
"Congo, Rep.",COG,1986,Sons and daughters have equal rights to inherit assets from their parents (1=yes; 0=no),SG.IHT.ASST.PT.EQ,1
"Congo, Rep.",COG,1985,Sons and daughters have equal rights to inherit assets from their parents (1=yes; 0=no),SG.IHT.ASST.PT.EQ,1
"Congo, Rep.",COG,1984,Sons and daughters have equal rights to inherit assets from their parents (1=yes; 0=no),SG.IHT.ASST.PT.EQ,1
"Congo, Rep.",COG,1983,Sons and daughters have equal rights to inherit assets from their parents (1=yes; 0=no),SG.IHT.ASST.PT.EQ,1
"Congo, Rep.",COG,1982,Sons and daughters have equal rights to inherit assets from their parents (1=yes; 0=no),SG.IHT.ASST.PT.EQ,1
"Congo, Rep.",COG,1981,Sons and daughters have equal rights to inherit assets from their parents (1=yes; 0=no),SG.IHT.ASST.PT.EQ,1
"Congo, Rep.",COG,1980,Sons and daughters have equal rights to inherit assets from their parents (1=yes; 0=no),SG.IHT.ASST.PT.EQ,1
"Congo, Rep.",COG,1979,Sons and daughters have equal rights to inherit assets from their parents (1=yes; 0=no),SG.IHT.ASST.PT.EQ,1
"Congo, Rep.",COG,1978,Sons and daughters have equal rights to inherit assets from their parents (1=yes; 0=no),SG.IHT.ASST.PT.EQ,1
"Congo, Rep.",COG,1977,Sons and daughters have equal rights to inherit assets from their parents (1=yes; 0=no),SG.IHT.ASST.PT.EQ,1
"Congo, Rep.",COG,1976,Sons and daughters have equal rights to inherit assets from their parents (1=yes; 0=no),SG.IHT.ASST.PT.EQ,1
"Congo, Rep.",COG,1975,Sons and daughters have equal rights to inherit assets from their parents (1=yes; 0=no),SG.IHT.ASST.PT.EQ,1
"Congo, Rep.",COG,1974,Sons and daughters have equal rights to inherit assets from their parents (1=yes; 0=no),SG.IHT.ASST.PT.EQ,1
"Congo, Rep.",COG,1973,Sons and daughters have equal rights to inherit assets from their parents (1=yes; 0=no),SG.IHT.ASST.PT.EQ,1
"Congo, Rep.",COG,1972,Sons and daughters have equal rights to inherit assets from their parents (1=yes; 0=no),SG.IHT.ASST.PT.EQ,1
"Congo, Rep.",COG,1971,Sons and daughters have equal rights to inherit assets from their parents (1=yes; 0=no),SG.IHT.ASST.PT.EQ,1
"Congo, Rep.",COG,1970,Sons and daughters have equal rights to inherit assets from their parents (1=yes; 0=no),SG.IHT.ASST.PT.EQ,1
"Congo, Rep.",COG,2023,A woman can work in an industrial job in the same way as a man (1=yes; 0=no),SG.IND.WORK.EQ,0
"Congo, Rep.",COG,2022,A woman can work in an industrial job in the same way as a man (1=yes; 0=no),SG.IND.WORK.EQ,0
"Congo, Rep.",COG,2021,A woman can work in an industrial job in the same way as a man (1=yes; 0=no),SG.IND.WORK.EQ,0
"Congo, Rep.",COG,2020,A woman can work in an industrial job in the same way as a man (1=yes; 0=no),SG.IND.WORK.EQ,0
"Congo, Rep.",COG,2019,A woman can work in an industrial job in the same way as a man (1=yes; 0=no),SG.IND.WORK.EQ,0
"Congo, Rep.",COG,2018,A woman can work in an industrial job in the same way as a man (1=yes; 0=no),SG.IND.WORK.EQ,0
"Congo, Rep.",COG,2017,A woman can work in an industrial job in the same way as a man (1=yes; 0=no),SG.IND.WORK.EQ,0
"Congo, Rep.",COG,2016,A woman can work in an industrial job in the same way as a man (1=yes; 0=no),SG.IND.WORK.EQ,0
"Congo, Rep.",COG,2015,A woman can work in an industrial job in the same way as a man (1=yes; 0=no),SG.IND.WORK.EQ,0
"Congo, Rep.",COG,2014,A woman can work in an industrial job in the same way as a man (1=yes; 0=no),SG.IND.WORK.EQ,0
"Congo, Rep.",COG,2013,A woman can work in an industrial job in the same way as a man (1=yes; 0=no),SG.IND.WORK.EQ,0
"Congo, Rep.",COG,2012,A woman can work in an industrial job in the same way as a man (1=yes; 0=no),SG.IND.WORK.EQ,0
"Congo, Rep.",COG,2011,A woman can work in an industrial job in the same way as a man (1=yes; 0=no),SG.IND.WORK.EQ,0
"Congo, Rep.",COG,2010,A woman can work in an industrial job in the same way as a man (1=yes; 0=no),SG.IND.WORK.EQ,0
"Congo, Rep.",COG,2009,A woman can work in an industrial job in the same way as a man (1=yes; 0=no),SG.IND.WORK.EQ,0
"Congo, Rep.",COG,2008,A woman can work in an industrial job in the same way as a man (1=yes; 0=no),SG.IND.WORK.EQ,0
"Congo, Rep.",COG,2007,A woman can work in an industrial job in the same way as a man (1=yes; 0=no),SG.IND.WORK.EQ,0
"Congo, Rep.",COG,2006,A woman can work in an industrial job in the same way as a man (1=yes; 0=no),SG.IND.WORK.EQ,0
"Congo, Rep.",COG,2005,A woman can work in an industrial job in the same way as a man (1=yes; 0=no),SG.IND.WORK.EQ,0
"Congo, Rep.",COG,2004,A woman can work in an industrial job in the same way as a man (1=yes; 0=no),SG.IND.WORK.EQ,0
"Congo, Rep.",COG,2003,A woman can work in an industrial job in the same way as a man (1=yes; 0=no),SG.IND.WORK.EQ,0
"Congo, Rep.",COG,2002,A woman can work in an industrial job in the same way as a man (1=yes; 0=no),SG.IND.WORK.EQ,0
"Congo, Rep.",COG,2001,A woman can work in an industrial job in the same way as a man (1=yes; 0=no),SG.IND.WORK.EQ,0
"Congo, Rep.",COG,2000,A woman can work in an industrial job in the same way as a man (1=yes; 0=no),SG.IND.WORK.EQ,0
"Congo, Rep.",COG,1999,A woman can work in an industrial job in the same way as a man (1=yes; 0=no),SG.IND.WORK.EQ,0
"Congo, Rep.",COG,1998,A woman can work in an industrial job in the same way as a man (1=yes; 0=no),SG.IND.WORK.EQ,0
"Congo, Rep.",COG,1997,A woman can work in an industrial job in the same way as a man (1=yes; 0=no),SG.IND.WORK.EQ,0
"Congo, Rep.",COG,1996,A woman can work in an industrial job in the same way as a man (1=yes; 0=no),SG.IND.WORK.EQ,0
"Congo, Rep.",COG,1995,A woman can work in an industrial job in the same way as a man (1=yes; 0=no),SG.IND.WORK.EQ,0
"Congo, Rep.",COG,1994,A woman can work in an industrial job in the same way as a man (1=yes; 0=no),SG.IND.WORK.EQ,0
"Congo, Rep.",COG,1993,A woman can work in an industrial job in the same way as a man (1=yes; 0=no),SG.IND.WORK.EQ,0
"Congo, Rep.",COG,1992,A woman can work in an industrial job in the same way as a man (1=yes; 0=no),SG.IND.WORK.EQ,0
"Congo, Rep.",COG,1991,A woman can work in an industrial job in the same way as a man (1=yes; 0=no),SG.IND.WORK.EQ,0
"Congo, Rep.",COG,1990,A woman can work in an industrial job in the same way as a man (1=yes; 0=no),SG.IND.WORK.EQ,0
"Congo, Rep.",COG,1989,A woman can work in an industrial job in the same way as a man (1=yes; 0=no),SG.IND.WORK.EQ,0
"Congo, Rep.",COG,1988,A woman can work in an industrial job in the same way as a man (1=yes; 0=no),SG.IND.WORK.EQ,0
"Congo, Rep.",COG,1987,A woman can work in an industrial job in the same way as a man (1=yes; 0=no),SG.IND.WORK.EQ,0
"Congo, Rep.",COG,1986,A woman can work in an industrial job in the same way as a man (1=yes; 0=no),SG.IND.WORK.EQ,0
"Congo, Rep.",COG,1985,A woman can work in an industrial job in the same way as a man (1=yes; 0=no),SG.IND.WORK.EQ,0
"Congo, Rep.",COG,1984,A woman can work in an industrial job in the same way as a man (1=yes; 0=no),SG.IND.WORK.EQ,0
"Congo, Rep.",COG,1983,A woman can work in an industrial job in the same way as a man (1=yes; 0=no),SG.IND.WORK.EQ,0
"Congo, Rep.",COG,1982,A woman can work in an industrial job in the same way as a man (1=yes; 0=no),SG.IND.WORK.EQ,0
"Congo, Rep.",COG,1981,A woman can work in an industrial job in the same way as a man (1=yes; 0=no),SG.IND.WORK.EQ,0
"Congo, Rep.",COG,1980,A woman can work in an industrial job in the same way as a man (1=yes; 0=no),SG.IND.WORK.EQ,0
"Congo, Rep.",COG,1979,A woman can work in an industrial job in the same way as a man (1=yes; 0=no),SG.IND.WORK.EQ,0
"Congo, Rep.",COG,1978,A woman can work in an industrial job in the same way as a man (1=yes; 0=no),SG.IND.WORK.EQ,0
"Congo, Rep.",COG,1977,A woman can work in an industrial job in the same way as a man (1=yes; 0=no),SG.IND.WORK.EQ,0
"Congo, Rep.",COG,1976,A woman can work in an industrial job in the same way as a man (1=yes; 0=no),SG.IND.WORK.EQ,0
"Congo, Rep.",COG,1975,A woman can work in an industrial job in the same way as a man (1=yes; 0=no),SG.IND.WORK.EQ,0
"Congo, Rep.",COG,1974,A woman can work in an industrial job in the same way as a man (1=yes; 0=no),SG.IND.WORK.EQ,0
"Congo, Rep.",COG,1973,A woman can work in an industrial job in the same way as a man (1=yes; 0=no),SG.IND.WORK.EQ,0
"Congo, Rep.",COG,1972,A woman can work in an industrial job in the same way as a man (1=yes; 0=no),SG.IND.WORK.EQ,0
"Congo, Rep.",COG,1971,A woman can work in an industrial job in the same way as a man (1=yes; 0=no),SG.IND.WORK.EQ,0
"Congo, Rep.",COG,1970,A woman can work in an industrial job in the same way as a man (1=yes; 0=no),SG.IND.WORK.EQ,0
"Congo, Rep.",COG,2023,The law grants spouses equal administrative authority over assets during marriage (1=yes; 0=no),SG.LAW.ASST.AR,0
"Congo, Rep.",COG,2022,The law grants spouses equal administrative authority over assets during marriage (1=yes; 0=no),SG.LAW.ASST.AR,0
"Congo, Rep.",COG,2021,The law grants spouses equal administrative authority over assets during marriage (1=yes; 0=no),SG.LAW.ASST.AR,0
"Congo, Rep.",COG,2020,The law grants spouses equal administrative authority over assets during marriage (1=yes; 0=no),SG.LAW.ASST.AR,0
"Congo, Rep.",COG,2019,The law grants spouses equal administrative authority over assets during marriage (1=yes; 0=no),SG.LAW.ASST.AR,0
"Congo, Rep.",COG,2018,The law grants spouses equal administrative authority over assets during marriage (1=yes; 0=no),SG.LAW.ASST.AR,0
"Congo, Rep.",COG,2017,The law grants spouses equal administrative authority over assets during marriage (1=yes; 0=no),SG.LAW.ASST.AR,0
"Congo, Rep.",COG,2016,The law grants spouses equal administrative authority over assets during marriage (1=yes; 0=no),SG.LAW.ASST.AR,0
"Congo, Rep.",COG,2015,The law grants spouses equal administrative authority over assets during marriage (1=yes; 0=no),SG.LAW.ASST.AR,0
"Congo, Rep.",COG,2014,The law grants spouses equal administrative authority over assets during marriage (1=yes; 0=no),SG.LAW.ASST.AR,0
"Congo, Rep.",COG,2013,The law grants spouses equal administrative authority over assets during marriage (1=yes; 0=no),SG.LAW.ASST.AR,0
"Congo, Rep.",COG,2012,The law grants spouses equal administrative authority over assets during marriage (1=yes; 0=no),SG.LAW.ASST.AR,0
"Congo, Rep.",COG,2011,The law grants spouses equal administrative authority over assets during marriage (1=yes; 0=no),SG.LAW.ASST.AR,0
"Congo, Rep.",COG,2010,The law grants spouses equal administrative authority over assets during marriage (1=yes; 0=no),SG.LAW.ASST.AR,0
"Congo, Rep.",COG,2009,The law grants spouses equal administrative authority over assets during marriage (1=yes; 0=no),SG.LAW.ASST.AR,0
"Congo, Rep.",COG,2008,The law grants spouses equal administrative authority over assets during marriage (1=yes; 0=no),SG.LAW.ASST.AR,0
"Congo, Rep.",COG,2007,The law grants spouses equal administrative authority over assets during marriage (1=yes; 0=no),SG.LAW.ASST.AR,0
"Congo, Rep.",COG,2006,The law grants spouses equal administrative authority over assets during marriage (1=yes; 0=no),SG.LAW.ASST.AR,0
"Congo, Rep.",COG,2005,The law grants spouses equal administrative authority over assets during marriage (1=yes; 0=no),SG.LAW.ASST.AR,0
"Congo, Rep.",COG,2004,The law grants spouses equal administrative authority over assets during marriage (1=yes; 0=no),SG.LAW.ASST.AR,0
"Congo, Rep.",COG,2003,The law grants spouses equal administrative authority over assets during marriage (1=yes; 0=no),SG.LAW.ASST.AR,0
"Congo, Rep.",COG,2002,The law grants spouses equal administrative authority over assets during marriage (1=yes; 0=no),SG.LAW.ASST.AR,0
"Congo, Rep.",COG,2001,The law grants spouses equal administrative authority over assets during marriage (1=yes; 0=no),SG.LAW.ASST.AR,0
"Congo, Rep.",COG,2000,The law grants spouses equal administrative authority over assets during marriage (1=yes; 0=no),SG.LAW.ASST.AR,0
"Congo, Rep.",COG,1999,The law grants spouses equal administrative authority over assets during marriage (1=yes; 0=no),SG.LAW.ASST.AR,0
"Congo, Rep.",COG,1998,The law grants spouses equal administrative authority over assets during marriage (1=yes; 0=no),SG.LAW.ASST.AR,0
"Congo, Rep.",COG,1997,The law grants spouses equal administrative authority over assets during marriage (1=yes; 0=no),SG.LAW.ASST.AR,0
"Congo, Rep.",COG,1996,The law grants spouses equal administrative authority over assets during marriage (1=yes; 0=no),SG.LAW.ASST.AR,0
"Congo, Rep.",COG,1995,The law grants spouses equal administrative authority over assets during marriage (1=yes; 0=no),SG.LAW.ASST.AR,0
"Congo, Rep.",COG,1994,The law grants spouses equal administrative authority over assets during marriage (1=yes; 0=no),SG.LAW.ASST.AR,0
"Congo, Rep.",COG,1993,The law grants spouses equal administrative authority over assets during marriage (1=yes; 0=no),SG.LAW.ASST.AR,0
"Congo, Rep.",COG,1992,The law grants spouses equal administrative authority over assets during marriage (1=yes; 0=no),SG.LAW.ASST.AR,0
"Congo, Rep.",COG,1991,The law grants spouses equal administrative authority over assets during marriage (1=yes; 0=no),SG.LAW.ASST.AR,0
"Congo, Rep.",COG,1990,The law grants spouses equal administrative authority over assets during marriage (1=yes; 0=no),SG.LAW.ASST.AR,0
"Congo, Rep.",COG,1989,The law grants spouses equal administrative authority over assets during marriage (1=yes; 0=no),SG.LAW.ASST.AR,0
"Congo, Rep.",COG,1988,The law grants spouses equal administrative authority over assets during marriage (1=yes; 0=no),SG.LAW.ASST.AR,0
"Congo, Rep.",COG,1987,The law grants spouses equal administrative authority over assets during marriage (1=yes; 0=no),SG.LAW.ASST.AR,0
"Congo, Rep.",COG,1986,The law grants spouses equal administrative authority over assets during marriage (1=yes; 0=no),SG.LAW.ASST.AR,0
"Congo, Rep.",COG,1985,The law grants spouses equal administrative authority over assets during marriage (1=yes; 0=no),SG.LAW.ASST.AR,0
"Congo, Rep.",COG,1984,The law grants spouses equal administrative authority over assets during marriage (1=yes; 0=no),SG.LAW.ASST.AR,0
"Congo, Rep.",COG,1983,The law grants spouses equal administrative authority over assets during marriage (1=yes; 0=no),SG.LAW.ASST.AR,0
"Congo, Rep.",COG,1982,The law grants spouses equal administrative authority over assets during marriage (1=yes; 0=no),SG.LAW.ASST.AR,0
"Congo, Rep.",COG,1981,The law grants spouses equal administrative authority over assets during marriage (1=yes; 0=no),SG.LAW.ASST.AR,0
"Congo, Rep.",COG,1980,The law grants spouses equal administrative authority over assets during marriage (1=yes; 0=no),SG.LAW.ASST.AR,0
"Congo, Rep.",COG,1979,The law grants spouses equal administrative authority over assets during marriage (1=yes; 0=no),SG.LAW.ASST.AR,0
"Congo, Rep.",COG,1978,The law grants spouses equal administrative authority over assets during marriage (1=yes; 0=no),SG.LAW.ASST.AR,0
"Congo, Rep.",COG,1977,The law grants spouses equal administrative authority over assets during marriage (1=yes; 0=no),SG.LAW.ASST.AR,0
"Congo, Rep.",COG,1976,The law grants spouses equal administrative authority over assets during marriage (1=yes; 0=no),SG.LAW.ASST.AR,0
"Congo, Rep.",COG,1975,The law grants spouses equal administrative authority over assets during marriage (1=yes; 0=no),SG.LAW.ASST.AR,0
"Congo, Rep.",COG,1974,The law grants spouses equal administrative authority over assets during marriage (1=yes; 0=no),SG.LAW.ASST.AR,0
"Congo, Rep.",COG,1973,The law grants spouses equal administrative authority over assets during marriage (1=yes; 0=no),SG.LAW.ASST.AR,0
"Congo, Rep.",COG,1972,The law grants spouses equal administrative authority over assets during marriage (1=yes; 0=no),SG.LAW.ASST.AR,0
"Congo, Rep.",COG,1971,The law grants spouses equal administrative authority over assets during marriage (1=yes; 0=no),SG.LAW.ASST.AR,0
"Congo, Rep.",COG,1970,The law grants spouses equal administrative authority over assets during marriage (1=yes; 0=no),SG.LAW.ASST.AR,0
"Congo, Rep.",COG,2023,The law prohibits discrimination in access to credit based on gender (1=yes; 0=no),SG.LAW.CRDD.GR,0
"Congo, Rep.",COG,2022,The law prohibits discrimination in access to credit based on gender (1=yes; 0=no),SG.LAW.CRDD.GR,0
"Congo, Rep.",COG,2021,The law prohibits discrimination in access to credit based on gender (1=yes; 0=no),SG.LAW.CRDD.GR,0
"Congo, Rep.",COG,2020,The law prohibits discrimination in access to credit based on gender (1=yes; 0=no),SG.LAW.CRDD.GR,0
"Congo, Rep.",COG,2019,The law prohibits discrimination in access to credit based on gender (1=yes; 0=no),SG.LAW.CRDD.GR,0
"Congo, Rep.",COG,2018,The law prohibits discrimination in access to credit based on gender (1=yes; 0=no),SG.LAW.CRDD.GR,0
"Congo, Rep.",COG,2017,The law prohibits discrimination in access to credit based on gender (1=yes; 0=no),SG.LAW.CRDD.GR,0
"Congo, Rep.",COG,2016,The law prohibits discrimination in access to credit based on gender (1=yes; 0=no),SG.LAW.CRDD.GR,0
"Congo, Rep.",COG,2015,The law prohibits discrimination in access to credit based on gender (1=yes; 0=no),SG.LAW.CRDD.GR,0
"Congo, Rep.",COG,2014,The law prohibits discrimination in access to credit based on gender (1=yes; 0=no),SG.LAW.CRDD.GR,0
"Congo, Rep.",COG,2013,The law prohibits discrimination in access to credit based on gender (1=yes; 0=no),SG.LAW.CRDD.GR,0
"Congo, Rep.",COG,2012,The law prohibits discrimination in access to credit based on gender (1=yes; 0=no),SG.LAW.CRDD.GR,0
"Congo, Rep.",COG,2011,The law prohibits discrimination in access to credit based on gender (1=yes; 0=no),SG.LAW.CRDD.GR,0
"Congo, Rep.",COG,2010,The law prohibits discrimination in access to credit based on gender (1=yes; 0=no),SG.LAW.CRDD.GR,0
"Congo, Rep.",COG,2009,The law prohibits discrimination in access to credit based on gender (1=yes; 0=no),SG.LAW.CRDD.GR,0
"Congo, Rep.",COG,2008,The law prohibits discrimination in access to credit based on gender (1=yes; 0=no),SG.LAW.CRDD.GR,0
"Congo, Rep.",COG,2007,The law prohibits discrimination in access to credit based on gender (1=yes; 0=no),SG.LAW.CRDD.GR,0
"Congo, Rep.",COG,2006,The law prohibits discrimination in access to credit based on gender (1=yes; 0=no),SG.LAW.CRDD.GR,0
"Congo, Rep.",COG,2005,The law prohibits discrimination in access to credit based on gender (1=yes; 0=no),SG.LAW.CRDD.GR,0
"Congo, Rep.",COG,2004,The law prohibits discrimination in access to credit based on gender (1=yes; 0=no),SG.LAW.CRDD.GR,0
"Congo, Rep.",COG,2003,The law prohibits discrimination in access to credit based on gender (1=yes; 0=no),SG.LAW.CRDD.GR,0
"Congo, Rep.",COG,2002,The law prohibits discrimination in access to credit based on gender (1=yes; 0=no),SG.LAW.CRDD.GR,0
"Congo, Rep.",COG,2001,The law prohibits discrimination in access to credit based on gender (1=yes; 0=no),SG.LAW.CRDD.GR,0
"Congo, Rep.",COG,2000,The law prohibits discrimination in access to credit based on gender (1=yes; 0=no),SG.LAW.CRDD.GR,0
"Congo, Rep.",COG,1999,The law prohibits discrimination in access to credit based on gender (1=yes; 0=no),SG.LAW.CRDD.GR,0
"Congo, Rep.",COG,1998,The law prohibits discrimination in access to credit based on gender (1=yes; 0=no),SG.LAW.CRDD.GR,0
"Congo, Rep.",COG,1997,The law prohibits discrimination in access to credit based on gender (1=yes; 0=no),SG.LAW.CRDD.GR,0
"Congo, Rep.",COG,1996,The law prohibits discrimination in access to credit based on gender (1=yes; 0=no),SG.LAW.CRDD.GR,0
"Congo, Rep.",COG,1995,The law prohibits discrimination in access to credit based on gender (1=yes; 0=no),SG.LAW.CRDD.GR,0
"Congo, Rep.",COG,1994,The law prohibits discrimination in access to credit based on gender (1=yes; 0=no),SG.LAW.CRDD.GR,0
"Congo, Rep.",COG,1993,The law prohibits discrimination in access to credit based on gender (1=yes; 0=no),SG.LAW.CRDD.GR,0
"Congo, Rep.",COG,1992,The law prohibits discrimination in access to credit based on gender (1=yes; 0=no),SG.LAW.CRDD.GR,0
"Congo, Rep.",COG,1991,The law prohibits discrimination in access to credit based on gender (1=yes; 0=no),SG.LAW.CRDD.GR,0
"Congo, Rep.",COG,1990,The law prohibits discrimination in access to credit based on gender (1=yes; 0=no),SG.LAW.CRDD.GR,0
"Congo, Rep.",COG,1989,The law prohibits discrimination in access to credit based on gender (1=yes; 0=no),SG.LAW.CRDD.GR,0
"Congo, Rep.",COG,1988,The law prohibits discrimination in access to credit based on gender (1=yes; 0=no),SG.LAW.CRDD.GR,0
"Congo, Rep.",COG,1987,The law prohibits discrimination in access to credit based on gender (1=yes; 0=no),SG.LAW.CRDD.GR,0
"Congo, Rep.",COG,1986,The law prohibits discrimination in access to credit based on gender (1=yes; 0=no),SG.LAW.CRDD.GR,0
"Congo, Rep.",COG,1985,The law prohibits discrimination in access to credit based on gender (1=yes; 0=no),SG.LAW.CRDD.GR,0
"Congo, Rep.",COG,1984,The law prohibits discrimination in access to credit based on gender (1=yes; 0=no),SG.LAW.CRDD.GR,0
"Congo, Rep.",COG,1983,The law prohibits discrimination in access to credit based on gender (1=yes; 0=no),SG.LAW.CRDD.GR,0
"Congo, Rep.",COG,1982,The law prohibits discrimination in access to credit based on gender (1=yes; 0=no),SG.LAW.CRDD.GR,0
"Congo, Rep.",COG,1981,The law prohibits discrimination in access to credit based on gender (1=yes; 0=no),SG.LAW.CRDD.GR,0
"Congo, Rep.",COG,1980,The law prohibits discrimination in access to credit based on gender (1=yes; 0=no),SG.LAW.CRDD.GR,0
"Congo, Rep.",COG,1979,The law prohibits discrimination in access to credit based on gender (1=yes; 0=no),SG.LAW.CRDD.GR,0
"Congo, Rep.",COG,1978,The law prohibits discrimination in access to credit based on gender (1=yes; 0=no),SG.LAW.CRDD.GR,0
"Congo, Rep.",COG,1977,The law prohibits discrimination in access to credit based on gender (1=yes; 0=no),SG.LAW.CRDD.GR,0
"Congo, Rep.",COG,1976,The law prohibits discrimination in access to credit based on gender (1=yes; 0=no),SG.LAW.CRDD.GR,0
"Congo, Rep.",COG,1975,The law prohibits discrimination in access to credit based on gender (1=yes; 0=no),SG.LAW.CRDD.GR,0
"Congo, Rep.",COG,1974,The law prohibits discrimination in access to credit based on gender (1=yes; 0=no),SG.LAW.CRDD.GR,0
"Congo, Rep.",COG,1973,The law prohibits discrimination in access to credit based on gender (1=yes; 0=no),SG.LAW.CRDD.GR,0
"Congo, Rep.",COG,1972,The law prohibits discrimination in access to credit based on gender (1=yes; 0=no),SG.LAW.CRDD.GR,0
"Congo, Rep.",COG,1971,The law prohibits discrimination in access to credit based on gender (1=yes; 0=no),SG.LAW.CRDD.GR,0
"Congo, Rep.",COG,1970,The law prohibits discrimination in access to credit based on gender (1=yes; 0=no),SG.LAW.CRDD.GR,0
"Congo, Rep.",COG,2023,Law mandates equal remuneration for females and males for work of equal value (1=yes; 0=no),SG.LAW.EQRM.WK,0
"Congo, Rep.",COG,2022,Law mandates equal remuneration for females and males for work of equal value (1=yes; 0=no),SG.LAW.EQRM.WK,0
"Congo, Rep.",COG,2021,Law mandates equal remuneration for females and males for work of equal value (1=yes; 0=no),SG.LAW.EQRM.WK,0
"Congo, Rep.",COG,2020,Law mandates equal remuneration for females and males for work of equal value (1=yes; 0=no),SG.LAW.EQRM.WK,0
"Congo, Rep.",COG,2019,Law mandates equal remuneration for females and males for work of equal value (1=yes; 0=no),SG.LAW.EQRM.WK,0
"Congo, Rep.",COG,2018,Law mandates equal remuneration for females and males for work of equal value (1=yes; 0=no),SG.LAW.EQRM.WK,0
"Congo, Rep.",COG,2017,Law mandates equal remuneration for females and males for work of equal value (1=yes; 0=no),SG.LAW.EQRM.WK,0
"Congo, Rep.",COG,2016,Law mandates equal remuneration for females and males for work of equal value (1=yes; 0=no),SG.LAW.EQRM.WK,0
"Congo, Rep.",COG,2015,Law mandates equal remuneration for females and males for work of equal value (1=yes; 0=no),SG.LAW.EQRM.WK,0
"Congo, Rep.",COG,2014,Law mandates equal remuneration for females and males for work of equal value (1=yes; 0=no),SG.LAW.EQRM.WK,0
"Congo, Rep.",COG,2013,Law mandates equal remuneration for females and males for work of equal value (1=yes; 0=no),SG.LAW.EQRM.WK,0
"Congo, Rep.",COG,2012,Law mandates equal remuneration for females and males for work of equal value (1=yes; 0=no),SG.LAW.EQRM.WK,0
"Congo, Rep.",COG,2011,Law mandates equal remuneration for females and males for work of equal value (1=yes; 0=no),SG.LAW.EQRM.WK,0
"Congo, Rep.",COG,2010,Law mandates equal remuneration for females and males for work of equal value (1=yes; 0=no),SG.LAW.EQRM.WK,0
"Congo, Rep.",COG,2009,Law mandates equal remuneration for females and males for work of equal value (1=yes; 0=no),SG.LAW.EQRM.WK,0
"Congo, Rep.",COG,2008,Law mandates equal remuneration for females and males for work of equal value (1=yes; 0=no),SG.LAW.EQRM.WK,0
"Congo, Rep.",COG,2007,Law mandates equal remuneration for females and males for work of equal value (1=yes; 0=no),SG.LAW.EQRM.WK,0
"Congo, Rep.",COG,2006,Law mandates equal remuneration for females and males for work of equal value (1=yes; 0=no),SG.LAW.EQRM.WK,0
"Congo, Rep.",COG,2005,Law mandates equal remuneration for females and males for work of equal value (1=yes; 0=no),SG.LAW.EQRM.WK,0
"Congo, Rep.",COG,2004,Law mandates equal remuneration for females and males for work of equal value (1=yes; 0=no),SG.LAW.EQRM.WK,0
"Congo, Rep.",COG,2003,Law mandates equal remuneration for females and males for work of equal value (1=yes; 0=no),SG.LAW.EQRM.WK,0
"Congo, Rep.",COG,2002,Law mandates equal remuneration for females and males for work of equal value (1=yes; 0=no),SG.LAW.EQRM.WK,0
"Congo, Rep.",COG,2001,Law mandates equal remuneration for females and males for work of equal value (1=yes; 0=no),SG.LAW.EQRM.WK,0
"Congo, Rep.",COG,2000,Law mandates equal remuneration for females and males for work of equal value (1=yes; 0=no),SG.LAW.EQRM.WK,0
"Congo, Rep.",COG,1999,Law mandates equal remuneration for females and males for work of equal value (1=yes; 0=no),SG.LAW.EQRM.WK,0
"Congo, Rep.",COG,1998,Law mandates equal remuneration for females and males for work of equal value (1=yes; 0=no),SG.LAW.EQRM.WK,0
"Congo, Rep.",COG,1997,Law mandates equal remuneration for females and males for work of equal value (1=yes; 0=no),SG.LAW.EQRM.WK,0
"Congo, Rep.",COG,1996,Law mandates equal remuneration for females and males for work of equal value (1=yes; 0=no),SG.LAW.EQRM.WK,0
"Congo, Rep.",COG,1995,Law mandates equal remuneration for females and males for work of equal value (1=yes; 0=no),SG.LAW.EQRM.WK,0
"Congo, Rep.",COG,1994,Law mandates equal remuneration for females and males for work of equal value (1=yes; 0=no),SG.LAW.EQRM.WK,0
"Congo, Rep.",COG,1993,Law mandates equal remuneration for females and males for work of equal value (1=yes; 0=no),SG.LAW.EQRM.WK,0
"Congo, Rep.",COG,1992,Law mandates equal remuneration for females and males for work of equal value (1=yes; 0=no),SG.LAW.EQRM.WK,0
"Congo, Rep.",COG,1991,Law mandates equal remuneration for females and males for work of equal value (1=yes; 0=no),SG.LAW.EQRM.WK,0
"Congo, Rep.",COG,1990,Law mandates equal remuneration for females and males for work of equal value (1=yes; 0=no),SG.LAW.EQRM.WK,0
"Congo, Rep.",COG,1989,Law mandates equal remuneration for females and males for work of equal value (1=yes; 0=no),SG.LAW.EQRM.WK,0
"Congo, Rep.",COG,1988,Law mandates equal remuneration for females and males for work of equal value (1=yes; 0=no),SG.LAW.EQRM.WK,0
"Congo, Rep.",COG,1987,Law mandates equal remuneration for females and males for work of equal value (1=yes; 0=no),SG.LAW.EQRM.WK,0
"Congo, Rep.",COG,1986,Law mandates equal remuneration for females and males for work of equal value (1=yes; 0=no),SG.LAW.EQRM.WK,0
"Congo, Rep.",COG,1985,Law mandates equal remuneration for females and males for work of equal value (1=yes; 0=no),SG.LAW.EQRM.WK,0
"Congo, Rep.",COG,1984,Law mandates equal remuneration for females and males for work of equal value (1=yes; 0=no),SG.LAW.EQRM.WK,0
"Congo, Rep.",COG,1983,Law mandates equal remuneration for females and males for work of equal value (1=yes; 0=no),SG.LAW.EQRM.WK,0
"Congo, Rep.",COG,1982,Law mandates equal remuneration for females and males for work of equal value (1=yes; 0=no),SG.LAW.EQRM.WK,0
"Congo, Rep.",COG,1981,Law mandates equal remuneration for females and males for work of equal value (1=yes; 0=no),SG.LAW.EQRM.WK,0
"Congo, Rep.",COG,1980,Law mandates equal remuneration for females and males for work of equal value (1=yes; 0=no),SG.LAW.EQRM.WK,0
"Congo, Rep.",COG,1979,Law mandates equal remuneration for females and males for work of equal value (1=yes; 0=no),SG.LAW.EQRM.WK,0
"Congo, Rep.",COG,1978,Law mandates equal remuneration for females and males for work of equal value (1=yes; 0=no),SG.LAW.EQRM.WK,0
"Congo, Rep.",COG,1977,Law mandates equal remuneration for females and males for work of equal value (1=yes; 0=no),SG.LAW.EQRM.WK,0
"Congo, Rep.",COG,1976,Law mandates equal remuneration for females and males for work of equal value (1=yes; 0=no),SG.LAW.EQRM.WK,0
"Congo, Rep.",COG,1975,Law mandates equal remuneration for females and males for work of equal value (1=yes; 0=no),SG.LAW.EQRM.WK,0
"Congo, Rep.",COG,1974,Law mandates equal remuneration for females and males for work of equal value (1=yes; 0=no),SG.LAW.EQRM.WK,0
"Congo, Rep.",COG,1973,Law mandates equal remuneration for females and males for work of equal value (1=yes; 0=no),SG.LAW.EQRM.WK,0
"Congo, Rep.",COG,1972,Law mandates equal remuneration for females and males for work of equal value (1=yes; 0=no),SG.LAW.EQRM.WK,0
"Congo, Rep.",COG,1971,Law mandates equal remuneration for females and males for work of equal value (1=yes; 0=no),SG.LAW.EQRM.WK,0
"Congo, Rep.",COG,1970,Law mandates equal remuneration for females and males for work of equal value (1=yes; 0=no),SG.LAW.EQRM.WK,0
"Congo, Rep.",COG,2023,The law provides for the valuation of nonmonetary contributions (1=yes; 0=no),SG.LAW.NMCN,1
"Congo, Rep.",COG,2022,The law provides for the valuation of nonmonetary contributions (1=yes; 0=no),SG.LAW.NMCN,1
"Congo, Rep.",COG,2021,The law provides for the valuation of nonmonetary contributions (1=yes; 0=no),SG.LAW.NMCN,1
"Congo, Rep.",COG,2020,The law provides for the valuation of nonmonetary contributions (1=yes; 0=no),SG.LAW.NMCN,1
"Congo, Rep.",COG,2019,The law provides for the valuation of nonmonetary contributions (1=yes; 0=no),SG.LAW.NMCN,1
"Congo, Rep.",COG,2018,The law provides for the valuation of nonmonetary contributions (1=yes; 0=no),SG.LAW.NMCN,1
"Congo, Rep.",COG,2017,The law provides for the valuation of nonmonetary contributions (1=yes; 0=no),SG.LAW.NMCN,1
"Congo, Rep.",COG,2016,The law provides for the valuation of nonmonetary contributions (1=yes; 0=no),SG.LAW.NMCN,1
"Congo, Rep.",COG,2015,The law provides for the valuation of nonmonetary contributions (1=yes; 0=no),SG.LAW.NMCN,1
"Congo, Rep.",COG,2014,The law provides for the valuation of nonmonetary contributions (1=yes; 0=no),SG.LAW.NMCN,1
"Congo, Rep.",COG,2013,The law provides for the valuation of nonmonetary contributions (1=yes; 0=no),SG.LAW.NMCN,1
"Congo, Rep.",COG,2012,The law provides for the valuation of nonmonetary contributions (1=yes; 0=no),SG.LAW.NMCN,1
"Congo, Rep.",COG,2011,The law provides for the valuation of nonmonetary contributions (1=yes; 0=no),SG.LAW.NMCN,1
"Congo, Rep.",COG,2010,The law provides for the valuation of nonmonetary contributions (1=yes; 0=no),SG.LAW.NMCN,1
"Congo, Rep.",COG,2009,The law provides for the valuation of nonmonetary contributions (1=yes; 0=no),SG.LAW.NMCN,1
"Congo, Rep.",COG,2008,The law provides for the valuation of nonmonetary contributions (1=yes; 0=no),SG.LAW.NMCN,1
"Congo, Rep.",COG,2007,The law provides for the valuation of nonmonetary contributions (1=yes; 0=no),SG.LAW.NMCN,1
"Congo, Rep.",COG,2006,The law provides for the valuation of nonmonetary contributions (1=yes; 0=no),SG.LAW.NMCN,1
"Congo, Rep.",COG,2005,The law provides for the valuation of nonmonetary contributions (1=yes; 0=no),SG.LAW.NMCN,1
"Congo, Rep.",COG,2004,The law provides for the valuation of nonmonetary contributions (1=yes; 0=no),SG.LAW.NMCN,1
"Congo, Rep.",COG,2003,The law provides for the valuation of nonmonetary contributions (1=yes; 0=no),SG.LAW.NMCN,1
"Congo, Rep.",COG,2002,The law provides for the valuation of nonmonetary contributions (1=yes; 0=no),SG.LAW.NMCN,1
"Congo, Rep.",COG,2001,The law provides for the valuation of nonmonetary contributions (1=yes; 0=no),SG.LAW.NMCN,1
"Congo, Rep.",COG,2000,The law provides for the valuation of nonmonetary contributions (1=yes; 0=no),SG.LAW.NMCN,1
"Congo, Rep.",COG,1999,The law provides for the valuation of nonmonetary contributions (1=yes; 0=no),SG.LAW.NMCN,1
"Congo, Rep.",COG,1998,The law provides for the valuation of nonmonetary contributions (1=yes; 0=no),SG.LAW.NMCN,1
"Congo, Rep.",COG,1997,The law provides for the valuation of nonmonetary contributions (1=yes; 0=no),SG.LAW.NMCN,1
"Congo, Rep.",COG,1996,The law provides for the valuation of nonmonetary contributions (1=yes; 0=no),SG.LAW.NMCN,1
"Congo, Rep.",COG,1995,The law provides for the valuation of nonmonetary contributions (1=yes; 0=no),SG.LAW.NMCN,1
"Congo, Rep.",COG,1994,The law provides for the valuation of nonmonetary contributions (1=yes; 0=no),SG.LAW.NMCN,1
"Congo, Rep.",COG,1993,The law provides for the valuation of nonmonetary contributions (1=yes; 0=no),SG.LAW.NMCN,1
"Congo, Rep.",COG,1992,The law provides for the valuation of nonmonetary contributions (1=yes; 0=no),SG.LAW.NMCN,1
"Congo, Rep.",COG,1991,The law provides for the valuation of nonmonetary contributions (1=yes; 0=no),SG.LAW.NMCN,1
"Congo, Rep.",COG,1990,The law provides for the valuation of nonmonetary contributions (1=yes; 0=no),SG.LAW.NMCN,1
"Congo, Rep.",COG,1989,The law provides for the valuation of nonmonetary contributions (1=yes; 0=no),SG.LAW.NMCN,1
"Congo, Rep.",COG,1988,The law provides for the valuation of nonmonetary contributions (1=yes; 0=no),SG.LAW.NMCN,1
"Congo, Rep.",COG,1987,The law provides for the valuation of nonmonetary contributions (1=yes; 0=no),SG.LAW.NMCN,1
"Congo, Rep.",COG,1986,The law provides for the valuation of nonmonetary contributions (1=yes; 0=no),SG.LAW.NMCN,1
"Congo, Rep.",COG,1985,The law provides for the valuation of nonmonetary contributions (1=yes; 0=no),SG.LAW.NMCN,1
"Congo, Rep.",COG,1984,The law provides for the valuation of nonmonetary contributions (1=yes; 0=no),SG.LAW.NMCN,1
"Congo, Rep.",COG,1983,The law provides for the valuation of nonmonetary contributions (1=yes; 0=no),SG.LAW.NMCN,1
"Congo, Rep.",COG,1982,The law provides for the valuation of nonmonetary contributions (1=yes; 0=no),SG.LAW.NMCN,1
"Congo, Rep.",COG,1981,The law provides for the valuation of nonmonetary contributions (1=yes; 0=no),SG.LAW.NMCN,1
"Congo, Rep.",COG,1980,The law provides for the valuation of nonmonetary contributions (1=yes; 0=no),SG.LAW.NMCN,1
"Congo, Rep.",COG,1979,The law provides for the valuation of nonmonetary contributions (1=yes; 0=no),SG.LAW.NMCN,1
"Congo, Rep.",COG,1978,The law provides for the valuation of nonmonetary contributions (1=yes; 0=no),SG.LAW.NMCN,1
"Congo, Rep.",COG,1977,The law provides for the valuation of nonmonetary contributions (1=yes; 0=no),SG.LAW.NMCN,1
"Congo, Rep.",COG,1976,The law provides for the valuation of nonmonetary contributions (1=yes; 0=no),SG.LAW.NMCN,1
"Congo, Rep.",COG,1975,The law provides for the valuation of nonmonetary contributions (1=yes; 0=no),SG.LAW.NMCN,1
"Congo, Rep.",COG,1974,The law provides for the valuation of nonmonetary contributions (1=yes; 0=no),SG.LAW.NMCN,1
"Congo, Rep.",COG,1973,The law provides for the valuation of nonmonetary contributions (1=yes; 0=no),SG.LAW.NMCN,1
"Congo, Rep.",COG,1972,The law provides for the valuation of nonmonetary contributions (1=yes; 0=no),SG.LAW.NMCN,1
"Congo, Rep.",COG,1971,The law provides for the valuation of nonmonetary contributions (1=yes; 0=no),SG.LAW.NMCN,1
"Congo, Rep.",COG,1970,The law provides for the valuation of nonmonetary contributions (1=yes; 0=no),SG.LAW.NMCN,1
"Congo, Rep.",COG,2023,The law prohibits discrimination in employment based on gender (1=yes; 0=no),SG.LAW.NODC.HR,0
"Congo, Rep.",COG,2022,The law prohibits discrimination in employment based on gender (1=yes; 0=no),SG.LAW.NODC.HR,0
"Congo, Rep.",COG,2021,The law prohibits discrimination in employment based on gender (1=yes; 0=no),SG.LAW.NODC.HR,0
"Congo, Rep.",COG,2020,The law prohibits discrimination in employment based on gender (1=yes; 0=no),SG.LAW.NODC.HR,0
"Congo, Rep.",COG,2019,The law prohibits discrimination in employment based on gender (1=yes; 0=no),SG.LAW.NODC.HR,0
"Congo, Rep.",COG,2018,The law prohibits discrimination in employment based on gender (1=yes; 0=no),SG.LAW.NODC.HR,0
"Congo, Rep.",COG,2017,The law prohibits discrimination in employment based on gender (1=yes; 0=no),SG.LAW.NODC.HR,0
"Congo, Rep.",COG,2016,The law prohibits discrimination in employment based on gender (1=yes; 0=no),SG.LAW.NODC.HR,0
"Congo, Rep.",COG,2015,The law prohibits discrimination in employment based on gender (1=yes; 0=no),SG.LAW.NODC.HR,0
"Congo, Rep.",COG,2014,The law prohibits discrimination in employment based on gender (1=yes; 0=no),SG.LAW.NODC.HR,0
"Congo, Rep.",COG,2013,The law prohibits discrimination in employment based on gender (1=yes; 0=no),SG.LAW.NODC.HR,0
"Congo, Rep.",COG,2012,The law prohibits discrimination in employment based on gender (1=yes; 0=no),SG.LAW.NODC.HR,0
"Congo, Rep.",COG,2011,The law prohibits discrimination in employment based on gender (1=yes; 0=no),SG.LAW.NODC.HR,0
"Congo, Rep.",COG,2010,The law prohibits discrimination in employment based on gender (1=yes; 0=no),SG.LAW.NODC.HR,0
"Congo, Rep.",COG,2009,The law prohibits discrimination in employment based on gender (1=yes; 0=no),SG.LAW.NODC.HR,0
"Congo, Rep.",COG,2008,The law prohibits discrimination in employment based on gender (1=yes; 0=no),SG.LAW.NODC.HR,0
"Congo, Rep.",COG,2007,The law prohibits discrimination in employment based on gender (1=yes; 0=no),SG.LAW.NODC.HR,0
"Congo, Rep.",COG,2006,The law prohibits discrimination in employment based on gender (1=yes; 0=no),SG.LAW.NODC.HR,0
"Congo, Rep.",COG,2005,The law prohibits discrimination in employment based on gender (1=yes; 0=no),SG.LAW.NODC.HR,0
"Congo, Rep.",COG,2004,The law prohibits discrimination in employment based on gender (1=yes; 0=no),SG.LAW.NODC.HR,0
"Congo, Rep.",COG,2003,The law prohibits discrimination in employment based on gender (1=yes; 0=no),SG.LAW.NODC.HR,0
"Congo, Rep.",COG,2002,The law prohibits discrimination in employment based on gender (1=yes; 0=no),SG.LAW.NODC.HR,0
"Congo, Rep.",COG,2001,The law prohibits discrimination in employment based on gender (1=yes; 0=no),SG.LAW.NODC.HR,0
"Congo, Rep.",COG,2000,The law prohibits discrimination in employment based on gender (1=yes; 0=no),SG.LAW.NODC.HR,0
"Congo, Rep.",COG,1999,The law prohibits discrimination in employment based on gender (1=yes; 0=no),SG.LAW.NODC.HR,0
"Congo, Rep.",COG,1998,The law prohibits discrimination in employment based on gender (1=yes; 0=no),SG.LAW.NODC.HR,0
"Congo, Rep.",COG,1997,The law prohibits discrimination in employment based on gender (1=yes; 0=no),SG.LAW.NODC.HR,0
"Congo, Rep.",COG,1996,The law prohibits discrimination in employment based on gender (1=yes; 0=no),SG.LAW.NODC.HR,0
"Congo, Rep.",COG,1995,The law prohibits discrimination in employment based on gender (1=yes; 0=no),SG.LAW.NODC.HR,0
"Congo, Rep.",COG,1994,The law prohibits discrimination in employment based on gender (1=yes; 0=no),SG.LAW.NODC.HR,0
"Congo, Rep.",COG,1993,The law prohibits discrimination in employment based on gender (1=yes; 0=no),SG.LAW.NODC.HR,0
"Congo, Rep.",COG,1992,The law prohibits discrimination in employment based on gender (1=yes; 0=no),SG.LAW.NODC.HR,0
"Congo, Rep.",COG,1991,The law prohibits discrimination in employment based on gender (1=yes; 0=no),SG.LAW.NODC.HR,0
"Congo, Rep.",COG,1990,The law prohibits discrimination in employment based on gender (1=yes; 0=no),SG.LAW.NODC.HR,0
"Congo, Rep.",COG,1989,The law prohibits discrimination in employment based on gender (1=yes; 0=no),SG.LAW.NODC.HR,0
"Congo, Rep.",COG,1988,The law prohibits discrimination in employment based on gender (1=yes; 0=no),SG.LAW.NODC.HR,0
"Congo, Rep.",COG,1987,The law prohibits discrimination in employment based on gender (1=yes; 0=no),SG.LAW.NODC.HR,0
"Congo, Rep.",COG,1986,The law prohibits discrimination in employment based on gender (1=yes; 0=no),SG.LAW.NODC.HR,0
"Congo, Rep.",COG,1985,The law prohibits discrimination in employment based on gender (1=yes; 0=no),SG.LAW.NODC.HR,0
"Congo, Rep.",COG,1984,The law prohibits discrimination in employment based on gender (1=yes; 0=no),SG.LAW.NODC.HR,0
"Congo, Rep.",COG,1983,The law prohibits discrimination in employment based on gender (1=yes; 0=no),SG.LAW.NODC.HR,0
"Congo, Rep.",COG,1982,The law prohibits discrimination in employment based on gender (1=yes; 0=no),SG.LAW.NODC.HR,0
"Congo, Rep.",COG,1981,The law prohibits discrimination in employment based on gender (1=yes; 0=no),SG.LAW.NODC.HR,0
"Congo, Rep.",COG,1980,The law prohibits discrimination in employment based on gender (1=yes; 0=no),SG.LAW.NODC.HR,0
"Congo, Rep.",COG,1979,The law prohibits discrimination in employment based on gender (1=yes; 0=no),SG.LAW.NODC.HR,0
"Congo, Rep.",COG,1978,The law prohibits discrimination in employment based on gender (1=yes; 0=no),SG.LAW.NODC.HR,0
"Congo, Rep.",COG,1977,The law prohibits discrimination in employment based on gender (1=yes; 0=no),SG.LAW.NODC.HR,0
"Congo, Rep.",COG,1976,The law prohibits discrimination in employment based on gender (1=yes; 0=no),SG.LAW.NODC.HR,0
"Congo, Rep.",COG,1975,The law prohibits discrimination in employment based on gender (1=yes; 0=no),SG.LAW.NODC.HR,0
"Congo, Rep.",COG,1974,The law prohibits discrimination in employment based on gender (1=yes; 0=no),SG.LAW.NODC.HR,0
"Congo, Rep.",COG,1973,The law prohibits discrimination in employment based on gender (1=yes; 0=no),SG.LAW.NODC.HR,0
"Congo, Rep.",COG,1972,The law prohibits discrimination in employment based on gender (1=yes; 0=no),SG.LAW.NODC.HR,0
"Congo, Rep.",COG,1971,The law prohibits discrimination in employment based on gender (1=yes; 0=no),SG.LAW.NODC.HR,0
"Congo, Rep.",COG,1970,The law prohibits discrimination in employment based on gender (1=yes; 0=no),SG.LAW.NODC.HR,0
"Congo, Rep.",COG,2023,The law is free of legal provisions that require a married woman to obey her husband (1=yes; 0=no),SG.LAW.OBHB.MR.NO,1
"Congo, Rep.",COG,2022,The law is free of legal provisions that require a married woman to obey her husband (1=yes; 0=no),SG.LAW.OBHB.MR.NO,1
"Congo, Rep.",COG,2021,The law is free of legal provisions that require a married woman to obey her husband (1=yes; 0=no),SG.LAW.OBHB.MR.NO,1
"Congo, Rep.",COG,2020,The law is free of legal provisions that require a married woman to obey her husband (1=yes; 0=no),SG.LAW.OBHB.MR.NO,1
"Congo, Rep.",COG,2019,The law is free of legal provisions that require a married woman to obey her husband (1=yes; 0=no),SG.LAW.OBHB.MR.NO,1
"Congo, Rep.",COG,2018,The law is free of legal provisions that require a married woman to obey her husband (1=yes; 0=no),SG.LAW.OBHB.MR.NO,1
"Congo, Rep.",COG,2017,The law is free of legal provisions that require a married woman to obey her husband (1=yes; 0=no),SG.LAW.OBHB.MR.NO,1
"Congo, Rep.",COG,2016,The law is free of legal provisions that require a married woman to obey her husband (1=yes; 0=no),SG.LAW.OBHB.MR.NO,1
"Congo, Rep.",COG,2015,The law is free of legal provisions that require a married woman to obey her husband (1=yes; 0=no),SG.LAW.OBHB.MR.NO,1
"Congo, Rep.",COG,2014,The law is free of legal provisions that require a married woman to obey her husband (1=yes; 0=no),SG.LAW.OBHB.MR.NO,1
"Congo, Rep.",COG,2013,The law is free of legal provisions that require a married woman to obey her husband (1=yes; 0=no),SG.LAW.OBHB.MR.NO,1
"Congo, Rep.",COG,2012,The law is free of legal provisions that require a married woman to obey her husband (1=yes; 0=no),SG.LAW.OBHB.MR.NO,1
"Congo, Rep.",COG,2011,The law is free of legal provisions that require a married woman to obey her husband (1=yes; 0=no),SG.LAW.OBHB.MR.NO,1
"Congo, Rep.",COG,2010,The law is free of legal provisions that require a married woman to obey her husband (1=yes; 0=no),SG.LAW.OBHB.MR.NO,1
"Congo, Rep.",COG,2009,The law is free of legal provisions that require a married woman to obey her husband (1=yes; 0=no),SG.LAW.OBHB.MR.NO,1
"Congo, Rep.",COG,2008,The law is free of legal provisions that require a married woman to obey her husband (1=yes; 0=no),SG.LAW.OBHB.MR.NO,1
"Congo, Rep.",COG,2007,The law is free of legal provisions that require a married woman to obey her husband (1=yes; 0=no),SG.LAW.OBHB.MR.NO,1
"Congo, Rep.",COG,2006,The law is free of legal provisions that require a married woman to obey her husband (1=yes; 0=no),SG.LAW.OBHB.MR.NO,1
"Congo, Rep.",COG,2005,The law is free of legal provisions that require a married woman to obey her husband (1=yes; 0=no),SG.LAW.OBHB.MR.NO,1
"Congo, Rep.",COG,2004,The law is free of legal provisions that require a married woman to obey her husband (1=yes; 0=no),SG.LAW.OBHB.MR.NO,1
"Congo, Rep.",COG,2003,The law is free of legal provisions that require a married woman to obey her husband (1=yes; 0=no),SG.LAW.OBHB.MR.NO,1
"Congo, Rep.",COG,2002,The law is free of legal provisions that require a married woman to obey her husband (1=yes; 0=no),SG.LAW.OBHB.MR.NO,1
"Congo, Rep.",COG,2001,The law is free of legal provisions that require a married woman to obey her husband (1=yes; 0=no),SG.LAW.OBHB.MR.NO,1
"Congo, Rep.",COG,2000,The law is free of legal provisions that require a married woman to obey her husband (1=yes; 0=no),SG.LAW.OBHB.MR.NO,1
"Congo, Rep.",COG,1999,The law is free of legal provisions that require a married woman to obey her husband (1=yes; 0=no),SG.LAW.OBHB.MR.NO,1
"Congo, Rep.",COG,1998,The law is free of legal provisions that require a married woman to obey her husband (1=yes; 0=no),SG.LAW.OBHB.MR.NO,1
"Congo, Rep.",COG,1997,The law is free of legal provisions that require a married woman to obey her husband (1=yes; 0=no),SG.LAW.OBHB.MR.NO,1
"Congo, Rep.",COG,1996,The law is free of legal provisions that require a married woman to obey her husband (1=yes; 0=no),SG.LAW.OBHB.MR.NO,1
"Congo, Rep.",COG,1995,The law is free of legal provisions that require a married woman to obey her husband (1=yes; 0=no),SG.LAW.OBHB.MR.NO,1
"Congo, Rep.",COG,1994,The law is free of legal provisions that require a married woman to obey her husband (1=yes; 0=no),SG.LAW.OBHB.MR.NO,1
"Congo, Rep.",COG,1993,The law is free of legal provisions that require a married woman to obey her husband (1=yes; 0=no),SG.LAW.OBHB.MR.NO,1
"Congo, Rep.",COG,1992,The law is free of legal provisions that require a married woman to obey her husband (1=yes; 0=no),SG.LAW.OBHB.MR.NO,1
"Congo, Rep.",COG,1991,The law is free of legal provisions that require a married woman to obey her husband (1=yes; 0=no),SG.LAW.OBHB.MR.NO,1
"Congo, Rep.",COG,1990,The law is free of legal provisions that require a married woman to obey her husband (1=yes; 0=no),SG.LAW.OBHB.MR.NO,1
"Congo, Rep.",COG,1989,The law is free of legal provisions that require a married woman to obey her husband (1=yes; 0=no),SG.LAW.OBHB.MR.NO,1
"Congo, Rep.",COG,1988,The law is free of legal provisions that require a married woman to obey her husband (1=yes; 0=no),SG.LAW.OBHB.MR.NO,1
"Congo, Rep.",COG,1987,The law is free of legal provisions that require a married woman to obey her husband (1=yes; 0=no),SG.LAW.OBHB.MR.NO,1
"Congo, Rep.",COG,1986,The law is free of legal provisions that require a married woman to obey her husband (1=yes; 0=no),SG.LAW.OBHB.MR.NO,1
"Congo, Rep.",COG,1985,The law is free of legal provisions that require a married woman to obey her husband (1=yes; 0=no),SG.LAW.OBHB.MR.NO,1
"Congo, Rep.",COG,1984,The law is free of legal provisions that require a married woman to obey her husband (1=yes; 0=no),SG.LAW.OBHB.MR.NO,1
"Congo, Rep.",COG,1983,The law is free of legal provisions that require a married woman to obey her husband (1=yes; 0=no),SG.LAW.OBHB.MR.NO,1
"Congo, Rep.",COG,1982,The law is free of legal provisions that require a married woman to obey her husband (1=yes; 0=no),SG.LAW.OBHB.MR.NO,1
"Congo, Rep.",COG,1981,The law is free of legal provisions that require a married woman to obey her husband (1=yes; 0=no),SG.LAW.OBHB.MR.NO,1
"Congo, Rep.",COG,1980,The law is free of legal provisions that require a married woman to obey her husband (1=yes; 0=no),SG.LAW.OBHB.MR.NO,1
"Congo, Rep.",COG,1979,The law is free of legal provisions that require a married woman to obey her husband (1=yes; 0=no),SG.LAW.OBHB.MR.NO,1
"Congo, Rep.",COG,1978,The law is free of legal provisions that require a married woman to obey her husband (1=yes; 0=no),SG.LAW.OBHB.MR.NO,1
"Congo, Rep.",COG,1977,The law is free of legal provisions that require a married woman to obey her husband (1=yes; 0=no),SG.LAW.OBHB.MR.NO,1
"Congo, Rep.",COG,1976,The law is free of legal provisions that require a married woman to obey her husband (1=yes; 0=no),SG.LAW.OBHB.MR.NO,1
"Congo, Rep.",COG,1975,The law is free of legal provisions that require a married woman to obey her husband (1=yes; 0=no),SG.LAW.OBHB.MR.NO,1
"Congo, Rep.",COG,1974,The law is free of legal provisions that require a married woman to obey her husband (1=yes; 0=no),SG.LAW.OBHB.MR.NO,1
"Congo, Rep.",COG,1973,The law is free of legal provisions that require a married woman to obey her husband (1=yes; 0=no),SG.LAW.OBHB.MR.NO,1
"Congo, Rep.",COG,1972,The law is free of legal provisions that require a married woman to obey her husband (1=yes; 0=no),SG.LAW.OBHB.MR.NO,1
"Congo, Rep.",COG,1971,The law is free of legal provisions that require a married woman to obey her husband (1=yes; 0=no),SG.LAW.OBHB.MR.NO,1
"Congo, Rep.",COG,1970,The law is free of legal provisions that require a married woman to obey her husband (1=yes; 0=no),SG.LAW.OBHB.MR.NO,1
"Congo, Rep.",COG,2023,There is legislation specifically addressing domestic violence (1=yes; 0=no),SG.LEG.DVAW,1
"Congo, Rep.",COG,2022,There is legislation specifically addressing domestic violence (1=yes; 0=no),SG.LEG.DVAW,1
"Congo, Rep.",COG,2021,There is legislation specifically addressing domestic violence (1=yes; 0=no),SG.LEG.DVAW,0
"Congo, Rep.",COG,2020,There is legislation specifically addressing domestic violence (1=yes; 0=no),SG.LEG.DVAW,0
"Congo, Rep.",COG,2019,There is legislation specifically addressing domestic violence (1=yes; 0=no),SG.LEG.DVAW,0
"Congo, Rep.",COG,2018,There is legislation specifically addressing domestic violence (1=yes; 0=no),SG.LEG.DVAW,0
"Congo, Rep.",COG,2017,There is legislation specifically addressing domestic violence (1=yes; 0=no),SG.LEG.DVAW,0
"Congo, Rep.",COG,2016,There is legislation specifically addressing domestic violence (1=yes; 0=no),SG.LEG.DVAW,0
"Congo, Rep.",COG,2015,There is legislation specifically addressing domestic violence (1=yes; 0=no),SG.LEG.DVAW,0
"Congo, Rep.",COG,2014,There is legislation specifically addressing domestic violence (1=yes; 0=no),SG.LEG.DVAW,0
"Congo, Rep.",COG,2013,There is legislation specifically addressing domestic violence (1=yes; 0=no),SG.LEG.DVAW,0
"Congo, Rep.",COG,2012,There is legislation specifically addressing domestic violence (1=yes; 0=no),SG.LEG.DVAW,0
"Congo, Rep.",COG,2011,There is legislation specifically addressing domestic violence (1=yes; 0=no),SG.LEG.DVAW,0
"Congo, Rep.",COG,2010,There is legislation specifically addressing domestic violence (1=yes; 0=no),SG.LEG.DVAW,0
"Congo, Rep.",COG,2009,There is legislation specifically addressing domestic violence (1=yes; 0=no),SG.LEG.DVAW,0
"Congo, Rep.",COG,2008,There is legislation specifically addressing domestic violence (1=yes; 0=no),SG.LEG.DVAW,0
"Congo, Rep.",COG,2007,There is legislation specifically addressing domestic violence (1=yes; 0=no),SG.LEG.DVAW,0
"Congo, Rep.",COG,2006,There is legislation specifically addressing domestic violence (1=yes; 0=no),SG.LEG.DVAW,0
"Congo, Rep.",COG,2005,There is legislation specifically addressing domestic violence (1=yes; 0=no),SG.LEG.DVAW,0
"Congo, Rep.",COG,2004,There is legislation specifically addressing domestic violence (1=yes; 0=no),SG.LEG.DVAW,0
"Congo, Rep.",COG,2003,There is legislation specifically addressing domestic violence (1=yes; 0=no),SG.LEG.DVAW,0
"Congo, Rep.",COG,2002,There is legislation specifically addressing domestic violence (1=yes; 0=no),SG.LEG.DVAW,0
"Congo, Rep.",COG,2001,There is legislation specifically addressing domestic violence (1=yes; 0=no),SG.LEG.DVAW,0
"Congo, Rep.",COG,2000,There is legislation specifically addressing domestic violence (1=yes; 0=no),SG.LEG.DVAW,0
"Congo, Rep.",COG,1999,There is legislation specifically addressing domestic violence (1=yes; 0=no),SG.LEG.DVAW,0
"Congo, Rep.",COG,1998,There is legislation specifically addressing domestic violence (1=yes; 0=no),SG.LEG.DVAW,0
"Congo, Rep.",COG,1997,There is legislation specifically addressing domestic violence (1=yes; 0=no),SG.LEG.DVAW,0
"Congo, Rep.",COG,1996,There is legislation specifically addressing domestic violence (1=yes; 0=no),SG.LEG.DVAW,0
"Congo, Rep.",COG,1995,There is legislation specifically addressing domestic violence (1=yes; 0=no),SG.LEG.DVAW,0
"Congo, Rep.",COG,1994,There is legislation specifically addressing domestic violence (1=yes; 0=no),SG.LEG.DVAW,0
"Congo, Rep.",COG,1993,There is legislation specifically addressing domestic violence (1=yes; 0=no),SG.LEG.DVAW,0
"Congo, Rep.",COG,1992,There is legislation specifically addressing domestic violence (1=yes; 0=no),SG.LEG.DVAW,0
"Congo, Rep.",COG,1991,There is legislation specifically addressing domestic violence (1=yes; 0=no),SG.LEG.DVAW,0
"Congo, Rep.",COG,1990,There is legislation specifically addressing domestic violence (1=yes; 0=no),SG.LEG.DVAW,0
"Congo, Rep.",COG,1989,There is legislation specifically addressing domestic violence (1=yes; 0=no),SG.LEG.DVAW,0
"Congo, Rep.",COG,1988,There is legislation specifically addressing domestic violence (1=yes; 0=no),SG.LEG.DVAW,0
"Congo, Rep.",COG,1987,There is legislation specifically addressing domestic violence (1=yes; 0=no),SG.LEG.DVAW,0
"Congo, Rep.",COG,1986,There is legislation specifically addressing domestic violence (1=yes; 0=no),SG.LEG.DVAW,0
"Congo, Rep.",COG,1985,There is legislation specifically addressing domestic violence (1=yes; 0=no),SG.LEG.DVAW,0
"Congo, Rep.",COG,1984,There is legislation specifically addressing domestic violence (1=yes; 0=no),SG.LEG.DVAW,0
"Congo, Rep.",COG,1983,There is legislation specifically addressing domestic violence (1=yes; 0=no),SG.LEG.DVAW,0
"Congo, Rep.",COG,1982,There is legislation specifically addressing domestic violence (1=yes; 0=no),SG.LEG.DVAW,0
"Congo, Rep.",COG,1981,There is legislation specifically addressing domestic violence (1=yes; 0=no),SG.LEG.DVAW,0
"Congo, Rep.",COG,1980,There is legislation specifically addressing domestic violence (1=yes; 0=no),SG.LEG.DVAW,0
"Congo, Rep.",COG,1979,There is legislation specifically addressing domestic violence (1=yes; 0=no),SG.LEG.DVAW,0
"Congo, Rep.",COG,1978,There is legislation specifically addressing domestic violence (1=yes; 0=no),SG.LEG.DVAW,0
"Congo, Rep.",COG,1977,There is legislation specifically addressing domestic violence (1=yes; 0=no),SG.LEG.DVAW,0
"Congo, Rep.",COG,1976,There is legislation specifically addressing domestic violence (1=yes; 0=no),SG.LEG.DVAW,0
"Congo, Rep.",COG,1975,There is legislation specifically addressing domestic violence (1=yes; 0=no),SG.LEG.DVAW,0
"Congo, Rep.",COG,1974,There is legislation specifically addressing domestic violence (1=yes; 0=no),SG.LEG.DVAW,0
"Congo, Rep.",COG,1973,There is legislation specifically addressing domestic violence (1=yes; 0=no),SG.LEG.DVAW,0
"Congo, Rep.",COG,1972,There is legislation specifically addressing domestic violence (1=yes; 0=no),SG.LEG.DVAW,0
"Congo, Rep.",COG,1971,There is legislation specifically addressing domestic violence (1=yes; 0=no),SG.LEG.DVAW,0
"Congo, Rep.",COG,1970,There is legislation specifically addressing domestic violence (1=yes; 0=no),SG.LEG.DVAW,0
"Congo, Rep.",COG,2023,There is legislation on sexual harassment in employment (1=yes; 0=no),SG.LEG.SXHR.EM,1
"Congo, Rep.",COG,2022,There is legislation on sexual harassment in employment (1=yes; 0=no),SG.LEG.SXHR.EM,1
"Congo, Rep.",COG,2021,There is legislation on sexual harassment in employment (1=yes; 0=no),SG.LEG.SXHR.EM,0
"Congo, Rep.",COG,2020,There is legislation on sexual harassment in employment (1=yes; 0=no),SG.LEG.SXHR.EM,0
"Congo, Rep.",COG,2019,There is legislation on sexual harassment in employment (1=yes; 0=no),SG.LEG.SXHR.EM,0
"Congo, Rep.",COG,2018,There is legislation on sexual harassment in employment (1=yes; 0=no),SG.LEG.SXHR.EM,0
"Congo, Rep.",COG,2017,There is legislation on sexual harassment in employment (1=yes; 0=no),SG.LEG.SXHR.EM,0
"Congo, Rep.",COG,2016,There is legislation on sexual harassment in employment (1=yes; 0=no),SG.LEG.SXHR.EM,0
"Congo, Rep.",COG,2015,There is legislation on sexual harassment in employment (1=yes; 0=no),SG.LEG.SXHR.EM,0
"Congo, Rep.",COG,2014,There is legislation on sexual harassment in employment (1=yes; 0=no),SG.LEG.SXHR.EM,0
"Congo, Rep.",COG,2013,There is legislation on sexual harassment in employment (1=yes; 0=no),SG.LEG.SXHR.EM,0
"Congo, Rep.",COG,2012,There is legislation on sexual harassment in employment (1=yes; 0=no),SG.LEG.SXHR.EM,0
"Congo, Rep.",COG,2011,There is legislation on sexual harassment in employment (1=yes; 0=no),SG.LEG.SXHR.EM,0
"Congo, Rep.",COG,2010,There is legislation on sexual harassment in employment (1=yes; 0=no),SG.LEG.SXHR.EM,0
"Congo, Rep.",COG,2009,There is legislation on sexual harassment in employment (1=yes; 0=no),SG.LEG.SXHR.EM,0
"Congo, Rep.",COG,2008,There is legislation on sexual harassment in employment (1=yes; 0=no),SG.LEG.SXHR.EM,0
"Congo, Rep.",COG,2007,There is legislation on sexual harassment in employment (1=yes; 0=no),SG.LEG.SXHR.EM,0
"Congo, Rep.",COG,2006,There is legislation on sexual harassment in employment (1=yes; 0=no),SG.LEG.SXHR.EM,0
"Congo, Rep.",COG,2005,There is legislation on sexual harassment in employment (1=yes; 0=no),SG.LEG.SXHR.EM,0
"Congo, Rep.",COG,2004,There is legislation on sexual harassment in employment (1=yes; 0=no),SG.LEG.SXHR.EM,0
"Congo, Rep.",COG,2003,There is legislation on sexual harassment in employment (1=yes; 0=no),SG.LEG.SXHR.EM,0
"Congo, Rep.",COG,2002,There is legislation on sexual harassment in employment (1=yes; 0=no),SG.LEG.SXHR.EM,0
"Congo, Rep.",COG,2001,There is legislation on sexual harassment in employment (1=yes; 0=no),SG.LEG.SXHR.EM,0
"Congo, Rep.",COG,2000,There is legislation on sexual harassment in employment (1=yes; 0=no),SG.LEG.SXHR.EM,0
"Congo, Rep.",COG,1999,There is legislation on sexual harassment in employment (1=yes; 0=no),SG.LEG.SXHR.EM,0
"Congo, Rep.",COG,1998,There is legislation on sexual harassment in employment (1=yes; 0=no),SG.LEG.SXHR.EM,0
"Congo, Rep.",COG,1997,There is legislation on sexual harassment in employment (1=yes; 0=no),SG.LEG.SXHR.EM,0
"Congo, Rep.",COG,1996,There is legislation on sexual harassment in employment (1=yes; 0=no),SG.LEG.SXHR.EM,0
"Congo, Rep.",COG,1995,There is legislation on sexual harassment in employment (1=yes; 0=no),SG.LEG.SXHR.EM,0
"Congo, Rep.",COG,1994,There is legislation on sexual harassment in employment (1=yes; 0=no),SG.LEG.SXHR.EM,0
"Congo, Rep.",COG,1993,There is legislation on sexual harassment in employment (1=yes; 0=no),SG.LEG.SXHR.EM,0
"Congo, Rep.",COG,1992,There is legislation on sexual harassment in employment (1=yes; 0=no),SG.LEG.SXHR.EM,0
"Congo, Rep.",COG,1991,There is legislation on sexual harassment in employment (1=yes; 0=no),SG.LEG.SXHR.EM,0
"Congo, Rep.",COG,1990,There is legislation on sexual harassment in employment (1=yes; 0=no),SG.LEG.SXHR.EM,0
"Congo, Rep.",COG,1989,There is legislation on sexual harassment in employment (1=yes; 0=no),SG.LEG.SXHR.EM,0
"Congo, Rep.",COG,1988,There is legislation on sexual harassment in employment (1=yes; 0=no),SG.LEG.SXHR.EM,0
"Congo, Rep.",COG,1987,There is legislation on sexual harassment in employment (1=yes; 0=no),SG.LEG.SXHR.EM,0
"Congo, Rep.",COG,1986,There is legislation on sexual harassment in employment (1=yes; 0=no),SG.LEG.SXHR.EM,0
"Congo, Rep.",COG,1985,There is legislation on sexual harassment in employment (1=yes; 0=no),SG.LEG.SXHR.EM,0
"Congo, Rep.",COG,1984,There is legislation on sexual harassment in employment (1=yes; 0=no),SG.LEG.SXHR.EM,0
"Congo, Rep.",COG,1983,There is legislation on sexual harassment in employment (1=yes; 0=no),SG.LEG.SXHR.EM,0
"Congo, Rep.",COG,1982,There is legislation on sexual harassment in employment (1=yes; 0=no),SG.LEG.SXHR.EM,0
"Congo, Rep.",COG,1981,There is legislation on sexual harassment in employment (1=yes; 0=no),SG.LEG.SXHR.EM,0
"Congo, Rep.",COG,1980,There is legislation on sexual harassment in employment (1=yes; 0=no),SG.LEG.SXHR.EM,0
"Congo, Rep.",COG,1979,There is legislation on sexual harassment in employment (1=yes; 0=no),SG.LEG.SXHR.EM,0
"Congo, Rep.",COG,1978,There is legislation on sexual harassment in employment (1=yes; 0=no),SG.LEG.SXHR.EM,0
"Congo, Rep.",COG,1977,There is legislation on sexual harassment in employment (1=yes; 0=no),SG.LEG.SXHR.EM,0
"Congo, Rep.",COG,1976,There is legislation on sexual harassment in employment (1=yes; 0=no),SG.LEG.SXHR.EM,0
"Congo, Rep.",COG,1975,There is legislation on sexual harassment in employment (1=yes; 0=no),SG.LEG.SXHR.EM,0
"Congo, Rep.",COG,1974,There is legislation on sexual harassment in employment (1=yes; 0=no),SG.LEG.SXHR.EM,0
"Congo, Rep.",COG,1973,There is legislation on sexual harassment in employment (1=yes; 0=no),SG.LEG.SXHR.EM,0
"Congo, Rep.",COG,1972,There is legislation on sexual harassment in employment (1=yes; 0=no),SG.LEG.SXHR.EM,0
"Congo, Rep.",COG,1971,There is legislation on sexual harassment in employment (1=yes; 0=no),SG.LEG.SXHR.EM,0
"Congo, Rep.",COG,1970,There is legislation on sexual harassment in employment (1=yes; 0=no),SG.LEG.SXHR.EM,0
"Congo, Rep.",COG,2023,A woman can choose where to live in the same way as a man (1=yes; 0=no),SG.LOC.LIVE.EQ,0
"Congo, Rep.",COG,2022,A woman can choose where to live in the same way as a man (1=yes; 0=no),SG.LOC.LIVE.EQ,0
"Congo, Rep.",COG,2021,A woman can choose where to live in the same way as a man (1=yes; 0=no),SG.LOC.LIVE.EQ,0
"Congo, Rep.",COG,2020,A woman can choose where to live in the same way as a man (1=yes; 0=no),SG.LOC.LIVE.EQ,0
"Congo, Rep.",COG,2019,A woman can choose where to live in the same way as a man (1=yes; 0=no),SG.LOC.LIVE.EQ,0
"Congo, Rep.",COG,2018,A woman can choose where to live in the same way as a man (1=yes; 0=no),SG.LOC.LIVE.EQ,0
"Congo, Rep.",COG,2017,A woman can choose where to live in the same way as a man (1=yes; 0=no),SG.LOC.LIVE.EQ,0
"Congo, Rep.",COG,2016,A woman can choose where to live in the same way as a man (1=yes; 0=no),SG.LOC.LIVE.EQ,0
"Congo, Rep.",COG,2015,A woman can choose where to live in the same way as a man (1=yes; 0=no),SG.LOC.LIVE.EQ,0
"Congo, Rep.",COG,2014,A woman can choose where to live in the same way as a man (1=yes; 0=no),SG.LOC.LIVE.EQ,0
"Congo, Rep.",COG,2013,A woman can choose where to live in the same way as a man (1=yes; 0=no),SG.LOC.LIVE.EQ,0
"Congo, Rep.",COG,2012,A woman can choose where to live in the same way as a man (1=yes; 0=no),SG.LOC.LIVE.EQ,0
"Congo, Rep.",COG,2011,A woman can choose where to live in the same way as a man (1=yes; 0=no),SG.LOC.LIVE.EQ,0
"Congo, Rep.",COG,2010,A woman can choose where to live in the same way as a man (1=yes; 0=no),SG.LOC.LIVE.EQ,0
"Congo, Rep.",COG,2009,A woman can choose where to live in the same way as a man (1=yes; 0=no),SG.LOC.LIVE.EQ,0
"Congo, Rep.",COG,2008,A woman can choose where to live in the same way as a man (1=yes; 0=no),SG.LOC.LIVE.EQ,0
"Congo, Rep.",COG,2007,A woman can choose where to live in the same way as a man (1=yes; 0=no),SG.LOC.LIVE.EQ,0
"Congo, Rep.",COG,2006,A woman can choose where to live in the same way as a man (1=yes; 0=no),SG.LOC.LIVE.EQ,0
"Congo, Rep.",COG,2005,A woman can choose where to live in the same way as a man (1=yes; 0=no),SG.LOC.LIVE.EQ,0
"Congo, Rep.",COG,2004,A woman can choose where to live in the same way as a man (1=yes; 0=no),SG.LOC.LIVE.EQ,0
"Congo, Rep.",COG,2003,A woman can choose where to live in the same way as a man (1=yes; 0=no),SG.LOC.LIVE.EQ,0
"Congo, Rep.",COG,2002,A woman can choose where to live in the same way as a man (1=yes; 0=no),SG.LOC.LIVE.EQ,0
"Congo, Rep.",COG,2001,A woman can choose where to live in the same way as a man (1=yes; 0=no),SG.LOC.LIVE.EQ,0
"Congo, Rep.",COG,2000,A woman can choose where to live in the same way as a man (1=yes; 0=no),SG.LOC.LIVE.EQ,0
"Congo, Rep.",COG,1999,A woman can choose where to live in the same way as a man (1=yes; 0=no),SG.LOC.LIVE.EQ,0
"Congo, Rep.",COG,1998,A woman can choose where to live in the same way as a man (1=yes; 0=no),SG.LOC.LIVE.EQ,0
"Congo, Rep.",COG,1997,A woman can choose where to live in the same way as a man (1=yes; 0=no),SG.LOC.LIVE.EQ,0
"Congo, Rep.",COG,1996,A woman can choose where to live in the same way as a man (1=yes; 0=no),SG.LOC.LIVE.EQ,0
"Congo, Rep.",COG,1995,A woman can choose where to live in the same way as a man (1=yes; 0=no),SG.LOC.LIVE.EQ,0
"Congo, Rep.",COG,1994,A woman can choose where to live in the same way as a man (1=yes; 0=no),SG.LOC.LIVE.EQ,0
"Congo, Rep.",COG,1993,A woman can choose where to live in the same way as a man (1=yes; 0=no),SG.LOC.LIVE.EQ,0
"Congo, Rep.",COG,1992,A woman can choose where to live in the same way as a man (1=yes; 0=no),SG.LOC.LIVE.EQ,0
"Congo, Rep.",COG,1991,A woman can choose where to live in the same way as a man (1=yes; 0=no),SG.LOC.LIVE.EQ,0
"Congo, Rep.",COG,1990,A woman can choose where to live in the same way as a man (1=yes; 0=no),SG.LOC.LIVE.EQ,0
"Congo, Rep.",COG,1989,A woman can choose where to live in the same way as a man (1=yes; 0=no),SG.LOC.LIVE.EQ,0
"Congo, Rep.",COG,1988,A woman can choose where to live in the same way as a man (1=yes; 0=no),SG.LOC.LIVE.EQ,0
"Congo, Rep.",COG,1987,A woman can choose where to live in the same way as a man (1=yes; 0=no),SG.LOC.LIVE.EQ,0
"Congo, Rep.",COG,1986,A woman can choose where to live in the same way as a man (1=yes; 0=no),SG.LOC.LIVE.EQ,0
"Congo, Rep.",COG,1985,A woman can choose where to live in the same way as a man (1=yes; 0=no),SG.LOC.LIVE.EQ,0
"Congo, Rep.",COG,1984,A woman can choose where to live in the same way as a man (1=yes; 0=no),SG.LOC.LIVE.EQ,0
"Congo, Rep.",COG,1983,A woman can choose where to live in the same way as a man (1=yes; 0=no),SG.LOC.LIVE.EQ,0
"Congo, Rep.",COG,1982,A woman can choose where to live in the same way as a man (1=yes; 0=no),SG.LOC.LIVE.EQ,0
"Congo, Rep.",COG,1981,A woman can choose where to live in the same way as a man (1=yes; 0=no),SG.LOC.LIVE.EQ,0
"Congo, Rep.",COG,1980,A woman can choose where to live in the same way as a man (1=yes; 0=no),SG.LOC.LIVE.EQ,0
"Congo, Rep.",COG,1979,A woman can choose where to live in the same way as a man (1=yes; 0=no),SG.LOC.LIVE.EQ,0
"Congo, Rep.",COG,1978,A woman can choose where to live in the same way as a man (1=yes; 0=no),SG.LOC.LIVE.EQ,0
"Congo, Rep.",COG,1977,A woman can choose where to live in the same way as a man (1=yes; 0=no),SG.LOC.LIVE.EQ,0
"Congo, Rep.",COG,1976,A woman can choose where to live in the same way as a man (1=yes; 0=no),SG.LOC.LIVE.EQ,0
"Congo, Rep.",COG,1975,A woman can choose where to live in the same way as a man (1=yes; 0=no),SG.LOC.LIVE.EQ,0
"Congo, Rep.",COG,1974,A woman can choose where to live in the same way as a man (1=yes; 0=no),SG.LOC.LIVE.EQ,0
"Congo, Rep.",COG,1973,A woman can choose where to live in the same way as a man (1=yes; 0=no),SG.LOC.LIVE.EQ,0
"Congo, Rep.",COG,1972,A woman can choose where to live in the same way as a man (1=yes; 0=no),SG.LOC.LIVE.EQ,0
"Congo, Rep.",COG,1971,A woman can choose where to live in the same way as a man (1=yes; 0=no),SG.LOC.LIVE.EQ,0
"Congo, Rep.",COG,1970,A woman can choose where to live in the same way as a man (1=yes; 0=no),SG.LOC.LIVE.EQ,0
"Congo, Rep.",COG,2023,A woman can work at night in the same way as a man (1=yes; 0=no),SG.NGT.WORK.EQ,1
"Congo, Rep.",COG,2022,A woman can work at night in the same way as a man (1=yes; 0=no),SG.NGT.WORK.EQ,1
"Congo, Rep.",COG,2021,A woman can work at night in the same way as a man (1=yes; 0=no),SG.NGT.WORK.EQ,1
"Congo, Rep.",COG,2020,A woman can work at night in the same way as a man (1=yes; 0=no),SG.NGT.WORK.EQ,1
"Congo, Rep.",COG,2019,A woman can work at night in the same way as a man (1=yes; 0=no),SG.NGT.WORK.EQ,1
"Congo, Rep.",COG,2018,A woman can work at night in the same way as a man (1=yes; 0=no),SG.NGT.WORK.EQ,1
"Congo, Rep.",COG,2017,A woman can work at night in the same way as a man (1=yes; 0=no),SG.NGT.WORK.EQ,1
"Congo, Rep.",COG,2016,A woman can work at night in the same way as a man (1=yes; 0=no),SG.NGT.WORK.EQ,1
"Congo, Rep.",COG,2015,A woman can work at night in the same way as a man (1=yes; 0=no),SG.NGT.WORK.EQ,1
"Congo, Rep.",COG,2014,A woman can work at night in the same way as a man (1=yes; 0=no),SG.NGT.WORK.EQ,1
"Congo, Rep.",COG,2013,A woman can work at night in the same way as a man (1=yes; 0=no),SG.NGT.WORK.EQ,1
"Congo, Rep.",COG,2012,A woman can work at night in the same way as a man (1=yes; 0=no),SG.NGT.WORK.EQ,1
"Congo, Rep.",COG,2011,A woman can work at night in the same way as a man (1=yes; 0=no),SG.NGT.WORK.EQ,1
"Congo, Rep.",COG,2010,A woman can work at night in the same way as a man (1=yes; 0=no),SG.NGT.WORK.EQ,1
"Congo, Rep.",COG,2009,A woman can work at night in the same way as a man (1=yes; 0=no),SG.NGT.WORK.EQ,1
"Congo, Rep.",COG,2008,A woman can work at night in the same way as a man (1=yes; 0=no),SG.NGT.WORK.EQ,1
"Congo, Rep.",COG,2007,A woman can work at night in the same way as a man (1=yes; 0=no),SG.NGT.WORK.EQ,1
"Congo, Rep.",COG,2006,A woman can work at night in the same way as a man (1=yes; 0=no),SG.NGT.WORK.EQ,1
"Congo, Rep.",COG,2005,A woman can work at night in the same way as a man (1=yes; 0=no),SG.NGT.WORK.EQ,1
"Congo, Rep.",COG,2004,A woman can work at night in the same way as a man (1=yes; 0=no),SG.NGT.WORK.EQ,1
"Congo, Rep.",COG,2003,A woman can work at night in the same way as a man (1=yes; 0=no),SG.NGT.WORK.EQ,1
"Congo, Rep.",COG,2002,A woman can work at night in the same way as a man (1=yes; 0=no),SG.NGT.WORK.EQ,1
"Congo, Rep.",COG,2001,A woman can work at night in the same way as a man (1=yes; 0=no),SG.NGT.WORK.EQ,1
"Congo, Rep.",COG,2000,A woman can work at night in the same way as a man (1=yes; 0=no),SG.NGT.WORK.EQ,1
"Congo, Rep.",COG,1999,A woman can work at night in the same way as a man (1=yes; 0=no),SG.NGT.WORK.EQ,1
"Congo, Rep.",COG,1998,A woman can work at night in the same way as a man (1=yes; 0=no),SG.NGT.WORK.EQ,1
"Congo, Rep.",COG,1997,A woman can work at night in the same way as a man (1=yes; 0=no),SG.NGT.WORK.EQ,1
"Congo, Rep.",COG,1996,A woman can work at night in the same way as a man (1=yes; 0=no),SG.NGT.WORK.EQ,1
"Congo, Rep.",COG,1995,A woman can work at night in the same way as a man (1=yes; 0=no),SG.NGT.WORK.EQ,1
"Congo, Rep.",COG,1994,A woman can work at night in the same way as a man (1=yes; 0=no),SG.NGT.WORK.EQ,1
"Congo, Rep.",COG,1993,A woman can work at night in the same way as a man (1=yes; 0=no),SG.NGT.WORK.EQ,1
"Congo, Rep.",COG,1992,A woman can work at night in the same way as a man (1=yes; 0=no),SG.NGT.WORK.EQ,1
"Congo, Rep.",COG,1991,A woman can work at night in the same way as a man (1=yes; 0=no),SG.NGT.WORK.EQ,1
"Congo, Rep.",COG,1990,A woman can work at night in the same way as a man (1=yes; 0=no),SG.NGT.WORK.EQ,1
"Congo, Rep.",COG,1989,A woman can work at night in the same way as a man (1=yes; 0=no),SG.NGT.WORK.EQ,1
"Congo, Rep.",COG,1988,A woman can work at night in the same way as a man (1=yes; 0=no),SG.NGT.WORK.EQ,1
"Congo, Rep.",COG,1987,A woman can work at night in the same way as a man (1=yes; 0=no),SG.NGT.WORK.EQ,1
"Congo, Rep.",COG,1986,A woman can work at night in the same way as a man (1=yes; 0=no),SG.NGT.WORK.EQ,1
"Congo, Rep.",COG,1985,A woman can work at night in the same way as a man (1=yes; 0=no),SG.NGT.WORK.EQ,1
"Congo, Rep.",COG,1984,A woman can work at night in the same way as a man (1=yes; 0=no),SG.NGT.WORK.EQ,1
"Congo, Rep.",COG,1983,A woman can work at night in the same way as a man (1=yes; 0=no),SG.NGT.WORK.EQ,1
"Congo, Rep.",COG,1982,A woman can work at night in the same way as a man (1=yes; 0=no),SG.NGT.WORK.EQ,1
"Congo, Rep.",COG,1981,A woman can work at night in the same way as a man (1=yes; 0=no),SG.NGT.WORK.EQ,1
"Congo, Rep.",COG,1980,A woman can work at night in the same way as a man (1=yes; 0=no),SG.NGT.WORK.EQ,1
"Congo, Rep.",COG,1979,A woman can work at night in the same way as a man (1=yes; 0=no),SG.NGT.WORK.EQ,1
"Congo, Rep.",COG,1978,A woman can work at night in the same way as a man (1=yes; 0=no),SG.NGT.WORK.EQ,1
"Congo, Rep.",COG,1977,A woman can work at night in the same way as a man (1=yes; 0=no),SG.NGT.WORK.EQ,1
"Congo, Rep.",COG,1976,A woman can work at night in the same way as a man (1=yes; 0=no),SG.NGT.WORK.EQ,1
"Congo, Rep.",COG,1975,A woman can work at night in the same way as a man (1=yes; 0=no),SG.NGT.WORK.EQ,1
"Congo, Rep.",COG,1974,A woman can work at night in the same way as a man (1=yes; 0=no),SG.NGT.WORK.EQ,1
"Congo, Rep.",COG,1973,A woman can work at night in the same way as a man (1=yes; 0=no),SG.NGT.WORK.EQ,1
"Congo, Rep.",COG,1972,A woman can work at night in the same way as a man (1=yes; 0=no),SG.NGT.WORK.EQ,1
"Congo, Rep.",COG,1971,A woman can work at night in the same way as a man (1=yes; 0=no),SG.NGT.WORK.EQ,1
"Congo, Rep.",COG,1970,A woman can work at night in the same way as a man (1=yes; 0=no),SG.NGT.WORK.EQ,1
"Congo, Rep.",COG,2023,A woman can obtain a judgment of divorce in the same way as a man (1=yes; 0=no),SG.OBT.DVRC.EQ,1
"Congo, Rep.",COG,2022,A woman can obtain a judgment of divorce in the same way as a man (1=yes; 0=no),SG.OBT.DVRC.EQ,1
"Congo, Rep.",COG,2021,A woman can obtain a judgment of divorce in the same way as a man (1=yes; 0=no),SG.OBT.DVRC.EQ,1
"Congo, Rep.",COG,2020,A woman can obtain a judgment of divorce in the same way as a man (1=yes; 0=no),SG.OBT.DVRC.EQ,1
"Congo, Rep.",COG,2019,A woman can obtain a judgment of divorce in the same way as a man (1=yes; 0=no),SG.OBT.DVRC.EQ,1
"Congo, Rep.",COG,2018,A woman can obtain a judgment of divorce in the same way as a man (1=yes; 0=no),SG.OBT.DVRC.EQ,1
"Congo, Rep.",COG,2017,A woman can obtain a judgment of divorce in the same way as a man (1=yes; 0=no),SG.OBT.DVRC.EQ,1
"Congo, Rep.",COG,2016,A woman can obtain a judgment of divorce in the same way as a man (1=yes; 0=no),SG.OBT.DVRC.EQ,1
"Congo, Rep.",COG,2015,A woman can obtain a judgment of divorce in the same way as a man (1=yes; 0=no),SG.OBT.DVRC.EQ,1
"Congo, Rep.",COG,2014,A woman can obtain a judgment of divorce in the same way as a man (1=yes; 0=no),SG.OBT.DVRC.EQ,1
"Congo, Rep.",COG,2013,A woman can obtain a judgment of divorce in the same way as a man (1=yes; 0=no),SG.OBT.DVRC.EQ,1
"Congo, Rep.",COG,2012,A woman can obtain a judgment of divorce in the same way as a man (1=yes; 0=no),SG.OBT.DVRC.EQ,1
"Congo, Rep.",COG,2011,A woman can obtain a judgment of divorce in the same way as a man (1=yes; 0=no),SG.OBT.DVRC.EQ,1
"Congo, Rep.",COG,2010,A woman can obtain a judgment of divorce in the same way as a man (1=yes; 0=no),SG.OBT.DVRC.EQ,1
"Congo, Rep.",COG,2009,A woman can obtain a judgment of divorce in the same way as a man (1=yes; 0=no),SG.OBT.DVRC.EQ,1
"Congo, Rep.",COG,2008,A woman can obtain a judgment of divorce in the same way as a man (1=yes; 0=no),SG.OBT.DVRC.EQ,1
"Congo, Rep.",COG,2007,A woman can obtain a judgment of divorce in the same way as a man (1=yes; 0=no),SG.OBT.DVRC.EQ,1
"Congo, Rep.",COG,2006,A woman can obtain a judgment of divorce in the same way as a man (1=yes; 0=no),SG.OBT.DVRC.EQ,1
"Congo, Rep.",COG,2005,A woman can obtain a judgment of divorce in the same way as a man (1=yes; 0=no),SG.OBT.DVRC.EQ,1
"Congo, Rep.",COG,2004,A woman can obtain a judgment of divorce in the same way as a man (1=yes; 0=no),SG.OBT.DVRC.EQ,1
"Congo, Rep.",COG,2003,A woman can obtain a judgment of divorce in the same way as a man (1=yes; 0=no),SG.OBT.DVRC.EQ,1
"Congo, Rep.",COG,2002,A woman can obtain a judgment of divorce in the same way as a man (1=yes; 0=no),SG.OBT.DVRC.EQ,1
"Congo, Rep.",COG,2001,A woman can obtain a judgment of divorce in the same way as a man (1=yes; 0=no),SG.OBT.DVRC.EQ,1
"Congo, Rep.",COG,2000,A woman can obtain a judgment of divorce in the same way as a man (1=yes; 0=no),SG.OBT.DVRC.EQ,1
"Congo, Rep.",COG,1999,A woman can obtain a judgment of divorce in the same way as a man (1=yes; 0=no),SG.OBT.DVRC.EQ,1
"Congo, Rep.",COG,1998,A woman can obtain a judgment of divorce in the same way as a man (1=yes; 0=no),SG.OBT.DVRC.EQ,1
"Congo, Rep.",COG,1997,A woman can obtain a judgment of divorce in the same way as a man (1=yes; 0=no),SG.OBT.DVRC.EQ,1
"Congo, Rep.",COG,1996,A woman can obtain a judgment of divorce in the same way as a man (1=yes; 0=no),SG.OBT.DVRC.EQ,1
"Congo, Rep.",COG,1995,A woman can obtain a judgment of divorce in the same way as a man (1=yes; 0=no),SG.OBT.DVRC.EQ,1
"Congo, Rep.",COG,1994,A woman can obtain a judgment of divorce in the same way as a man (1=yes; 0=no),SG.OBT.DVRC.EQ,1
"Congo, Rep.",COG,1993,A woman can obtain a judgment of divorce in the same way as a man (1=yes; 0=no),SG.OBT.DVRC.EQ,1
"Congo, Rep.",COG,1992,A woman can obtain a judgment of divorce in the same way as a man (1=yes; 0=no),SG.OBT.DVRC.EQ,1
"Congo, Rep.",COG,1991,A woman can obtain a judgment of divorce in the same way as a man (1=yes; 0=no),SG.OBT.DVRC.EQ,1
"Congo, Rep.",COG,1990,A woman can obtain a judgment of divorce in the same way as a man (1=yes; 0=no),SG.OBT.DVRC.EQ,1
"Congo, Rep.",COG,1989,A woman can obtain a judgment of divorce in the same way as a man (1=yes; 0=no),SG.OBT.DVRC.EQ,1
"Congo, Rep.",COG,1988,A woman can obtain a judgment of divorce in the same way as a man (1=yes; 0=no),SG.OBT.DVRC.EQ,1
"Congo, Rep.",COG,1987,A woman can obtain a judgment of divorce in the same way as a man (1=yes; 0=no),SG.OBT.DVRC.EQ,1
"Congo, Rep.",COG,1986,A woman can obtain a judgment of divorce in the same way as a man (1=yes; 0=no),SG.OBT.DVRC.EQ,1
"Congo, Rep.",COG,1985,A woman can obtain a judgment of divorce in the same way as a man (1=yes; 0=no),SG.OBT.DVRC.EQ,1
"Congo, Rep.",COG,1984,A woman can obtain a judgment of divorce in the same way as a man (1=yes; 0=no),SG.OBT.DVRC.EQ,1
"Congo, Rep.",COG,1983,A woman can obtain a judgment of divorce in the same way as a man (1=yes; 0=no),SG.OBT.DVRC.EQ,1
"Congo, Rep.",COG,1982,A woman can obtain a judgment of divorce in the same way as a man (1=yes; 0=no),SG.OBT.DVRC.EQ,1
"Congo, Rep.",COG,1981,A woman can obtain a judgment of divorce in the same way as a man (1=yes; 0=no),SG.OBT.DVRC.EQ,1
"Congo, Rep.",COG,1980,A woman can obtain a judgment of divorce in the same way as a man (1=yes; 0=no),SG.OBT.DVRC.EQ,1
"Congo, Rep.",COG,1979,A woman can obtain a judgment of divorce in the same way as a man (1=yes; 0=no),SG.OBT.DVRC.EQ,1
"Congo, Rep.",COG,1978,A woman can obtain a judgment of divorce in the same way as a man (1=yes; 0=no),SG.OBT.DVRC.EQ,1
"Congo, Rep.",COG,1977,A woman can obtain a judgment of divorce in the same way as a man (1=yes; 0=no),SG.OBT.DVRC.EQ,1
"Congo, Rep.",COG,1976,A woman can obtain a judgment of divorce in the same way as a man (1=yes; 0=no),SG.OBT.DVRC.EQ,1
"Congo, Rep.",COG,1975,A woman can obtain a judgment of divorce in the same way as a man (1=yes; 0=no),SG.OBT.DVRC.EQ,1
"Congo, Rep.",COG,1974,A woman can obtain a judgment of divorce in the same way as a man (1=yes; 0=no),SG.OBT.DVRC.EQ,1
"Congo, Rep.",COG,1973,A woman can obtain a judgment of divorce in the same way as a man (1=yes; 0=no),SG.OBT.DVRC.EQ,1
"Congo, Rep.",COG,1972,A woman can obtain a judgment of divorce in the same way as a man (1=yes; 0=no),SG.OBT.DVRC.EQ,1
"Congo, Rep.",COG,1971,A woman can obtain a judgment of divorce in the same way as a man (1=yes; 0=no),SG.OBT.DVRC.EQ,1
"Congo, Rep.",COG,1970,A woman can obtain a judgment of divorce in the same way as a man (1=yes; 0=no),SG.OBT.DVRC.EQ,1
"Congo, Rep.",COG,2023,A woman can open a bank account in the same way as a man (1=yes; 0=no),SG.OPN.BANK.EQ,1
"Congo, Rep.",COG,2022,A woman can open a bank account in the same way as a man (1=yes; 0=no),SG.OPN.BANK.EQ,1
"Congo, Rep.",COG,2021,A woman can open a bank account in the same way as a man (1=yes; 0=no),SG.OPN.BANK.EQ,1
"Congo, Rep.",COG,2020,A woman can open a bank account in the same way as a man (1=yes; 0=no),SG.OPN.BANK.EQ,1
"Congo, Rep.",COG,2019,A woman can open a bank account in the same way as a man (1=yes; 0=no),SG.OPN.BANK.EQ,1
"Congo, Rep.",COG,2018,A woman can open a bank account in the same way as a man (1=yes; 0=no),SG.OPN.BANK.EQ,1
"Congo, Rep.",COG,2017,A woman can open a bank account in the same way as a man (1=yes; 0=no),SG.OPN.BANK.EQ,1
"Congo, Rep.",COG,2016,A woman can open a bank account in the same way as a man (1=yes; 0=no),SG.OPN.BANK.EQ,1
"Congo, Rep.",COG,2015,A woman can open a bank account in the same way as a man (1=yes; 0=no),SG.OPN.BANK.EQ,1
"Congo, Rep.",COG,2014,A woman can open a bank account in the same way as a man (1=yes; 0=no),SG.OPN.BANK.EQ,1
"Congo, Rep.",COG,2013,A woman can open a bank account in the same way as a man (1=yes; 0=no),SG.OPN.BANK.EQ,1
"Congo, Rep.",COG,2012,A woman can open a bank account in the same way as a man (1=yes; 0=no),SG.OPN.BANK.EQ,1
"Congo, Rep.",COG,2011,A woman can open a bank account in the same way as a man (1=yes; 0=no),SG.OPN.BANK.EQ,1
"Congo, Rep.",COG,2010,A woman can open a bank account in the same way as a man (1=yes; 0=no),SG.OPN.BANK.EQ,1
"Congo, Rep.",COG,2009,A woman can open a bank account in the same way as a man (1=yes; 0=no),SG.OPN.BANK.EQ,1
"Congo, Rep.",COG,2008,A woman can open a bank account in the same way as a man (1=yes; 0=no),SG.OPN.BANK.EQ,1
"Congo, Rep.",COG,2007,A woman can open a bank account in the same way as a man (1=yes; 0=no),SG.OPN.BANK.EQ,1
"Congo, Rep.",COG,2006,A woman can open a bank account in the same way as a man (1=yes; 0=no),SG.OPN.BANK.EQ,1
"Congo, Rep.",COG,2005,A woman can open a bank account in the same way as a man (1=yes; 0=no),SG.OPN.BANK.EQ,1
"Congo, Rep.",COG,2004,A woman can open a bank account in the same way as a man (1=yes; 0=no),SG.OPN.BANK.EQ,1
"Congo, Rep.",COG,2003,A woman can open a bank account in the same way as a man (1=yes; 0=no),SG.OPN.BANK.EQ,1
"Congo, Rep.",COG,2002,A woman can open a bank account in the same way as a man (1=yes; 0=no),SG.OPN.BANK.EQ,1
"Congo, Rep.",COG,2001,A woman can open a bank account in the same way as a man (1=yes; 0=no),SG.OPN.BANK.EQ,1
"Congo, Rep.",COG,2000,A woman can open a bank account in the same way as a man (1=yes; 0=no),SG.OPN.BANK.EQ,1
"Congo, Rep.",COG,1999,A woman can open a bank account in the same way as a man (1=yes; 0=no),SG.OPN.BANK.EQ,1
"Congo, Rep.",COG,1998,A woman can open a bank account in the same way as a man (1=yes; 0=no),SG.OPN.BANK.EQ,1
"Congo, Rep.",COG,1997,A woman can open a bank account in the same way as a man (1=yes; 0=no),SG.OPN.BANK.EQ,1
"Congo, Rep.",COG,1996,A woman can open a bank account in the same way as a man (1=yes; 0=no),SG.OPN.BANK.EQ,1
"Congo, Rep.",COG,1995,A woman can open a bank account in the same way as a man (1=yes; 0=no),SG.OPN.BANK.EQ,1
"Congo, Rep.",COG,1994,A woman can open a bank account in the same way as a man (1=yes; 0=no),SG.OPN.BANK.EQ,1
"Congo, Rep.",COG,1993,A woman can open a bank account in the same way as a man (1=yes; 0=no),SG.OPN.BANK.EQ,1
"Congo, Rep.",COG,1992,A woman can open a bank account in the same way as a man (1=yes; 0=no),SG.OPN.BANK.EQ,1
"Congo, Rep.",COG,1991,A woman can open a bank account in the same way as a man (1=yes; 0=no),SG.OPN.BANK.EQ,1
"Congo, Rep.",COG,1990,A woman can open a bank account in the same way as a man (1=yes; 0=no),SG.OPN.BANK.EQ,1
"Congo, Rep.",COG,1989,A woman can open a bank account in the same way as a man (1=yes; 0=no),SG.OPN.BANK.EQ,1
"Congo, Rep.",COG,1988,A woman can open a bank account in the same way as a man (1=yes; 0=no),SG.OPN.BANK.EQ,1
"Congo, Rep.",COG,1987,A woman can open a bank account in the same way as a man (1=yes; 0=no),SG.OPN.BANK.EQ,1
"Congo, Rep.",COG,1986,A woman can open a bank account in the same way as a man (1=yes; 0=no),SG.OPN.BANK.EQ,1
"Congo, Rep.",COG,1985,A woman can open a bank account in the same way as a man (1=yes; 0=no),SG.OPN.BANK.EQ,1
"Congo, Rep.",COG,1984,A woman can open a bank account in the same way as a man (1=yes; 0=no),SG.OPN.BANK.EQ,0
"Congo, Rep.",COG,1983,A woman can open a bank account in the same way as a man (1=yes; 0=no),SG.OPN.BANK.EQ,0
"Congo, Rep.",COG,1982,A woman can open a bank account in the same way as a man (1=yes; 0=no),SG.OPN.BANK.EQ,0
"Congo, Rep.",COG,1981,A woman can open a bank account in the same way as a man (1=yes; 0=no),SG.OPN.BANK.EQ,0
"Congo, Rep.",COG,1980,A woman can open a bank account in the same way as a man (1=yes; 0=no),SG.OPN.BANK.EQ,0
"Congo, Rep.",COG,1979,A woman can open a bank account in the same way as a man (1=yes; 0=no),SG.OPN.BANK.EQ,0
"Congo, Rep.",COG,1978,A woman can open a bank account in the same way as a man (1=yes; 0=no),SG.OPN.BANK.EQ,0
"Congo, Rep.",COG,1977,A woman can open a bank account in the same way as a man (1=yes; 0=no),SG.OPN.BANK.EQ,0
"Congo, Rep.",COG,1976,A woman can open a bank account in the same way as a man (1=yes; 0=no),SG.OPN.BANK.EQ,0
"Congo, Rep.",COG,1975,A woman can open a bank account in the same way as a man (1=yes; 0=no),SG.OPN.BANK.EQ,0
"Congo, Rep.",COG,1974,A woman can open a bank account in the same way as a man (1=yes; 0=no),SG.OPN.BANK.EQ,0
"Congo, Rep.",COG,1973,A woman can open a bank account in the same way as a man (1=yes; 0=no),SG.OPN.BANK.EQ,0
"Congo, Rep.",COG,1972,A woman can open a bank account in the same way as a man (1=yes; 0=no),SG.OPN.BANK.EQ,0
"Congo, Rep.",COG,1971,A woman can open a bank account in the same way as a man (1=yes; 0=no),SG.OPN.BANK.EQ,0
"Congo, Rep.",COG,1970,A woman can open a bank account in the same way as a man (1=yes; 0=no),SG.OPN.BANK.EQ,0
"Congo, Rep.",COG,2023,Women and men have equal ownership rights to immovable property (1=yes; 0=no),SG.OWN.PRRT.IM,0
"Congo, Rep.",COG,2022,Women and men have equal ownership rights to immovable property (1=yes; 0=no),SG.OWN.PRRT.IM,0
"Congo, Rep.",COG,2021,Women and men have equal ownership rights to immovable property (1=yes; 0=no),SG.OWN.PRRT.IM,0
"Congo, Rep.",COG,2020,Women and men have equal ownership rights to immovable property (1=yes; 0=no),SG.OWN.PRRT.IM,0
"Congo, Rep.",COG,2019,Women and men have equal ownership rights to immovable property (1=yes; 0=no),SG.OWN.PRRT.IM,0
"Congo, Rep.",COG,2018,Women and men have equal ownership rights to immovable property (1=yes; 0=no),SG.OWN.PRRT.IM,0
"Congo, Rep.",COG,2017,Women and men have equal ownership rights to immovable property (1=yes; 0=no),SG.OWN.PRRT.IM,0
"Congo, Rep.",COG,2016,Women and men have equal ownership rights to immovable property (1=yes; 0=no),SG.OWN.PRRT.IM,0
"Congo, Rep.",COG,2015,Women and men have equal ownership rights to immovable property (1=yes; 0=no),SG.OWN.PRRT.IM,0
"Congo, Rep.",COG,2014,Women and men have equal ownership rights to immovable property (1=yes; 0=no),SG.OWN.PRRT.IM,0
"Congo, Rep.",COG,2013,Women and men have equal ownership rights to immovable property (1=yes; 0=no),SG.OWN.PRRT.IM,0
"Congo, Rep.",COG,2012,Women and men have equal ownership rights to immovable property (1=yes; 0=no),SG.OWN.PRRT.IM,0
"Congo, Rep.",COG,2011,Women and men have equal ownership rights to immovable property (1=yes; 0=no),SG.OWN.PRRT.IM,0
"Congo, Rep.",COG,2010,Women and men have equal ownership rights to immovable property (1=yes; 0=no),SG.OWN.PRRT.IM,0
"Congo, Rep.",COG,2009,Women and men have equal ownership rights to immovable property (1=yes; 0=no),SG.OWN.PRRT.IM,0
"Congo, Rep.",COG,2008,Women and men have equal ownership rights to immovable property (1=yes; 0=no),SG.OWN.PRRT.IM,0
"Congo, Rep.",COG,2007,Women and men have equal ownership rights to immovable property (1=yes; 0=no),SG.OWN.PRRT.IM,0
"Congo, Rep.",COG,2006,Women and men have equal ownership rights to immovable property (1=yes; 0=no),SG.OWN.PRRT.IM,0
"Congo, Rep.",COG,2005,Women and men have equal ownership rights to immovable property (1=yes; 0=no),SG.OWN.PRRT.IM,0
"Congo, Rep.",COG,2004,Women and men have equal ownership rights to immovable property (1=yes; 0=no),SG.OWN.PRRT.IM,0
"Congo, Rep.",COG,2003,Women and men have equal ownership rights to immovable property (1=yes; 0=no),SG.OWN.PRRT.IM,0
"Congo, Rep.",COG,2002,Women and men have equal ownership rights to immovable property (1=yes; 0=no),SG.OWN.PRRT.IM,0
"Congo, Rep.",COG,2001,Women and men have equal ownership rights to immovable property (1=yes; 0=no),SG.OWN.PRRT.IM,0
"Congo, Rep.",COG,2000,Women and men have equal ownership rights to immovable property (1=yes; 0=no),SG.OWN.PRRT.IM,0
"Congo, Rep.",COG,1999,Women and men have equal ownership rights to immovable property (1=yes; 0=no),SG.OWN.PRRT.IM,0
"Congo, Rep.",COG,1998,Women and men have equal ownership rights to immovable property (1=yes; 0=no),SG.OWN.PRRT.IM,0
"Congo, Rep.",COG,1997,Women and men have equal ownership rights to immovable property (1=yes; 0=no),SG.OWN.PRRT.IM,0
"Congo, Rep.",COG,1996,Women and men have equal ownership rights to immovable property (1=yes; 0=no),SG.OWN.PRRT.IM,0
"Congo, Rep.",COG,1995,Women and men have equal ownership rights to immovable property (1=yes; 0=no),SG.OWN.PRRT.IM,0
"Congo, Rep.",COG,1994,Women and men have equal ownership rights to immovable property (1=yes; 0=no),SG.OWN.PRRT.IM,0
"Congo, Rep.",COG,1993,Women and men have equal ownership rights to immovable property (1=yes; 0=no),SG.OWN.PRRT.IM,0
"Congo, Rep.",COG,1992,Women and men have equal ownership rights to immovable property (1=yes; 0=no),SG.OWN.PRRT.IM,0
"Congo, Rep.",COG,1991,Women and men have equal ownership rights to immovable property (1=yes; 0=no),SG.OWN.PRRT.IM,0
"Congo, Rep.",COG,1990,Women and men have equal ownership rights to immovable property (1=yes; 0=no),SG.OWN.PRRT.IM,0
"Congo, Rep.",COG,1989,Women and men have equal ownership rights to immovable property (1=yes; 0=no),SG.OWN.PRRT.IM,0
"Congo, Rep.",COG,1988,Women and men have equal ownership rights to immovable property (1=yes; 0=no),SG.OWN.PRRT.IM,0
"Congo, Rep.",COG,1987,Women and men have equal ownership rights to immovable property (1=yes; 0=no),SG.OWN.PRRT.IM,0
"Congo, Rep.",COG,1986,Women and men have equal ownership rights to immovable property (1=yes; 0=no),SG.OWN.PRRT.IM,0
"Congo, Rep.",COG,1985,Women and men have equal ownership rights to immovable property (1=yes; 0=no),SG.OWN.PRRT.IM,0
"Congo, Rep.",COG,1984,Women and men have equal ownership rights to immovable property (1=yes; 0=no),SG.OWN.PRRT.IM,0
"Congo, Rep.",COG,1983,Women and men have equal ownership rights to immovable property (1=yes; 0=no),SG.OWN.PRRT.IM,0
"Congo, Rep.",COG,1982,Women and men have equal ownership rights to immovable property (1=yes; 0=no),SG.OWN.PRRT.IM,0
"Congo, Rep.",COG,1981,Women and men have equal ownership rights to immovable property (1=yes; 0=no),SG.OWN.PRRT.IM,0
"Congo, Rep.",COG,1980,Women and men have equal ownership rights to immovable property (1=yes; 0=no),SG.OWN.PRRT.IM,0
"Congo, Rep.",COG,1979,Women and men have equal ownership rights to immovable property (1=yes; 0=no),SG.OWN.PRRT.IM,0
"Congo, Rep.",COG,1978,Women and men have equal ownership rights to immovable property (1=yes; 0=no),SG.OWN.PRRT.IM,0
"Congo, Rep.",COG,1977,Women and men have equal ownership rights to immovable property (1=yes; 0=no),SG.OWN.PRRT.IM,0
"Congo, Rep.",COG,1976,Women and men have equal ownership rights to immovable property (1=yes; 0=no),SG.OWN.PRRT.IM,0
"Congo, Rep.",COG,1975,Women and men have equal ownership rights to immovable property (1=yes; 0=no),SG.OWN.PRRT.IM,0
"Congo, Rep.",COG,1974,Women and men have equal ownership rights to immovable property (1=yes; 0=no),SG.OWN.PRRT.IM,0
"Congo, Rep.",COG,1973,Women and men have equal ownership rights to immovable property (1=yes; 0=no),SG.OWN.PRRT.IM,0
"Congo, Rep.",COG,1972,Women and men have equal ownership rights to immovable property (1=yes; 0=no),SG.OWN.PRRT.IM,0
"Congo, Rep.",COG,1971,Women and men have equal ownership rights to immovable property (1=yes; 0=no),SG.OWN.PRRT.IM,0
"Congo, Rep.",COG,1970,Women and men have equal ownership rights to immovable property (1=yes; 0=no),SG.OWN.PRRT.IM,0
"Congo, Rep.",COG,2023,Criminal penalties or civil remedies exist for sexual harassment in employment (1=yes; 0=no),SG.PEN.SXHR.EM,1
"Congo, Rep.",COG,2022,Criminal penalties or civil remedies exist for sexual harassment in employment (1=yes; 0=no),SG.PEN.SXHR.EM,1
"Congo, Rep.",COG,2021,Criminal penalties or civil remedies exist for sexual harassment in employment (1=yes; 0=no),SG.PEN.SXHR.EM,0
"Congo, Rep.",COG,2020,Criminal penalties or civil remedies exist for sexual harassment in employment (1=yes; 0=no),SG.PEN.SXHR.EM,0
"Congo, Rep.",COG,2019,Criminal penalties or civil remedies exist for sexual harassment in employment (1=yes; 0=no),SG.PEN.SXHR.EM,0
"Congo, Rep.",COG,2018,Criminal penalties or civil remedies exist for sexual harassment in employment (1=yes; 0=no),SG.PEN.SXHR.EM,0
"Congo, Rep.",COG,2017,Criminal penalties or civil remedies exist for sexual harassment in employment (1=yes; 0=no),SG.PEN.SXHR.EM,0
"Congo, Rep.",COG,2016,Criminal penalties or civil remedies exist for sexual harassment in employment (1=yes; 0=no),SG.PEN.SXHR.EM,0
"Congo, Rep.",COG,2015,Criminal penalties or civil remedies exist for sexual harassment in employment (1=yes; 0=no),SG.PEN.SXHR.EM,0
"Congo, Rep.",COG,2014,Criminal penalties or civil remedies exist for sexual harassment in employment (1=yes; 0=no),SG.PEN.SXHR.EM,0
"Congo, Rep.",COG,2013,Criminal penalties or civil remedies exist for sexual harassment in employment (1=yes; 0=no),SG.PEN.SXHR.EM,0
"Congo, Rep.",COG,2012,Criminal penalties or civil remedies exist for sexual harassment in employment (1=yes; 0=no),SG.PEN.SXHR.EM,0
"Congo, Rep.",COG,2011,Criminal penalties or civil remedies exist for sexual harassment in employment (1=yes; 0=no),SG.PEN.SXHR.EM,0
"Congo, Rep.",COG,2010,Criminal penalties or civil remedies exist for sexual harassment in employment (1=yes; 0=no),SG.PEN.SXHR.EM,0
"Congo, Rep.",COG,2009,Criminal penalties or civil remedies exist for sexual harassment in employment (1=yes; 0=no),SG.PEN.SXHR.EM,0
"Congo, Rep.",COG,2008,Criminal penalties or civil remedies exist for sexual harassment in employment (1=yes; 0=no),SG.PEN.SXHR.EM,0
"Congo, Rep.",COG,2007,Criminal penalties or civil remedies exist for sexual harassment in employment (1=yes; 0=no),SG.PEN.SXHR.EM,0
"Congo, Rep.",COG,2006,Criminal penalties or civil remedies exist for sexual harassment in employment (1=yes; 0=no),SG.PEN.SXHR.EM,0
"Congo, Rep.",COG,2005,Criminal penalties or civil remedies exist for sexual harassment in employment (1=yes; 0=no),SG.PEN.SXHR.EM,0
"Congo, Rep.",COG,2004,Criminal penalties or civil remedies exist for sexual harassment in employment (1=yes; 0=no),SG.PEN.SXHR.EM,0
"Congo, Rep.",COG,2003,Criminal penalties or civil remedies exist for sexual harassment in employment (1=yes; 0=no),SG.PEN.SXHR.EM,0
"Congo, Rep.",COG,2002,Criminal penalties or civil remedies exist for sexual harassment in employment (1=yes; 0=no),SG.PEN.SXHR.EM,0
"Congo, Rep.",COG,2001,Criminal penalties or civil remedies exist for sexual harassment in employment (1=yes; 0=no),SG.PEN.SXHR.EM,0
"Congo, Rep.",COG,2000,Criminal penalties or civil remedies exist for sexual harassment in employment (1=yes; 0=no),SG.PEN.SXHR.EM,0
"Congo, Rep.",COG,1999,Criminal penalties or civil remedies exist for sexual harassment in employment (1=yes; 0=no),SG.PEN.SXHR.EM,0
"Congo, Rep.",COG,1998,Criminal penalties or civil remedies exist for sexual harassment in employment (1=yes; 0=no),SG.PEN.SXHR.EM,0
"Congo, Rep.",COG,1997,Criminal penalties or civil remedies exist for sexual harassment in employment (1=yes; 0=no),SG.PEN.SXHR.EM,0
"Congo, Rep.",COG,1996,Criminal penalties or civil remedies exist for sexual harassment in employment (1=yes; 0=no),SG.PEN.SXHR.EM,0
"Congo, Rep.",COG,1995,Criminal penalties or civil remedies exist for sexual harassment in employment (1=yes; 0=no),SG.PEN.SXHR.EM,0
"Congo, Rep.",COG,1994,Criminal penalties or civil remedies exist for sexual harassment in employment (1=yes; 0=no),SG.PEN.SXHR.EM,0
"Congo, Rep.",COG,1993,Criminal penalties or civil remedies exist for sexual harassment in employment (1=yes; 0=no),SG.PEN.SXHR.EM,0
"Congo, Rep.",COG,1992,Criminal penalties or civil remedies exist for sexual harassment in employment (1=yes; 0=no),SG.PEN.SXHR.EM,0
"Congo, Rep.",COG,1991,Criminal penalties or civil remedies exist for sexual harassment in employment (1=yes; 0=no),SG.PEN.SXHR.EM,0
"Congo, Rep.",COG,1990,Criminal penalties or civil remedies exist for sexual harassment in employment (1=yes; 0=no),SG.PEN.SXHR.EM,0
"Congo, Rep.",COG,1989,Criminal penalties or civil remedies exist for sexual harassment in employment (1=yes; 0=no),SG.PEN.SXHR.EM,0
"Congo, Rep.",COG,1988,Criminal penalties or civil remedies exist for sexual harassment in employment (1=yes; 0=no),SG.PEN.SXHR.EM,0
"Congo, Rep.",COG,1987,Criminal penalties or civil remedies exist for sexual harassment in employment (1=yes; 0=no),SG.PEN.SXHR.EM,0
"Congo, Rep.",COG,1986,Criminal penalties or civil remedies exist for sexual harassment in employment (1=yes; 0=no),SG.PEN.SXHR.EM,0
"Congo, Rep.",COG,1985,Criminal penalties or civil remedies exist for sexual harassment in employment (1=yes; 0=no),SG.PEN.SXHR.EM,0
"Congo, Rep.",COG,1984,Criminal penalties or civil remedies exist for sexual harassment in employment (1=yes; 0=no),SG.PEN.SXHR.EM,0
"Congo, Rep.",COG,1983,Criminal penalties or civil remedies exist for sexual harassment in employment (1=yes; 0=no),SG.PEN.SXHR.EM,0
"Congo, Rep.",COG,1982,Criminal penalties or civil remedies exist for sexual harassment in employment (1=yes; 0=no),SG.PEN.SXHR.EM,0
"Congo, Rep.",COG,1981,Criminal penalties or civil remedies exist for sexual harassment in employment (1=yes; 0=no),SG.PEN.SXHR.EM,0
"Congo, Rep.",COG,1980,Criminal penalties or civil remedies exist for sexual harassment in employment (1=yes; 0=no),SG.PEN.SXHR.EM,0
"Congo, Rep.",COG,1979,Criminal penalties or civil remedies exist for sexual harassment in employment (1=yes; 0=no),SG.PEN.SXHR.EM,0
"Congo, Rep.",COG,1978,Criminal penalties or civil remedies exist for sexual harassment in employment (1=yes; 0=no),SG.PEN.SXHR.EM,0
"Congo, Rep.",COG,1977,Criminal penalties or civil remedies exist for sexual harassment in employment (1=yes; 0=no),SG.PEN.SXHR.EM,0
"Congo, Rep.",COG,1976,Criminal penalties or civil remedies exist for sexual harassment in employment (1=yes; 0=no),SG.PEN.SXHR.EM,0
"Congo, Rep.",COG,1975,Criminal penalties or civil remedies exist for sexual harassment in employment (1=yes; 0=no),SG.PEN.SXHR.EM,0
"Congo, Rep.",COG,1974,Criminal penalties or civil remedies exist for sexual harassment in employment (1=yes; 0=no),SG.PEN.SXHR.EM,0
"Congo, Rep.",COG,1973,Criminal penalties or civil remedies exist for sexual harassment in employment (1=yes; 0=no),SG.PEN.SXHR.EM,0
"Congo, Rep.",COG,1972,Criminal penalties or civil remedies exist for sexual harassment in employment (1=yes; 0=no),SG.PEN.SXHR.EM,0
"Congo, Rep.",COG,1971,Criminal penalties or civil remedies exist for sexual harassment in employment (1=yes; 0=no),SG.PEN.SXHR.EM,0
"Congo, Rep.",COG,1970,Criminal penalties or civil remedies exist for sexual harassment in employment (1=yes; 0=no),SG.PEN.SXHR.EM,0
"Congo, Rep.",COG,2020,Female migrants (% of international migrant stock),SG.POP.MIGR.FE.ZS,45.4593066154807
"Congo, Rep.",COG,2015,Female migrants (% of international migrant stock),SG.POP.MIGR.FE.ZS,45.2086676133305
"Congo, Rep.",COG,2010,Female migrants (% of international migrant stock),SG.POP.MIGR.FE.ZS,45.644478835674
"Congo, Rep.",COG,2005,Female migrants (% of international migrant stock),SG.POP.MIGR.FE.ZS,45.6492137397874
"Congo, Rep.",COG,2000,Female migrants (% of international migrant stock),SG.POP.MIGR.FE.ZS,49.9454034261802
"Congo, Rep.",COG,1995,Female migrants (% of international migrant stock),SG.POP.MIGR.FE.ZS,49.9976517859472
"Congo, Rep.",COG,1990,Female migrants (% of international migrant stock),SG.POP.MIGR.FE.ZS,50.2932970608466
"Congo, Rep.",COG,2023,A woman has the same rights to remarry as a man (1=yes; 0=no),SG.REM.RIGT.EQ,0
"Congo, Rep.",COG,2022,A woman has the same rights to remarry as a man (1=yes; 0=no),SG.REM.RIGT.EQ,0
"Congo, Rep.",COG,2021,A woman has the same rights to remarry as a man (1=yes; 0=no),SG.REM.RIGT.EQ,0
"Congo, Rep.",COG,2020,A woman has the same rights to remarry as a man (1=yes; 0=no),SG.REM.RIGT.EQ,0
"Congo, Rep.",COG,2019,A woman has the same rights to remarry as a man (1=yes; 0=no),SG.REM.RIGT.EQ,0
"Congo, Rep.",COG,2018,A woman has the same rights to remarry as a man (1=yes; 0=no),SG.REM.RIGT.EQ,0
"Congo, Rep.",COG,2017,A woman has the same rights to remarry as a man (1=yes; 0=no),SG.REM.RIGT.EQ,0
"Congo, Rep.",COG,2016,A woman has the same rights to remarry as a man (1=yes; 0=no),SG.REM.RIGT.EQ,0
"Congo, Rep.",COG,2015,A woman has the same rights to remarry as a man (1=yes; 0=no),SG.REM.RIGT.EQ,0
"Congo, Rep.",COG,2014,A woman has the same rights to remarry as a man (1=yes; 0=no),SG.REM.RIGT.EQ,0
"Congo, Rep.",COG,2013,A woman has the same rights to remarry as a man (1=yes; 0=no),SG.REM.RIGT.EQ,0
"Congo, Rep.",COG,2012,A woman has the same rights to remarry as a man (1=yes; 0=no),SG.REM.RIGT.EQ,0
"Congo, Rep.",COG,2011,A woman has the same rights to remarry as a man (1=yes; 0=no),SG.REM.RIGT.EQ,0
"Congo, Rep.",COG,2010,A woman has the same rights to remarry as a man (1=yes; 0=no),SG.REM.RIGT.EQ,0
"Congo, Rep.",COG,2009,A woman has the same rights to remarry as a man (1=yes; 0=no),SG.REM.RIGT.EQ,0
"Congo, Rep.",COG,2008,A woman has the same rights to remarry as a man (1=yes; 0=no),SG.REM.RIGT.EQ,0
"Congo, Rep.",COG,2007,A woman has the same rights to remarry as a man (1=yes; 0=no),SG.REM.RIGT.EQ,0
"Congo, Rep.",COG,2006,A woman has the same rights to remarry as a man (1=yes; 0=no),SG.REM.RIGT.EQ,0
"Congo, Rep.",COG,2005,A woman has the same rights to remarry as a man (1=yes; 0=no),SG.REM.RIGT.EQ,0
"Congo, Rep.",COG,2004,A woman has the same rights to remarry as a man (1=yes; 0=no),SG.REM.RIGT.EQ,0
"Congo, Rep.",COG,2003,A woman has the same rights to remarry as a man (1=yes; 0=no),SG.REM.RIGT.EQ,0
"Congo, Rep.",COG,2002,A woman has the same rights to remarry as a man (1=yes; 0=no),SG.REM.RIGT.EQ,0
"Congo, Rep.",COG,2001,A woman has the same rights to remarry as a man (1=yes; 0=no),SG.REM.RIGT.EQ,0
"Congo, Rep.",COG,2000,A woman has the same rights to remarry as a man (1=yes; 0=no),SG.REM.RIGT.EQ,0
"Congo, Rep.",COG,1999,A woman has the same rights to remarry as a man (1=yes; 0=no),SG.REM.RIGT.EQ,0
"Congo, Rep.",COG,1998,A woman has the same rights to remarry as a man (1=yes; 0=no),SG.REM.RIGT.EQ,0
"Congo, Rep.",COG,1997,A woman has the same rights to remarry as a man (1=yes; 0=no),SG.REM.RIGT.EQ,0
"Congo, Rep.",COG,1996,A woman has the same rights to remarry as a man (1=yes; 0=no),SG.REM.RIGT.EQ,0
"Congo, Rep.",COG,1995,A woman has the same rights to remarry as a man (1=yes; 0=no),SG.REM.RIGT.EQ,0
"Congo, Rep.",COG,1994,A woman has the same rights to remarry as a man (1=yes; 0=no),SG.REM.RIGT.EQ,0
"Congo, Rep.",COG,1993,A woman has the same rights to remarry as a man (1=yes; 0=no),SG.REM.RIGT.EQ,0
"Congo, Rep.",COG,1992,A woman has the same rights to remarry as a man (1=yes; 0=no),SG.REM.RIGT.EQ,0
"Congo, Rep.",COG,1991,A woman has the same rights to remarry as a man (1=yes; 0=no),SG.REM.RIGT.EQ,0
"Congo, Rep.",COG,1990,A woman has the same rights to remarry as a man (1=yes; 0=no),SG.REM.RIGT.EQ,0
"Congo, Rep.",COG,1989,A woman has the same rights to remarry as a man (1=yes; 0=no),SG.REM.RIGT.EQ,0
"Congo, Rep.",COG,1988,A woman has the same rights to remarry as a man (1=yes; 0=no),SG.REM.RIGT.EQ,0
"Congo, Rep.",COG,1987,A woman has the same rights to remarry as a man (1=yes; 0=no),SG.REM.RIGT.EQ,0
"Congo, Rep.",COG,1986,A woman has the same rights to remarry as a man (1=yes; 0=no),SG.REM.RIGT.EQ,0
"Congo, Rep.",COG,1985,A woman has the same rights to remarry as a man (1=yes; 0=no),SG.REM.RIGT.EQ,0
"Congo, Rep.",COG,1984,A woman has the same rights to remarry as a man (1=yes; 0=no),SG.REM.RIGT.EQ,0
"Congo, Rep.",COG,1983,A woman has the same rights to remarry as a man (1=yes; 0=no),SG.REM.RIGT.EQ,0
"Congo, Rep.",COG,1982,A woman has the same rights to remarry as a man (1=yes; 0=no),SG.REM.RIGT.EQ,0
"Congo, Rep.",COG,1981,A woman has the same rights to remarry as a man (1=yes; 0=no),SG.REM.RIGT.EQ,0
"Congo, Rep.",COG,1980,A woman has the same rights to remarry as a man (1=yes; 0=no),SG.REM.RIGT.EQ,0
"Congo, Rep.",COG,1979,A woman has the same rights to remarry as a man (1=yes; 0=no),SG.REM.RIGT.EQ,0
"Congo, Rep.",COG,1978,A woman has the same rights to remarry as a man (1=yes; 0=no),SG.REM.RIGT.EQ,0
"Congo, Rep.",COG,1977,A woman has the same rights to remarry as a man (1=yes; 0=no),SG.REM.RIGT.EQ,0
"Congo, Rep.",COG,1976,A woman has the same rights to remarry as a man (1=yes; 0=no),SG.REM.RIGT.EQ,0
"Congo, Rep.",COG,1975,A woman has the same rights to remarry as a man (1=yes; 0=no),SG.REM.RIGT.EQ,0
"Congo, Rep.",COG,1974,A woman has the same rights to remarry as a man (1=yes; 0=no),SG.REM.RIGT.EQ,0
"Congo, Rep.",COG,1973,A woman has the same rights to remarry as a man (1=yes; 0=no),SG.REM.RIGT.EQ,0
"Congo, Rep.",COG,1972,A woman has the same rights to remarry as a man (1=yes; 0=no),SG.REM.RIGT.EQ,0
"Congo, Rep.",COG,1971,A woman has the same rights to remarry as a man (1=yes; 0=no),SG.REM.RIGT.EQ,0
"Congo, Rep.",COG,1970,A woman has the same rights to remarry as a man (1=yes; 0=no),SG.REM.RIGT.EQ,0
"Congo, Rep.",COG,2012,Women who believe a wife is justified refusing sex with her husband if she knows he has sex with other women (%),SG.RSX.SXOT.ZS,54.3
"Congo, Rep.",COG,2022,"Access to anti-retroviral drugs, female (%)",SH.HIV.ARTC.FE.ZS,25
"Congo, Rep.",COG,2021,"Access to anti-retroviral drugs, female (%)",SH.HIV.ARTC.FE.ZS,22
"Congo, Rep.",COG,2020,"Access to anti-retroviral drugs, female (%)",SH.HIV.ARTC.FE.ZS,23
"Congo, Rep.",COG,2019,"Access to anti-retroviral drugs, female (%)",SH.HIV.ARTC.FE.ZS,23
"Congo, Rep.",COG,2018,"Access to anti-retroviral drugs, female (%)",SH.HIV.ARTC.FE.ZS,23
"Congo, Rep.",COG,2017,"Access to anti-retroviral drugs, female (%)",SH.HIV.ARTC.FE.ZS,22
"Congo, Rep.",COG,2016,"Access to anti-retroviral drugs, female (%)",SH.HIV.ARTC.FE.ZS,22
"Congo, Rep.",COG,2015,"Access to anti-retroviral drugs, female (%)",SH.HIV.ARTC.FE.ZS,21
"Congo, Rep.",COG,2014,"Access to anti-retroviral drugs, female (%)",SH.HIV.ARTC.FE.ZS,20
"Congo, Rep.",COG,2013,"Access to anti-retroviral drugs, female (%)",SH.HIV.ARTC.FE.ZS,21
"Congo, Rep.",COG,2012,"Access to anti-retroviral drugs, female (%)",SH.HIV.ARTC.FE.ZS,19
"Congo, Rep.",COG,2011,"Access to anti-retroviral drugs, female (%)",SH.HIV.ARTC.FE.ZS,20
"Congo, Rep.",COG,2010,"Access to anti-retroviral drugs, female (%)",SH.HIV.ARTC.FE.ZS,15
"Congo, Rep.",COG,2009,"Access to anti-retroviral drugs, female (%)",SH.HIV.ARTC.FE.ZS,12
"Congo, Rep.",COG,2008,"Access to anti-retroviral drugs, female (%)",SH.HIV.ARTC.FE.ZS,10
"Congo, Rep.",COG,2007,"Access to anti-retroviral drugs, female (%)",SH.HIV.ARTC.FE.ZS,5
"Congo, Rep.",COG,2006,"Access to anti-retroviral drugs, female (%)",SH.HIV.ARTC.FE.ZS,3
"Congo, Rep.",COG,2005,"Access to anti-retroviral drugs, female (%)",SH.HIV.ARTC.FE.ZS,3
"Congo, Rep.",COG,2004,"Access to anti-retroviral drugs, female (%)",SH.HIV.ARTC.FE.ZS,0
"Congo, Rep.",COG,2003,"Access to anti-retroviral drugs, female (%)",SH.HIV.ARTC.FE.ZS,0
"Congo, Rep.",COG,2002,"Access to anti-retroviral drugs, female (%)",SH.HIV.ARTC.FE.ZS,0
"Congo, Rep.",COG,2001,"Access to anti-retroviral drugs, female (%)",SH.HIV.ARTC.FE.ZS,0
"Congo, Rep.",COG,2000,"Access to anti-retroviral drugs, female (%)",SH.HIV.ARTC.FE.ZS,0
"Congo, Rep.",COG,2022,"Access to anti-retroviral drugs, male (%)",SH.HIV.ARTC.MA.ZS,24
"Congo, Rep.",COG,2021,"Access to anti-retroviral drugs, male (%)",SH.HIV.ARTC.MA.ZS,24
"Congo, Rep.",COG,2020,"Access to anti-retroviral drugs, male (%)",SH.HIV.ARTC.MA.ZS,20
"Congo, Rep.",COG,2019,"Access to anti-retroviral drugs, male (%)",SH.HIV.ARTC.MA.ZS,19
"Congo, Rep.",COG,2018,"Access to anti-retroviral drugs, male (%)",SH.HIV.ARTC.MA.ZS,19
"Congo, Rep.",COG,2017,"Access to anti-retroviral drugs, male (%)",SH.HIV.ARTC.MA.ZS,19
"Congo, Rep.",COG,2016,"Access to anti-retroviral drugs, male (%)",SH.HIV.ARTC.MA.ZS,18
"Congo, Rep.",COG,2015,"Access to anti-retroviral drugs, male (%)",SH.HIV.ARTC.MA.ZS,18
"Congo, Rep.",COG,2014,"Access to anti-retroviral drugs, male (%)",SH.HIV.ARTC.MA.ZS,17
"Congo, Rep.",COG,2013,"Access to anti-retroviral drugs, male (%)",SH.HIV.ARTC.MA.ZS,18
"Congo, Rep.",COG,2012,"Access to anti-retroviral drugs, male (%)",SH.HIV.ARTC.MA.ZS,17
"Congo, Rep.",COG,2011,"Access to anti-retroviral drugs, male (%)",SH.HIV.ARTC.MA.ZS,15
"Congo, Rep.",COG,2010,"Access to anti-retroviral drugs, male (%)",SH.HIV.ARTC.MA.ZS,21
"Congo, Rep.",COG,2009,"Access to anti-retroviral drugs, male (%)",SH.HIV.ARTC.MA.ZS,18
"Congo, Rep.",COG,2008,"Access to anti-retroviral drugs, male (%)",SH.HIV.ARTC.MA.ZS,15
"Congo, Rep.",COG,2007,"Access to anti-retroviral drugs, male (%)",SH.HIV.ARTC.MA.ZS,7
"Congo, Rep.",COG,2006,"Access to anti-retroviral drugs, male (%)",SH.HIV.ARTC.MA.ZS,5
"Congo, Rep.",COG,2005,"Access to anti-retroviral drugs, male (%)",SH.HIV.ARTC.MA.ZS,5
"Congo, Rep.",COG,2004,"Access to anti-retroviral drugs, male (%)",SH.HIV.ARTC.MA.ZS,0
"Congo, Rep.",COG,2003,"Access to anti-retroviral drugs, male (%)",SH.HIV.ARTC.MA.ZS,0
"Congo, Rep.",COG,2002,"Access to anti-retroviral drugs, male (%)",SH.HIV.ARTC.MA.ZS,0
"Congo, Rep.",COG,2001,"Access to anti-retroviral drugs, male (%)",SH.HIV.ARTC.MA.ZS,0
"Congo, Rep.",COG,2000,"Access to anti-retroviral drugs, male (%)",SH.HIV.ARTC.MA.ZS,0
"Congo, Rep.",COG,2022,"Incidence of HIV, ages 15-49, female (per 1,000 uninfected female population ages 15-49)",SH.HIV.INCD.FE.P3,6.82
"Congo, Rep.",COG,2021,"Incidence of HIV, ages 15-49, female (per 1,000 uninfected female population ages 15-49)",SH.HIV.INCD.FE.P3,6.47
"Congo, Rep.",COG,2020,"Incidence of HIV, ages 15-49, female (per 1,000 uninfected female population ages 15-49)",SH.HIV.INCD.FE.P3,5.83
"Congo, Rep.",COG,2019,"Incidence of HIV, ages 15-49, female (per 1,000 uninfected female population ages 15-49)",SH.HIV.INCD.FE.P3,6.27
"Congo, Rep.",COG,2018,"Incidence of HIV, ages 15-49, female (per 1,000 uninfected female population ages 15-49)",SH.HIV.INCD.FE.P3,5.72
"Congo, Rep.",COG,2017,"Incidence of HIV, ages 15-49, female (per 1,000 uninfected female population ages 15-49)",SH.HIV.INCD.FE.P3,5.45
"Congo, Rep.",COG,2016,"Incidence of HIV, ages 15-49, female (per 1,000 uninfected female population ages 15-49)",SH.HIV.INCD.FE.P3,5.33
"Congo, Rep.",COG,2015,"Incidence of HIV, ages 15-49, female (per 1,000 uninfected female population ages 15-49)",SH.HIV.INCD.FE.P3,4.98
"Congo, Rep.",COG,2014,"Incidence of HIV, ages 15-49, female (per 1,000 uninfected female population ages 15-49)",SH.HIV.INCD.FE.P3,4.59
"Congo, Rep.",COG,2013,"Incidence of HIV, ages 15-49, female (per 1,000 uninfected female population ages 15-49)",SH.HIV.INCD.FE.P3,4.55
"Congo, Rep.",COG,2012,"Incidence of HIV, ages 15-49, female (per 1,000 uninfected female population ages 15-49)",SH.HIV.INCD.FE.P3,4.15
"Congo, Rep.",COG,2011,"Incidence of HIV, ages 15-49, female (per 1,000 uninfected female population ages 15-49)",SH.HIV.INCD.FE.P3,3.92
"Congo, Rep.",COG,2010,"Incidence of HIV, ages 15-49, female (per 1,000 uninfected female population ages 15-49)",SH.HIV.INCD.FE.P3,3.68
"Congo, Rep.",COG,2009,"Incidence of HIV, ages 15-49, female (per 1,000 uninfected female population ages 15-49)",SH.HIV.INCD.FE.P3,3.72
"Congo, Rep.",COG,2008,"Incidence of HIV, ages 15-49, female (per 1,000 uninfected female population ages 15-49)",SH.HIV.INCD.FE.P3,3.63
"Congo, Rep.",COG,2007,"Incidence of HIV, ages 15-49, female (per 1,000 uninfected female population ages 15-49)",SH.HIV.INCD.FE.P3,3.68
"Congo, Rep.",COG,2006,"Incidence of HIV, ages 15-49, female (per 1,000 uninfected female population ages 15-49)",SH.HIV.INCD.FE.P3,3.68
"Congo, Rep.",COG,2005,"Incidence of HIV, ages 15-49, female (per 1,000 uninfected female population ages 15-49)",SH.HIV.INCD.FE.P3,4.31
"Congo, Rep.",COG,2004,"Incidence of HIV, ages 15-49, female (per 1,000 uninfected female population ages 15-49)",SH.HIV.INCD.FE.P3,4.1
"Congo, Rep.",COG,2003,"Incidence of HIV, ages 15-49, female (per 1,000 uninfected female population ages 15-49)",SH.HIV.INCD.FE.P3,4.44
"Congo, Rep.",COG,2002,"Incidence of HIV, ages 15-49, female (per 1,000 uninfected female population ages 15-49)",SH.HIV.INCD.FE.P3,4.24
"Congo, Rep.",COG,2001,"Incidence of HIV, ages 15-49, female (per 1,000 uninfected female population ages 15-49)",SH.HIV.INCD.FE.P3,3.94
"Congo, Rep.",COG,2000,"Incidence of HIV, ages 15-49, female (per 1,000 uninfected female population ages 15-49)",SH.HIV.INCD.FE.P3,4.45
"Congo, Rep.",COG,1999,"Incidence of HIV, ages 15-49, female (per 1,000 uninfected female population ages 15-49)",SH.HIV.INCD.FE.P3,5.13
"Congo, Rep.",COG,1998,"Incidence of HIV, ages 15-49, female (per 1,000 uninfected female population ages 15-49)",SH.HIV.INCD.FE.P3,5.45
"Congo, Rep.",COG,1997,"Incidence of HIV, ages 15-49, female (per 1,000 uninfected female population ages 15-49)",SH.HIV.INCD.FE.P3,5.07
"Congo, Rep.",COG,1996,"Incidence of HIV, ages 15-49, female (per 1,000 uninfected female population ages 15-49)",SH.HIV.INCD.FE.P3,5.42
"Congo, Rep.",COG,1995,"Incidence of HIV, ages 15-49, female (per 1,000 uninfected female population ages 15-49)",SH.HIV.INCD.FE.P3,5.62
"Congo, Rep.",COG,1994,"Incidence of HIV, ages 15-49, female (per 1,000 uninfected female population ages 15-49)",SH.HIV.INCD.FE.P3,5.85
"Congo, Rep.",COG,1993,"Incidence of HIV, ages 15-49, female (per 1,000 uninfected female population ages 15-49)",SH.HIV.INCD.FE.P3,6.48
"Congo, Rep.",COG,1992,"Incidence of HIV, ages 15-49, female (per 1,000 uninfected female population ages 15-49)",SH.HIV.INCD.FE.P3,7.22
"Congo, Rep.",COG,1991,"Incidence of HIV, ages 15-49, female (per 1,000 uninfected female population ages 15-49)",SH.HIV.INCD.FE.P3,7.53
"Congo, Rep.",COG,1990,"Incidence of HIV, ages 15-49, female (per 1,000 uninfected female population ages 15-49)",SH.HIV.INCD.FE.P3,8.58
"Congo, Rep.",COG,2022,"Incidence of HIV, ages 15-49, male (per 1,000 uninfected male population ages 15-49)",SH.HIV.INCD.MA.P3,2.77
"Congo, Rep.",COG,2021,"Incidence of HIV, ages 15-49, male (per 1,000 uninfected male population ages 15-49)",SH.HIV.INCD.MA.P3,2.65
"Congo, Rep.",COG,2020,"Incidence of HIV, ages 15-49, male (per 1,000 uninfected male population ages 15-49)",SH.HIV.INCD.MA.P3,2.42
"Congo, Rep.",COG,2019,"Incidence of HIV, ages 15-49, male (per 1,000 uninfected male population ages 15-49)",SH.HIV.INCD.MA.P3,2.65
"Congo, Rep.",COG,2018,"Incidence of HIV, ages 15-49, male (per 1,000 uninfected male population ages 15-49)",SH.HIV.INCD.MA.P3,2.46
"Congo, Rep.",COG,2017,"Incidence of HIV, ages 15-49, male (per 1,000 uninfected male population ages 15-49)",SH.HIV.INCD.MA.P3,2.41
"Congo, Rep.",COG,2016,"Incidence of HIV, ages 15-49, male (per 1,000 uninfected male population ages 15-49)",SH.HIV.INCD.MA.P3,2.44
"Congo, Rep.",COG,2015,"Incidence of HIV, ages 15-49, male (per 1,000 uninfected male population ages 15-49)",SH.HIV.INCD.MA.P3,2.36
"Congo, Rep.",COG,2014,"Incidence of HIV, ages 15-49, male (per 1,000 uninfected male population ages 15-49)",SH.HIV.INCD.MA.P3,2.25
"Congo, Rep.",COG,2013,"Incidence of HIV, ages 15-49, male (per 1,000 uninfected male population ages 15-49)",SH.HIV.INCD.MA.P3,2.31
"Congo, Rep.",COG,2012,"Incidence of HIV, ages 15-49, male (per 1,000 uninfected male population ages 15-49)",SH.HIV.INCD.MA.P3,2.17
"Congo, Rep.",COG,2011,"Incidence of HIV, ages 15-49, male (per 1,000 uninfected male population ages 15-49)",SH.HIV.INCD.MA.P3,2.1
"Congo, Rep.",COG,2010,"Incidence of HIV, ages 15-49, male (per 1,000 uninfected male population ages 15-49)",SH.HIV.INCD.MA.P3,2.01
"Congo, Rep.",COG,2009,"Incidence of HIV, ages 15-49, male (per 1,000 uninfected male population ages 15-49)",SH.HIV.INCD.MA.P3,2.06
"Congo, Rep.",COG,2008,"Incidence of HIV, ages 15-49, male (per 1,000 uninfected male population ages 15-49)",SH.HIV.INCD.MA.P3,2.03
"Congo, Rep.",COG,2007,"Incidence of HIV, ages 15-49, male (per 1,000 uninfected male population ages 15-49)",SH.HIV.INCD.MA.P3,2.07
"Congo, Rep.",COG,2006,"Incidence of HIV, ages 15-49, male (per 1,000 uninfected male population ages 15-49)",SH.HIV.INCD.MA.P3,2.08
"Congo, Rep.",COG,2005,"Incidence of HIV, ages 15-49, male (per 1,000 uninfected male population ages 15-49)",SH.HIV.INCD.MA.P3,2.44
"Congo, Rep.",COG,2004,"Incidence of HIV, ages 15-49, male (per 1,000 uninfected male population ages 15-49)",SH.HIV.INCD.MA.P3,2.32
"Congo, Rep.",COG,2003,"Incidence of HIV, ages 15-49, male (per 1,000 uninfected male population ages 15-49)",SH.HIV.INCD.MA.P3,2.51
"Congo, Rep.",COG,2002,"Incidence of HIV, ages 15-49, male (per 1,000 uninfected male population ages 15-49)",SH.HIV.INCD.MA.P3,2.41
"Congo, Rep.",COG,2001,"Incidence of HIV, ages 15-49, male (per 1,000 uninfected male population ages 15-49)",SH.HIV.INCD.MA.P3,2.23
"Congo, Rep.",COG,2000,"Incidence of HIV, ages 15-49, male (per 1,000 uninfected male population ages 15-49)",SH.HIV.INCD.MA.P3,2.51
"Congo, Rep.",COG,1999,"Incidence of HIV, ages 15-49, male (per 1,000 uninfected male population ages 15-49)",SH.HIV.INCD.MA.P3,2.89
"Congo, Rep.",COG,1998,"Incidence of HIV, ages 15-49, male (per 1,000 uninfected male population ages 15-49)",SH.HIV.INCD.MA.P3,3.06
"Congo, Rep.",COG,1997,"Incidence of HIV, ages 15-49, male (per 1,000 uninfected male population ages 15-49)",SH.HIV.INCD.MA.P3,2.86
"Congo, Rep.",COG,1996,"Incidence of HIV, ages 15-49, male (per 1,000 uninfected male population ages 15-49)",SH.HIV.INCD.MA.P3,3.04
"Congo, Rep.",COG,1995,"Incidence of HIV, ages 15-49, male (per 1,000 uninfected male population ages 15-49)",SH.HIV.INCD.MA.P3,3.14
"Congo, Rep.",COG,1994,"Incidence of HIV, ages 15-49, male (per 1,000 uninfected male population ages 15-49)",SH.HIV.INCD.MA.P3,3.31
"Congo, Rep.",COG,1993,"Incidence of HIV, ages 15-49, male (per 1,000 uninfected male population ages 15-49)",SH.HIV.INCD.MA.P3,3.68
"Congo, Rep.",COG,1992,"Incidence of HIV, ages 15-49, male (per 1,000 uninfected male population ages 15-49)",SH.HIV.INCD.MA.P3,4.15
"Congo, Rep.",COG,1991,"Incidence of HIV, ages 15-49, male (per 1,000 uninfected male population ages 15-49)",SH.HIV.INCD.MA.P3,4.39
"Congo, Rep.",COG,1990,"Incidence of HIV, ages 15-49, male (per 1,000 uninfected male population ages 15-49)",SH.HIV.INCD.MA.P3,5.1
"Congo, Rep.",COG,2022,"Incidence of HIV, ages 15-24, female (per 1,000 uninfected female population ages 15-24)",SH.HIV.INCD.YG.FE.P3,8.42
"Congo, Rep.",COG,2021,"Incidence of HIV, ages 15-24, female (per 1,000 uninfected female population ages 15-24)",SH.HIV.INCD.YG.FE.P3,7.99
"Congo, Rep.",COG,2020,"Incidence of HIV, ages 15-24, female (per 1,000 uninfected female population ages 15-24)",SH.HIV.INCD.YG.FE.P3,7.21
"Congo, Rep.",COG,2019,"Incidence of HIV, ages 15-24, female (per 1,000 uninfected female population ages 15-24)",SH.HIV.INCD.YG.FE.P3,7.74
"Congo, Rep.",COG,2018,"Incidence of HIV, ages 15-24, female (per 1,000 uninfected female population ages 15-24)",SH.HIV.INCD.YG.FE.P3,7.05
"Congo, Rep.",COG,2017,"Incidence of HIV, ages 15-24, female (per 1,000 uninfected female population ages 15-24)",SH.HIV.INCD.YG.FE.P3,6.72
"Congo, Rep.",COG,2016,"Incidence of HIV, ages 15-24, female (per 1,000 uninfected female population ages 15-24)",SH.HIV.INCD.YG.FE.P3,6.56
"Congo, Rep.",COG,2015,"Incidence of HIV, ages 15-24, female (per 1,000 uninfected female population ages 15-24)",SH.HIV.INCD.YG.FE.P3,6.13
"Congo, Rep.",COG,2014,"Incidence of HIV, ages 15-24, female (per 1,000 uninfected female population ages 15-24)",SH.HIV.INCD.YG.FE.P3,5.62
"Congo, Rep.",COG,2013,"Incidence of HIV, ages 15-24, female (per 1,000 uninfected female population ages 15-24)",SH.HIV.INCD.YG.FE.P3,5.55
"Congo, Rep.",COG,2012,"Incidence of HIV, ages 15-24, female (per 1,000 uninfected female population ages 15-24)",SH.HIV.INCD.YG.FE.P3,5.04
"Congo, Rep.",COG,2011,"Incidence of HIV, ages 15-24, female (per 1,000 uninfected female population ages 15-24)",SH.HIV.INCD.YG.FE.P3,4.76
"Congo, Rep.",COG,2010,"Incidence of HIV, ages 15-24, female (per 1,000 uninfected female population ages 15-24)",SH.HIV.INCD.YG.FE.P3,4.45
"Congo, Rep.",COG,2009,"Incidence of HIV, ages 15-24, female (per 1,000 uninfected female population ages 15-24)",SH.HIV.INCD.YG.FE.P3,4.5
"Congo, Rep.",COG,2008,"Incidence of HIV, ages 15-24, female (per 1,000 uninfected female population ages 15-24)",SH.HIV.INCD.YG.FE.P3,4.38
"Congo, Rep.",COG,2007,"Incidence of HIV, ages 15-24, female (per 1,000 uninfected female population ages 15-24)",SH.HIV.INCD.YG.FE.P3,4.42
"Congo, Rep.",COG,2006,"Incidence of HIV, ages 15-24, female (per 1,000 uninfected female population ages 15-24)",SH.HIV.INCD.YG.FE.P3,4.42
"Congo, Rep.",COG,2005,"Incidence of HIV, ages 15-24, female (per 1,000 uninfected female population ages 15-24)",SH.HIV.INCD.YG.FE.P3,5.16
"Congo, Rep.",COG,2004,"Incidence of HIV, ages 15-24, female (per 1,000 uninfected female population ages 15-24)",SH.HIV.INCD.YG.FE.P3,4.9
"Congo, Rep.",COG,2003,"Incidence of HIV, ages 15-24, female (per 1,000 uninfected female population ages 15-24)",SH.HIV.INCD.YG.FE.P3,5.29
"Congo, Rep.",COG,2002,"Incidence of HIV, ages 15-24, female (per 1,000 uninfected female population ages 15-24)",SH.HIV.INCD.YG.FE.P3,5.04
"Congo, Rep.",COG,2001,"Incidence of HIV, ages 15-24, female (per 1,000 uninfected female population ages 15-24)",SH.HIV.INCD.YG.FE.P3,4.66
"Congo, Rep.",COG,2000,"Incidence of HIV, ages 15-24, female (per 1,000 uninfected female population ages 15-24)",SH.HIV.INCD.YG.FE.P3,5.27
"Congo, Rep.",COG,1999,"Incidence of HIV, ages 15-24, female (per 1,000 uninfected female population ages 15-24)",SH.HIV.INCD.YG.FE.P3,6.05
"Congo, Rep.",COG,1998,"Incidence of HIV, ages 15-24, female (per 1,000 uninfected female population ages 15-24)",SH.HIV.INCD.YG.FE.P3,6.43
"Congo, Rep.",COG,1997,"Incidence of HIV, ages 15-24, female (per 1,000 uninfected female population ages 15-24)",SH.HIV.INCD.YG.FE.P3,5.97
"Congo, Rep.",COG,1996,"Incidence of HIV, ages 15-24, female (per 1,000 uninfected female population ages 15-24)",SH.HIV.INCD.YG.FE.P3,6.39
"Congo, Rep.",COG,1995,"Incidence of HIV, ages 15-24, female (per 1,000 uninfected female population ages 15-24)",SH.HIV.INCD.YG.FE.P3,6.63
"Congo, Rep.",COG,1994,"Incidence of HIV, ages 15-24, female (per 1,000 uninfected female population ages 15-24)",SH.HIV.INCD.YG.FE.P3,6.89
"Congo, Rep.",COG,1993,"Incidence of HIV, ages 15-24, female (per 1,000 uninfected female population ages 15-24)",SH.HIV.INCD.YG.FE.P3,7.61
"Congo, Rep.",COG,1992,"Incidence of HIV, ages 15-24, female (per 1,000 uninfected female population ages 15-24)",SH.HIV.INCD.YG.FE.P3,8.45
"Congo, Rep.",COG,1991,"Incidence of HIV, ages 15-24, female (per 1,000 uninfected female population ages 15-24)",SH.HIV.INCD.YG.FE.P3,8.79
"Congo, Rep.",COG,1990,"Incidence of HIV, ages 15-24, female (per 1,000 uninfected female population ages 15-24)",SH.HIV.INCD.YG.FE.P3,10.05
"Congo, Rep.",COG,2022,"Incidence of HIV, ages 15-24, male (per 1,000 uninfected male population ages 15-24)",SH.HIV.INCD.YG.MA.P3,1.37
"Congo, Rep.",COG,2021,"Incidence of HIV, ages 15-24, male (per 1,000 uninfected male population ages 15-24)",SH.HIV.INCD.YG.MA.P3,1.31
"Congo, Rep.",COG,2020,"Incidence of HIV, ages 15-24, male (per 1,000 uninfected male population ages 15-24)",SH.HIV.INCD.YG.MA.P3,1.19
"Congo, Rep.",COG,2019,"Incidence of HIV, ages 15-24, male (per 1,000 uninfected male population ages 15-24)",SH.HIV.INCD.YG.MA.P3,1.3
"Congo, Rep.",COG,2018,"Incidence of HIV, ages 15-24, male (per 1,000 uninfected male population ages 15-24)",SH.HIV.INCD.YG.MA.P3,1.21
"Congo, Rep.",COG,2017,"Incidence of HIV, ages 15-24, male (per 1,000 uninfected male population ages 15-24)",SH.HIV.INCD.YG.MA.P3,1.19
"Congo, Rep.",COG,2016,"Incidence of HIV, ages 15-24, male (per 1,000 uninfected male population ages 15-24)",SH.HIV.INCD.YG.MA.P3,1.2
"Congo, Rep.",COG,2015,"Incidence of HIV, ages 15-24, male (per 1,000 uninfected male population ages 15-24)",SH.HIV.INCD.YG.MA.P3,1.17
"Congo, Rep.",COG,2014,"Incidence of HIV, ages 15-24, male (per 1,000 uninfected male population ages 15-24)",SH.HIV.INCD.YG.MA.P3,1.12
"Congo, Rep.",COG,2013,"Incidence of HIV, ages 15-24, male (per 1,000 uninfected male population ages 15-24)",SH.HIV.INCD.YG.MA.P3,1.15
"Congo, Rep.",COG,2012,"Incidence of HIV, ages 15-24, male (per 1,000 uninfected male population ages 15-24)",SH.HIV.INCD.YG.MA.P3,1.09
"Congo, Rep.",COG,2011,"Incidence of HIV, ages 15-24, male (per 1,000 uninfected male population ages 15-24)",SH.HIV.INCD.YG.MA.P3,1.06
"Congo, Rep.",COG,2010,"Incidence of HIV, ages 15-24, male (per 1,000 uninfected male population ages 15-24)",SH.HIV.INCD.YG.MA.P3,1.02
"Congo, Rep.",COG,2009,"Incidence of HIV, ages 15-24, male (per 1,000 uninfected male population ages 15-24)",SH.HIV.INCD.YG.MA.P3,1.04
"Congo, Rep.",COG,2008,"Incidence of HIV, ages 15-24, male (per 1,000 uninfected male population ages 15-24)",SH.HIV.INCD.YG.MA.P3,1.03
"Congo, Rep.",COG,2007,"Incidence of HIV, ages 15-24, male (per 1,000 uninfected male population ages 15-24)",SH.HIV.INCD.YG.MA.P3,1.05
"Congo, Rep.",COG,2006,"Incidence of HIV, ages 15-24, male (per 1,000 uninfected male population ages 15-24)",SH.HIV.INCD.YG.MA.P3,1.06
"Congo, Rep.",COG,2005,"Incidence of HIV, ages 15-24, male (per 1,000 uninfected male population ages 15-24)",SH.HIV.INCD.YG.MA.P3,1.24
"Congo, Rep.",COG,2004,"Incidence of HIV, ages 15-24, male (per 1,000 uninfected male population ages 15-24)",SH.HIV.INCD.YG.MA.P3,1.18
"Congo, Rep.",COG,2003,"Incidence of HIV, ages 15-24, male (per 1,000 uninfected male population ages 15-24)",SH.HIV.INCD.YG.MA.P3,1.27
"Congo, Rep.",COG,2002,"Incidence of HIV, ages 15-24, male (per 1,000 uninfected male population ages 15-24)",SH.HIV.INCD.YG.MA.P3,1.22
"Congo, Rep.",COG,2001,"Incidence of HIV, ages 15-24, male (per 1,000 uninfected male population ages 15-24)",SH.HIV.INCD.YG.MA.P3,1.13
"Congo, Rep.",COG,2000,"Incidence of HIV, ages 15-24, male (per 1,000 uninfected male population ages 15-24)",SH.HIV.INCD.YG.MA.P3,1.28
"Congo, Rep.",COG,1999,"Incidence of HIV, ages 15-24, male (per 1,000 uninfected male population ages 15-24)",SH.HIV.INCD.YG.MA.P3,1.48
"Congo, Rep.",COG,1998,"Incidence of HIV, ages 15-24, male (per 1,000 uninfected male population ages 15-24)",SH.HIV.INCD.YG.MA.P3,1.57
"Congo, Rep.",COG,1997,"Incidence of HIV, ages 15-24, male (per 1,000 uninfected male population ages 15-24)",SH.HIV.INCD.YG.MA.P3,1.47
"Congo, Rep.",COG,1996,"Incidence of HIV, ages 15-24, male (per 1,000 uninfected male population ages 15-24)",SH.HIV.INCD.YG.MA.P3,1.58
"Congo, Rep.",COG,1995,"Incidence of HIV, ages 15-24, male (per 1,000 uninfected male population ages 15-24)",SH.HIV.INCD.YG.MA.P3,1.64
"Congo, Rep.",COG,1994,"Incidence of HIV, ages 15-24, male (per 1,000 uninfected male population ages 15-24)",SH.HIV.INCD.YG.MA.P3,1.71
"Congo, Rep.",COG,1993,"Incidence of HIV, ages 15-24, male (per 1,000 uninfected male population ages 15-24)",SH.HIV.INCD.YG.MA.P3,1.89
"Congo, Rep.",COG,1992,"Incidence of HIV, ages 15-24, male (per 1,000 uninfected male population ages 15-24)",SH.HIV.INCD.YG.MA.P3,2.13
"Congo, Rep.",COG,1991,"Incidence of HIV, ages 15-24, male (per 1,000 uninfected male population ages 15-24)",SH.HIV.INCD.YG.MA.P3,2.26
"Congo, Rep.",COG,1990,"Incidence of HIV, ages 15-24, male (per 1,000 uninfected male population ages 15-24)",SH.HIV.INCD.YG.MA.P3,2.67
"Congo, Rep.",COG,2023,Length of paid maternity leave (calendar days),SH.MMR.LEVE,105
"Congo, Rep.",COG,2022,Length of paid maternity leave (calendar days),SH.MMR.LEVE,105
"Congo, Rep.",COG,2021,Length of paid maternity leave (calendar days),SH.MMR.LEVE,105
"Congo, Rep.",COG,2020,Length of paid maternity leave (calendar days),SH.MMR.LEVE,105
"Congo, Rep.",COG,2019,Length of paid maternity leave (calendar days),SH.MMR.LEVE,105
"Congo, Rep.",COG,2018,Length of paid maternity leave (calendar days),SH.MMR.LEVE,105
"Congo, Rep.",COG,2017,Length of paid maternity leave (calendar days),SH.MMR.LEVE,105
"Congo, Rep.",COG,2016,Length of paid maternity leave (calendar days),SH.MMR.LEVE,105
"Congo, Rep.",COG,2015,Length of paid maternity leave (calendar days),SH.MMR.LEVE,105
"Congo, Rep.",COG,2014,Length of paid maternity leave (calendar days),SH.MMR.LEVE,105
"Congo, Rep.",COG,2013,Length of paid maternity leave (calendar days),SH.MMR.LEVE,105
"Congo, Rep.",COG,2012,Length of paid maternity leave (calendar days),SH.MMR.LEVE,105
"Congo, Rep.",COG,2011,Length of paid maternity leave (calendar days),SH.MMR.LEVE,105
"Congo, Rep.",COG,2010,Length of paid maternity leave (calendar days),SH.MMR.LEVE,105
"Congo, Rep.",COG,2009,Length of paid maternity leave (calendar days),SH.MMR.LEVE,105
"Congo, Rep.",COG,2008,Length of paid maternity leave (calendar days),SH.MMR.LEVE,105
"Congo, Rep.",COG,2007,Length of paid maternity leave (calendar days),SH.MMR.LEVE,105
"Congo, Rep.",COG,2006,Length of paid maternity leave (calendar days),SH.MMR.LEVE,105
"Congo, Rep.",COG,2005,Length of paid maternity leave (calendar days),SH.MMR.LEVE,105
"Congo, Rep.",COG,2004,Length of paid maternity leave (calendar days),SH.MMR.LEVE,105
"Congo, Rep.",COG,2003,Length of paid maternity leave (calendar days),SH.MMR.LEVE,105
"Congo, Rep.",COG,2002,Length of paid maternity leave (calendar days),SH.MMR.LEVE,105
"Congo, Rep.",COG,2001,Length of paid maternity leave (calendar days),SH.MMR.LEVE,105
"Congo, Rep.",COG,2000,Length of paid maternity leave (calendar days),SH.MMR.LEVE,105
"Congo, Rep.",COG,1999,Length of paid maternity leave (calendar days),SH.MMR.LEVE,105
"Congo, Rep.",COG,1998,Length of paid maternity leave (calendar days),SH.MMR.LEVE,105
"Congo, Rep.",COG,1997,Length of paid maternity leave (calendar days),SH.MMR.LEVE,105
"Congo, Rep.",COG,1996,Length of paid maternity leave (calendar days),SH.MMR.LEVE,105
"Congo, Rep.",COG,1995,Length of paid maternity leave (calendar days),SH.MMR.LEVE,105
"Congo, Rep.",COG,1994,Length of paid maternity leave (calendar days),SH.MMR.LEVE,105
"Congo, Rep.",COG,1993,Length of paid maternity leave (calendar days),SH.MMR.LEVE,105
"Congo, Rep.",COG,1992,Length of paid maternity leave (calendar days),SH.MMR.LEVE,105
"Congo, Rep.",COG,1991,Length of paid maternity leave (calendar days),SH.MMR.LEVE,105
"Congo, Rep.",COG,1990,Length of paid maternity leave (calendar days),SH.MMR.LEVE,105
"Congo, Rep.",COG,1989,Length of paid maternity leave (calendar days),SH.MMR.LEVE,105
"Congo, Rep.",COG,1988,Length of paid maternity leave (calendar days),SH.MMR.LEVE,105
"Congo, Rep.",COG,1987,Length of paid maternity leave (calendar days),SH.MMR.LEVE,105
"Congo, Rep.",COG,1986,Length of paid maternity leave (calendar days),SH.MMR.LEVE,105
"Congo, Rep.",COG,1985,Length of paid maternity leave (calendar days),SH.MMR.LEVE,105
"Congo, Rep.",COG,1984,Length of paid maternity leave (calendar days),SH.MMR.LEVE,105
"Congo, Rep.",COG,1983,Length of paid maternity leave (calendar days),SH.MMR.LEVE,105
"Congo, Rep.",COG,1982,Length of paid maternity leave (calendar days),SH.MMR.LEVE,105
"Congo, Rep.",COG,1981,Length of paid maternity leave (calendar days),SH.MMR.LEVE,105
"Congo, Rep.",COG,1980,Length of paid maternity leave (calendar days),SH.MMR.LEVE,105
"Congo, Rep.",COG,1979,Length of paid maternity leave (calendar days),SH.MMR.LEVE,105
"Congo, Rep.",COG,1978,Length of paid maternity leave (calendar days),SH.MMR.LEVE,105
"Congo, Rep.",COG,1977,Length of paid maternity leave (calendar days),SH.MMR.LEVE,105
"Congo, Rep.",COG,1976,Length of paid maternity leave (calendar days),SH.MMR.LEVE,105
"Congo, Rep.",COG,1975,Length of paid maternity leave (calendar days),SH.MMR.LEVE,105
"Congo, Rep.",COG,1974,Length of paid maternity leave (calendar days),SH.MMR.LEVE,98
"Congo, Rep.",COG,1973,Length of paid maternity leave (calendar days),SH.MMR.LEVE,98
"Congo, Rep.",COG,1972,Length of paid maternity leave (calendar days),SH.MMR.LEVE,98
"Congo, Rep.",COG,1971,Length of paid maternity leave (calendar days),SH.MMR.LEVE,98
"Congo, Rep.",COG,1970,Length of paid maternity leave (calendar days),SH.MMR.LEVE,98
"Congo, Rep.",COG,2023,Paid leave of at least 14 weeks available to mothers (1=yes; 0=no),SH.MMR.LEVE.AL,1
"Congo, Rep.",COG,2022,Paid leave of at least 14 weeks available to mothers (1=yes; 0=no),SH.MMR.LEVE.AL,1
"Congo, Rep.",COG,2021,Paid leave of at least 14 weeks available to mothers (1=yes; 0=no),SH.MMR.LEVE.AL,1
"Congo, Rep.",COG,2020,Paid leave of at least 14 weeks available to mothers (1=yes; 0=no),SH.MMR.LEVE.AL,1
"Congo, Rep.",COG,2019,Paid leave of at least 14 weeks available to mothers (1=yes; 0=no),SH.MMR.LEVE.AL,1
"Congo, Rep.",COG,2018,Paid leave of at least 14 weeks available to mothers (1=yes; 0=no),SH.MMR.LEVE.AL,1
"Congo, Rep.",COG,2017,Paid leave of at least 14 weeks available to mothers (1=yes; 0=no),SH.MMR.LEVE.AL,1
"Congo, Rep.",COG,2016,Paid leave of at least 14 weeks available to mothers (1=yes; 0=no),SH.MMR.LEVE.AL,1
"Congo, Rep.",COG,2015,Paid leave of at least 14 weeks available to mothers (1=yes; 0=no),SH.MMR.LEVE.AL,1
"Congo, Rep.",COG,2014,Paid leave of at least 14 weeks available to mothers (1=yes; 0=no),SH.MMR.LEVE.AL,1
"Congo, Rep.",COG,2013,Paid leave of at least 14 weeks available to mothers (1=yes; 0=no),SH.MMR.LEVE.AL,1
"Congo, Rep.",COG,2012,Paid leave of at least 14 weeks available to mothers (1=yes; 0=no),SH.MMR.LEVE.AL,1
"Congo, Rep.",COG,2011,Paid leave of at least 14 weeks available to mothers (1=yes; 0=no),SH.MMR.LEVE.AL,1
"Congo, Rep.",COG,2010,Paid leave of at least 14 weeks available to mothers (1=yes; 0=no),SH.MMR.LEVE.AL,1
"Congo, Rep.",COG,2009,Paid leave of at least 14 weeks available to mothers (1=yes; 0=no),SH.MMR.LEVE.AL,1
"Congo, Rep.",COG,2008,Paid leave of at least 14 weeks available to mothers (1=yes; 0=no),SH.MMR.LEVE.AL,1
"Congo, Rep.",COG,2007,Paid leave of at least 14 weeks available to mothers (1=yes; 0=no),SH.MMR.LEVE.AL,1
"Congo, Rep.",COG,2006,Paid leave of at least 14 weeks available to mothers (1=yes; 0=no),SH.MMR.LEVE.AL,1
"Congo, Rep.",COG,2005,Paid leave of at least 14 weeks available to mothers (1=yes; 0=no),SH.MMR.LEVE.AL,1
"Congo, Rep.",COG,2004,Paid leave of at least 14 weeks available to mothers (1=yes; 0=no),SH.MMR.LEVE.AL,1
"Congo, Rep.",COG,2003,Paid leave of at least 14 weeks available to mothers (1=yes; 0=no),SH.MMR.LEVE.AL,1
"Congo, Rep.",COG,2002,Paid leave of at least 14 weeks available to mothers (1=yes; 0=no),SH.MMR.LEVE.AL,1
"Congo, Rep.",COG,2001,Paid leave of at least 14 weeks available to mothers (1=yes; 0=no),SH.MMR.LEVE.AL,1
"Congo, Rep.",COG,2000,Paid leave of at least 14 weeks available to mothers (1=yes; 0=no),SH.MMR.LEVE.AL,1
"Congo, Rep.",COG,1999,Paid leave of at least 14 weeks available to mothers (1=yes; 0=no),SH.MMR.LEVE.AL,1
"Congo, Rep.",COG,1998,Paid leave of at least 14 weeks available to mothers (1=yes; 0=no),SH.MMR.LEVE.AL,1
"Congo, Rep.",COG,1997,Paid leave of at least 14 weeks available to mothers (1=yes; 0=no),SH.MMR.LEVE.AL,1
"Congo, Rep.",COG,1996,Paid leave of at least 14 weeks available to mothers (1=yes; 0=no),SH.MMR.LEVE.AL,1
"Congo, Rep.",COG,1995,Paid leave of at least 14 weeks available to mothers (1=yes; 0=no),SH.MMR.LEVE.AL,1
"Congo, Rep.",COG,1994,Paid leave of at least 14 weeks available to mothers (1=yes; 0=no),SH.MMR.LEVE.AL,1
"Congo, Rep.",COG,1993,Paid leave of at least 14 weeks available to mothers (1=yes; 0=no),SH.MMR.LEVE.AL,1
"Congo, Rep.",COG,1992,Paid leave of at least 14 weeks available to mothers (1=yes; 0=no),SH.MMR.LEVE.AL,1
"Congo, Rep.",COG,1991,Paid leave of at least 14 weeks available to mothers (1=yes; 0=no),SH.MMR.LEVE.AL,1
"Congo, Rep.",COG,1990,Paid leave of at least 14 weeks available to mothers (1=yes; 0=no),SH.MMR.LEVE.AL,1
"Congo, Rep.",COG,1989,Paid leave of at least 14 weeks available to mothers (1=yes; 0=no),SH.MMR.LEVE.AL,1
"Congo, Rep.",COG,1988,Paid leave of at least 14 weeks available to mothers (1=yes; 0=no),SH.MMR.LEVE.AL,1
"Congo, Rep.",COG,1987,Paid leave of at least 14 weeks available to mothers (1=yes; 0=no),SH.MMR.LEVE.AL,1
"Congo, Rep.",COG,1986,Paid leave of at least 14 weeks available to mothers (1=yes; 0=no),SH.MMR.LEVE.AL,1
"Congo, Rep.",COG,1985,Paid leave of at least 14 weeks available to mothers (1=yes; 0=no),SH.MMR.LEVE.AL,1
"Congo, Rep.",COG,1984,Paid leave of at least 14 weeks available to mothers (1=yes; 0=no),SH.MMR.LEVE.AL,1
"Congo, Rep.",COG,1983,Paid leave of at least 14 weeks available to mothers (1=yes; 0=no),SH.MMR.LEVE.AL,1
"Congo, Rep.",COG,1982,Paid leave of at least 14 weeks available to mothers (1=yes; 0=no),SH.MMR.LEVE.AL,1
"Congo, Rep.",COG,1981,Paid leave of at least 14 weeks available to mothers (1=yes; 0=no),SH.MMR.LEVE.AL,1
"Congo, Rep.",COG,1980,Paid leave of at least 14 weeks available to mothers (1=yes; 0=no),SH.MMR.LEVE.AL,1
"Congo, Rep.",COG,1979,Paid leave of at least 14 weeks available to mothers (1=yes; 0=no),SH.MMR.LEVE.AL,1
"Congo, Rep.",COG,1978,Paid leave of at least 14 weeks available to mothers (1=yes; 0=no),SH.MMR.LEVE.AL,1
"Congo, Rep.",COG,1977,Paid leave of at least 14 weeks available to mothers (1=yes; 0=no),SH.MMR.LEVE.AL,1
"Congo, Rep.",COG,1976,Paid leave of at least 14 weeks available to mothers (1=yes; 0=no),SH.MMR.LEVE.AL,1
"Congo, Rep.",COG,1975,Paid leave of at least 14 weeks available to mothers (1=yes; 0=no),SH.MMR.LEVE.AL,1
"Congo, Rep.",COG,1974,Paid leave of at least 14 weeks available to mothers (1=yes; 0=no),SH.MMR.LEVE.AL,1
"Congo, Rep.",COG,1973,Paid leave of at least 14 weeks available to mothers (1=yes; 0=no),SH.MMR.LEVE.AL,1
"Congo, Rep.",COG,1972,Paid leave of at least 14 weeks available to mothers (1=yes; 0=no),SH.MMR.LEVE.AL,1
"Congo, Rep.",COG,1971,Paid leave of at least 14 weeks available to mothers (1=yes; 0=no),SH.MMR.LEVE.AL,1
"Congo, Rep.",COG,1970,Paid leave of at least 14 weeks available to mothers (1=yes; 0=no),SH.MMR.LEVE.AL,1
"Congo, Rep.",COG,2023,The government administers 100 percent of maternity leave benefits (1=yes; 0=no),SH.MMR.LEVE.GT,0
"Congo, Rep.",COG,2022,The government administers 100 percent of maternity leave benefits (1=yes; 0=no),SH.MMR.LEVE.GT,0
"Congo, Rep.",COG,2021,The government administers 100 percent of maternity leave benefits (1=yes; 0=no),SH.MMR.LEVE.GT,0
"Congo, Rep.",COG,2020,The government administers 100 percent of maternity leave benefits (1=yes; 0=no),SH.MMR.LEVE.GT,0
"Congo, Rep.",COG,2019,The government administers 100 percent of maternity leave benefits (1=yes; 0=no),SH.MMR.LEVE.GT,0
"Congo, Rep.",COG,2018,The government administers 100 percent of maternity leave benefits (1=yes; 0=no),SH.MMR.LEVE.GT,0
"Congo, Rep.",COG,2017,The government administers 100 percent of maternity leave benefits (1=yes; 0=no),SH.MMR.LEVE.GT,0
"Congo, Rep.",COG,2016,The government administers 100 percent of maternity leave benefits (1=yes; 0=no),SH.MMR.LEVE.GT,0
"Congo, Rep.",COG,2015,The government administers 100 percent of maternity leave benefits (1=yes; 0=no),SH.MMR.LEVE.GT,0
"Congo, Rep.",COG,2014,The government administers 100 percent of maternity leave benefits (1=yes; 0=no),SH.MMR.LEVE.GT,0
"Congo, Rep.",COG,2013,The government administers 100 percent of maternity leave benefits (1=yes; 0=no),SH.MMR.LEVE.GT,0
"Congo, Rep.",COG,2012,The government administers 100 percent of maternity leave benefits (1=yes; 0=no),SH.MMR.LEVE.GT,0
"Congo, Rep.",COG,2011,The government administers 100 percent of maternity leave benefits (1=yes; 0=no),SH.MMR.LEVE.GT,0
"Congo, Rep.",COG,2010,The government administers 100 percent of maternity leave benefits (1=yes; 0=no),SH.MMR.LEVE.GT,0
"Congo, Rep.",COG,2009,The government administers 100 percent of maternity leave benefits (1=yes; 0=no),SH.MMR.LEVE.GT,0
"Congo, Rep.",COG,2008,The government administers 100 percent of maternity leave benefits (1=yes; 0=no),SH.MMR.LEVE.GT,0
"Congo, Rep.",COG,2007,The government administers 100 percent of maternity leave benefits (1=yes; 0=no),SH.MMR.LEVE.GT,0
"Congo, Rep.",COG,2006,The government administers 100 percent of maternity leave benefits (1=yes; 0=no),SH.MMR.LEVE.GT,0
"Congo, Rep.",COG,2005,The government administers 100 percent of maternity leave benefits (1=yes; 0=no),SH.MMR.LEVE.GT,0
"Congo, Rep.",COG,2004,The government administers 100 percent of maternity leave benefits (1=yes; 0=no),SH.MMR.LEVE.GT,0
"Congo, Rep.",COG,2003,The government administers 100 percent of maternity leave benefits (1=yes; 0=no),SH.MMR.LEVE.GT,0
"Congo, Rep.",COG,2002,The government administers 100 percent of maternity leave benefits (1=yes; 0=no),SH.MMR.LEVE.GT,0
"Congo, Rep.",COG,2001,The government administers 100 percent of maternity leave benefits (1=yes; 0=no),SH.MMR.LEVE.GT,0
"Congo, Rep.",COG,2000,The government administers 100 percent of maternity leave benefits (1=yes; 0=no),SH.MMR.LEVE.GT,0
"Congo, Rep.",COG,1999,The government administers 100 percent of maternity leave benefits (1=yes; 0=no),SH.MMR.LEVE.GT,0
"Congo, Rep.",COG,1998,The government administers 100 percent of maternity leave benefits (1=yes; 0=no),SH.MMR.LEVE.GT,0
"Congo, Rep.",COG,1997,The government administers 100 percent of maternity leave benefits (1=yes; 0=no),SH.MMR.LEVE.GT,0
"Congo, Rep.",COG,1996,The government administers 100 percent of maternity leave benefits (1=yes; 0=no),SH.MMR.LEVE.GT,0
"Congo, Rep.",COG,1995,The government administers 100 percent of maternity leave benefits (1=yes; 0=no),SH.MMR.LEVE.GT,0
"Congo, Rep.",COG,1994,The government administers 100 percent of maternity leave benefits (1=yes; 0=no),SH.MMR.LEVE.GT,0
"Congo, Rep.",COG,1993,The government administers 100 percent of maternity leave benefits (1=yes; 0=no),SH.MMR.LEVE.GT,0
"Congo, Rep.",COG,1992,The government administers 100 percent of maternity leave benefits (1=yes; 0=no),SH.MMR.LEVE.GT,0
"Congo, Rep.",COG,1991,The government administers 100 percent of maternity leave benefits (1=yes; 0=no),SH.MMR.LEVE.GT,0
"Congo, Rep.",COG,1990,The government administers 100 percent of maternity leave benefits (1=yes; 0=no),SH.MMR.LEVE.GT,0
"Congo, Rep.",COG,1989,The government administers 100 percent of maternity leave benefits (1=yes; 0=no),SH.MMR.LEVE.GT,0
"Congo, Rep.",COG,1988,The government administers 100 percent of maternity leave benefits (1=yes; 0=no),SH.MMR.LEVE.GT,0
"Congo, Rep.",COG,1987,The government administers 100 percent of maternity leave benefits (1=yes; 0=no),SH.MMR.LEVE.GT,0
"Congo, Rep.",COG,1986,The government administers 100 percent of maternity leave benefits (1=yes; 0=no),SH.MMR.LEVE.GT,0
"Congo, Rep.",COG,1985,The government administers 100 percent of maternity leave benefits (1=yes; 0=no),SH.MMR.LEVE.GT,0
"Congo, Rep.",COG,1984,The government administers 100 percent of maternity leave benefits (1=yes; 0=no),SH.MMR.LEVE.GT,0
"Congo, Rep.",COG,1983,The government administers 100 percent of maternity leave benefits (1=yes; 0=no),SH.MMR.LEVE.GT,0
"Congo, Rep.",COG,1982,The government administers 100 percent of maternity leave benefits (1=yes; 0=no),SH.MMR.LEVE.GT,0
"Congo, Rep.",COG,1981,The government administers 100 percent of maternity leave benefits (1=yes; 0=no),SH.MMR.LEVE.GT,0
"Congo, Rep.",COG,1980,The government administers 100 percent of maternity leave benefits (1=yes; 0=no),SH.MMR.LEVE.GT,0
"Congo, Rep.",COG,1979,The government administers 100 percent of maternity leave benefits (1=yes; 0=no),SH.MMR.LEVE.GT,0
"Congo, Rep.",COG,1978,The government administers 100 percent of maternity leave benefits (1=yes; 0=no),SH.MMR.LEVE.GT,0
"Congo, Rep.",COG,1977,The government administers 100 percent of maternity leave benefits (1=yes; 0=no),SH.MMR.LEVE.GT,0
"Congo, Rep.",COG,1976,The government administers 100 percent of maternity leave benefits (1=yes; 0=no),SH.MMR.LEVE.GT,0
"Congo, Rep.",COG,1975,The government administers 100 percent of maternity leave benefits (1=yes; 0=no),SH.MMR.LEVE.GT,0
"Congo, Rep.",COG,1974,The government administers 100 percent of maternity leave benefits (1=yes; 0=no),SH.MMR.LEVE.GT,0
"Congo, Rep.",COG,1973,The government administers 100 percent of maternity leave benefits (1=yes; 0=no),SH.MMR.LEVE.GT,0
"Congo, Rep.",COG,1972,The government administers 100 percent of maternity leave benefits (1=yes; 0=no),SH.MMR.LEVE.GT,0
"Congo, Rep.",COG,1971,The government administers 100 percent of maternity leave benefits (1=yes; 0=no),SH.MMR.LEVE.GT,0
"Congo, Rep.",COG,1970,The government administers 100 percent of maternity leave benefits (1=yes; 0=no),SH.MMR.LEVE.GT,0
"Congo, Rep.",COG,2023,Length of paid shared parental leave (calendar days),SH.PAR.LEVE,0
"Congo, Rep.",COG,2022,Length of paid shared parental leave (calendar days),SH.PAR.LEVE,0
"Congo, Rep.",COG,2021,Length of paid shared parental leave (calendar days),SH.PAR.LEVE,0
"Congo, Rep.",COG,2020,Length of paid shared parental leave (calendar days),SH.PAR.LEVE,0
"Congo, Rep.",COG,2019,Length of paid shared parental leave (calendar days),SH.PAR.LEVE,0
"Congo, Rep.",COG,2018,Length of paid shared parental leave (calendar days),SH.PAR.LEVE,0
"Congo, Rep.",COG,2017,Length of paid shared parental leave (calendar days),SH.PAR.LEVE,0
"Congo, Rep.",COG,2016,Length of paid shared parental leave (calendar days),SH.PAR.LEVE,0
"Congo, Rep.",COG,2015,Length of paid shared parental leave (calendar days),SH.PAR.LEVE,0
"Congo, Rep.",COG,2014,Length of paid shared parental leave (calendar days),SH.PAR.LEVE,0
"Congo, Rep.",COG,2013,Length of paid shared parental leave (calendar days),SH.PAR.LEVE,0
"Congo, Rep.",COG,2012,Length of paid shared parental leave (calendar days),SH.PAR.LEVE,0
"Congo, Rep.",COG,2011,Length of paid shared parental leave (calendar days),SH.PAR.LEVE,0
"Congo, Rep.",COG,2010,Length of paid shared parental leave (calendar days),SH.PAR.LEVE,0
"Congo, Rep.",COG,2009,Length of paid shared parental leave (calendar days),SH.PAR.LEVE,0
"Congo, Rep.",COG,2008,Length of paid shared parental leave (calendar days),SH.PAR.LEVE,0
"Congo, Rep.",COG,2007,Length of paid shared parental leave (calendar days),SH.PAR.LEVE,0
"Congo, Rep.",COG,2006,Length of paid shared parental leave (calendar days),SH.PAR.LEVE,0
"Congo, Rep.",COG,2005,Length of paid shared parental leave (calendar days),SH.PAR.LEVE,0
"Congo, Rep.",COG,2004,Length of paid shared parental leave (calendar days),SH.PAR.LEVE,0
"Congo, Rep.",COG,2003,Length of paid shared parental leave (calendar days),SH.PAR.LEVE,0
"Congo, Rep.",COG,2002,Length of paid shared parental leave (calendar days),SH.PAR.LEVE,0
"Congo, Rep.",COG,2001,Length of paid shared parental leave (calendar days),SH.PAR.LEVE,0
"Congo, Rep.",COG,2000,Length of paid shared parental leave (calendar days),SH.PAR.LEVE,0
"Congo, Rep.",COG,1999,Length of paid shared parental leave (calendar days),SH.PAR.LEVE,0
"Congo, Rep.",COG,1998,Length of paid shared parental leave (calendar days),SH.PAR.LEVE,0
"Congo, Rep.",COG,1997,Length of paid shared parental leave (calendar days),SH.PAR.LEVE,0
"Congo, Rep.",COG,1996,Length of paid shared parental leave (calendar days),SH.PAR.LEVE,0
"Congo, Rep.",COG,1995,Length of paid shared parental leave (calendar days),SH.PAR.LEVE,0
"Congo, Rep.",COG,1994,Length of paid shared parental leave (calendar days),SH.PAR.LEVE,0
"Congo, Rep.",COG,1993,Length of paid shared parental leave (calendar days),SH.PAR.LEVE,0
"Congo, Rep.",COG,1992,Length of paid shared parental leave (calendar days),SH.PAR.LEVE,0
"Congo, Rep.",COG,1991,Length of paid shared parental leave (calendar days),SH.PAR.LEVE,0
"Congo, Rep.",COG,1990,Length of paid shared parental leave (calendar days),SH.PAR.LEVE,0
"Congo, Rep.",COG,1989,Length of paid shared parental leave (calendar days),SH.PAR.LEVE,0
"Congo, Rep.",COG,1988,Length of paid shared parental leave (calendar days),SH.PAR.LEVE,0
"Congo, Rep.",COG,1987,Length of paid shared parental leave (calendar days),SH.PAR.LEVE,0
"Congo, Rep.",COG,1986,Length of paid shared parental leave (calendar days),SH.PAR.LEVE,0
"Congo, Rep.",COG,1985,Length of paid shared parental leave (calendar days),SH.PAR.LEVE,0
"Congo, Rep.",COG,1984,Length of paid shared parental leave (calendar days),SH.PAR.LEVE,0
"Congo, Rep.",COG,1983,Length of paid shared parental leave (calendar days),SH.PAR.LEVE,0
"Congo, Rep.",COG,1982,Length of paid shared parental leave (calendar days),SH.PAR.LEVE,0
"Congo, Rep.",COG,1981,Length of paid shared parental leave (calendar days),SH.PAR.LEVE,0
"Congo, Rep.",COG,1980,Length of paid shared parental leave (calendar days),SH.PAR.LEVE,0
"Congo, Rep.",COG,1979,Length of paid shared parental leave (calendar days),SH.PAR.LEVE,0
"Congo, Rep.",COG,1978,Length of paid shared parental leave (calendar days),SH.PAR.LEVE,0
"Congo, Rep.",COG,1977,Length of paid shared parental leave (calendar days),SH.PAR.LEVE,0
"Congo, Rep.",COG,1976,Length of paid shared parental leave (calendar days),SH.PAR.LEVE,0
"Congo, Rep.",COG,1975,Length of paid shared parental leave (calendar days),SH.PAR.LEVE,0
"Congo, Rep.",COG,1974,Length of paid shared parental leave (calendar days),SH.PAR.LEVE,0
"Congo, Rep.",COG,1973,Length of paid shared parental leave (calendar days),SH.PAR.LEVE,0
"Congo, Rep.",COG,1972,Length of paid shared parental leave (calendar days),SH.PAR.LEVE,0
"Congo, Rep.",COG,1971,Length of paid shared parental leave (calendar days),SH.PAR.LEVE,0
"Congo, Rep.",COG,1970,Length of paid shared parental leave (calendar days),SH.PAR.LEVE,0
"Congo, Rep.",COG,2023,There is paid parental leave (1=yes; 0=no),SH.PAR.LEVE.AL,0
"Congo, Rep.",COG,2022,There is paid parental leave (1=yes; 0=no),SH.PAR.LEVE.AL,0
"Congo, Rep.",COG,2021,There is paid parental leave (1=yes; 0=no),SH.PAR.LEVE.AL,0
"Congo, Rep.",COG,2020,There is paid parental leave (1=yes; 0=no),SH.PAR.LEVE.AL,0
"Congo, Rep.",COG,2019,There is paid parental leave (1=yes; 0=no),SH.PAR.LEVE.AL,0
"Congo, Rep.",COG,2018,There is paid parental leave (1=yes; 0=no),SH.PAR.LEVE.AL,0
"Congo, Rep.",COG,2017,There is paid parental leave (1=yes; 0=no),SH.PAR.LEVE.AL,0
"Congo, Rep.",COG,2016,There is paid parental leave (1=yes; 0=no),SH.PAR.LEVE.AL,0
"Congo, Rep.",COG,2015,There is paid parental leave (1=yes; 0=no),SH.PAR.LEVE.AL,0
"Congo, Rep.",COG,2014,There is paid parental leave (1=yes; 0=no),SH.PAR.LEVE.AL,0
"Congo, Rep.",COG,2013,There is paid parental leave (1=yes; 0=no),SH.PAR.LEVE.AL,0
"Congo, Rep.",COG,2012,There is paid parental leave (1=yes; 0=no),SH.PAR.LEVE.AL,0
"Congo, Rep.",COG,2011,There is paid parental leave (1=yes; 0=no),SH.PAR.LEVE.AL,0
"Congo, Rep.",COG,2010,There is paid parental leave (1=yes; 0=no),SH.PAR.LEVE.AL,0
"Congo, Rep.",COG,2009,There is paid parental leave (1=yes; 0=no),SH.PAR.LEVE.AL,0
"Congo, Rep.",COG,2008,There is paid parental leave (1=yes; 0=no),SH.PAR.LEVE.AL,0
"Congo, Rep.",COG,2007,There is paid parental leave (1=yes; 0=no),SH.PAR.LEVE.AL,0
"Congo, Rep.",COG,2006,There is paid parental leave (1=yes; 0=no),SH.PAR.LEVE.AL,0
"Congo, Rep.",COG,2005,There is paid parental leave (1=yes; 0=no),SH.PAR.LEVE.AL,0
"Congo, Rep.",COG,2004,There is paid parental leave (1=yes; 0=no),SH.PAR.LEVE.AL,0
"Congo, Rep.",COG,2003,There is paid parental leave (1=yes; 0=no),SH.PAR.LEVE.AL,0
"Congo, Rep.",COG,2002,There is paid parental leave (1=yes; 0=no),SH.PAR.LEVE.AL,0
"Congo, Rep.",COG,2001,There is paid parental leave (1=yes; 0=no),SH.PAR.LEVE.AL,0
"Congo, Rep.",COG,2000,There is paid parental leave (1=yes; 0=no),SH.PAR.LEVE.AL,0
"Congo, Rep.",COG,1999,There is paid parental leave (1=yes; 0=no),SH.PAR.LEVE.AL,0
"Congo, Rep.",COG,1998,There is paid parental leave (1=yes; 0=no),SH.PAR.LEVE.AL,0
"Congo, Rep.",COG,1997,There is paid parental leave (1=yes; 0=no),SH.PAR.LEVE.AL,0
"Congo, Rep.",COG,1996,There is paid parental leave (1=yes; 0=no),SH.PAR.LEVE.AL,0
"Congo, Rep.",COG,1995,There is paid parental leave (1=yes; 0=no),SH.PAR.LEVE.AL,0
"Congo, Rep.",COG,1994,There is paid parental leave (1=yes; 0=no),SH.PAR.LEVE.AL,0
"Congo, Rep.",COG,1993,There is paid parental leave (1=yes; 0=no),SH.PAR.LEVE.AL,0
"Congo, Rep.",COG,1992,There is paid parental leave (1=yes; 0=no),SH.PAR.LEVE.AL,0
"Congo, Rep.",COG,1991,There is paid parental leave (1=yes; 0=no),SH.PAR.LEVE.AL,0
"Congo, Rep.",COG,1990,There is paid parental leave (1=yes; 0=no),SH.PAR.LEVE.AL,0
"Congo, Rep.",COG,1989,There is paid parental leave (1=yes; 0=no),SH.PAR.LEVE.AL,0
"Congo, Rep.",COG,1988,There is paid parental leave (1=yes; 0=no),SH.PAR.LEVE.AL,0
"Congo, Rep.",COG,1987,There is paid parental leave (1=yes; 0=no),SH.PAR.LEVE.AL,0
"Congo, Rep.",COG,1986,There is paid parental leave (1=yes; 0=no),SH.PAR.LEVE.AL,0
"Congo, Rep.",COG,1985,There is paid parental leave (1=yes; 0=no),SH.PAR.LEVE.AL,0
"Congo, Rep.",COG,1984,There is paid parental leave (1=yes; 0=no),SH.PAR.LEVE.AL,0
"Congo, Rep.",COG,1983,There is paid parental leave (1=yes; 0=no),SH.PAR.LEVE.AL,0
"Congo, Rep.",COG,1982,There is paid parental leave (1=yes; 0=no),SH.PAR.LEVE.AL,0
"Congo, Rep.",COG,1981,There is paid parental leave (1=yes; 0=no),SH.PAR.LEVE.AL,0
"Congo, Rep.",COG,1980,There is paid parental leave (1=yes; 0=no),SH.PAR.LEVE.AL,0
"Congo, Rep.",COG,1979,There is paid parental leave (1=yes; 0=no),SH.PAR.LEVE.AL,0
"Congo, Rep.",COG,1978,There is paid parental leave (1=yes; 0=no),SH.PAR.LEVE.AL,0
"Congo, Rep.",COG,1977,There is paid parental leave (1=yes; 0=no),SH.PAR.LEVE.AL,0
"Congo, Rep.",COG,1976,There is paid parental leave (1=yes; 0=no),SH.PAR.LEVE.AL,0
"Congo, Rep.",COG,1975,There is paid parental leave (1=yes; 0=no),SH.PAR.LEVE.AL,0
"Congo, Rep.",COG,1974,There is paid parental leave (1=yes; 0=no),SH.PAR.LEVE.AL,0
"Congo, Rep.",COG,1973,There is paid parental leave (1=yes; 0=no),SH.PAR.LEVE.AL,0
"Congo, Rep.",COG,1972,There is paid parental leave (1=yes; 0=no),SH.PAR.LEVE.AL,0
"Congo, Rep.",COG,1971,There is paid parental leave (1=yes; 0=no),SH.PAR.LEVE.AL,0
"Congo, Rep.",COG,1970,There is paid parental leave (1=yes; 0=no),SH.PAR.LEVE.AL,0
"Congo, Rep.",COG,2023,Length of paid parental leave for mother (calendar days),SH.PAR.LEVE.FE,0
"Congo, Rep.",COG,2022,Length of paid parental leave for mother (calendar days),SH.PAR.LEVE.FE,0
"Congo, Rep.",COG,2021,Length of paid parental leave for mother (calendar days),SH.PAR.LEVE.FE,0
"Congo, Rep.",COG,2020,Length of paid parental leave for mother (calendar days),SH.PAR.LEVE.FE,0
"Congo, Rep.",COG,2019,Length of paid parental leave for mother (calendar days),SH.PAR.LEVE.FE,0
"Congo, Rep.",COG,2018,Length of paid parental leave for mother (calendar days),SH.PAR.LEVE.FE,0
"Congo, Rep.",COG,2017,Length of paid parental leave for mother (calendar days),SH.PAR.LEVE.FE,0
"Congo, Rep.",COG,2016,Length of paid parental leave for mother (calendar days),SH.PAR.LEVE.FE,0
"Congo, Rep.",COG,2015,Length of paid parental leave for mother (calendar days),SH.PAR.LEVE.FE,0
"Congo, Rep.",COG,2014,Length of paid parental leave for mother (calendar days),SH.PAR.LEVE.FE,0
"Congo, Rep.",COG,2013,Length of paid parental leave for mother (calendar days),SH.PAR.LEVE.FE,0
"Congo, Rep.",COG,2012,Length of paid parental leave for mother (calendar days),SH.PAR.LEVE.FE,0
"Congo, Rep.",COG,2011,Length of paid parental leave for mother (calendar days),SH.PAR.LEVE.FE,0
"Congo, Rep.",COG,2010,Length of paid parental leave for mother (calendar days),SH.PAR.LEVE.FE,0
"Congo, Rep.",COG,2009,Length of paid parental leave for mother (calendar days),SH.PAR.LEVE.FE,0
"Congo, Rep.",COG,2008,Length of paid parental leave for mother (calendar days),SH.PAR.LEVE.FE,0
"Congo, Rep.",COG,2007,Length of paid parental leave for mother (calendar days),SH.PAR.LEVE.FE,0
"Congo, Rep.",COG,2006,Length of paid parental leave for mother (calendar days),SH.PAR.LEVE.FE,0
"Congo, Rep.",COG,2005,Length of paid parental leave for mother (calendar days),SH.PAR.LEVE.FE,0
"Congo, Rep.",COG,2004,Length of paid parental leave for mother (calendar days),SH.PAR.LEVE.FE,0
"Congo, Rep.",COG,2003,Length of paid parental leave for mother (calendar days),SH.PAR.LEVE.FE,0
"Congo, Rep.",COG,2002,Length of paid parental leave for mother (calendar days),SH.PAR.LEVE.FE,0
"Congo, Rep.",COG,2001,Length of paid parental leave for mother (calendar days),SH.PAR.LEVE.FE,0
"Congo, Rep.",COG,2000,Length of paid parental leave for mother (calendar days),SH.PAR.LEVE.FE,0
"Congo, Rep.",COG,1999,Length of paid parental leave for mother (calendar days),SH.PAR.LEVE.FE,0
"Congo, Rep.",COG,1998,Length of paid parental leave for mother (calendar days),SH.PAR.LEVE.FE,0
"Congo, Rep.",COG,1997,Length of paid parental leave for mother (calendar days),SH.PAR.LEVE.FE,0
"Congo, Rep.",COG,1996,Length of paid parental leave for mother (calendar days),SH.PAR.LEVE.FE,0
"Congo, Rep.",COG,1995,Length of paid parental leave for mother (calendar days),SH.PAR.LEVE.FE,0
"Congo, Rep.",COG,1994,Length of paid parental leave for mother (calendar days),SH.PAR.LEVE.FE,0
"Congo, Rep.",COG,1993,Length of paid parental leave for mother (calendar days),SH.PAR.LEVE.FE,0
"Congo, Rep.",COG,1992,Length of paid parental leave for mother (calendar days),SH.PAR.LEVE.FE,0
"Congo, Rep.",COG,1991,Length of paid parental leave for mother (calendar days),SH.PAR.LEVE.FE,0
"Congo, Rep.",COG,1990,Length of paid parental leave for mother (calendar days),SH.PAR.LEVE.FE,0
"Congo, Rep.",COG,1989,Length of paid parental leave for mother (calendar days),SH.PAR.LEVE.FE,0
"Congo, Rep.",COG,1988,Length of paid parental leave for mother (calendar days),SH.PAR.LEVE.FE,0
"Congo, Rep.",COG,1987,Length of paid parental leave for mother (calendar days),SH.PAR.LEVE.FE,0
"Congo, Rep.",COG,1986,Length of paid parental leave for mother (calendar days),SH.PAR.LEVE.FE,0
"Congo, Rep.",COG,1985,Length of paid parental leave for mother (calendar days),SH.PAR.LEVE.FE,0
"Congo, Rep.",COG,1984,Length of paid parental leave for mother (calendar days),SH.PAR.LEVE.FE,0
"Congo, Rep.",COG,1983,Length of paid parental leave for mother (calendar days),SH.PAR.LEVE.FE,0
"Congo, Rep.",COG,1982,Length of paid parental leave for mother (calendar days),SH.PAR.LEVE.FE,0
"Congo, Rep.",COG,1981,Length of paid parental leave for mother (calendar days),SH.PAR.LEVE.FE,0
"Congo, Rep.",COG,1980,Length of paid parental leave for mother (calendar days),SH.PAR.LEVE.FE,0
"Congo, Rep.",COG,1979,Length of paid parental leave for mother (calendar days),SH.PAR.LEVE.FE,0
"Congo, Rep.",COG,1978,Length of paid parental leave for mother (calendar days),SH.PAR.LEVE.FE,0
"Congo, Rep.",COG,1977,Length of paid parental leave for mother (calendar days),SH.PAR.LEVE.FE,0
"Congo, Rep.",COG,1976,Length of paid parental leave for mother (calendar days),SH.PAR.LEVE.FE,0
"Congo, Rep.",COG,1975,Length of paid parental leave for mother (calendar days),SH.PAR.LEVE.FE,0
"Congo, Rep.",COG,1974,Length of paid parental leave for mother (calendar days),SH.PAR.LEVE.FE,0
"Congo, Rep.",COG,1973,Length of paid parental leave for mother (calendar days),SH.PAR.LEVE.FE,0
"Congo, Rep.",COG,1972,Length of paid parental leave for mother (calendar days),SH.PAR.LEVE.FE,0
"Congo, Rep.",COG,1971,Length of paid parental leave for mother (calendar days),SH.PAR.LEVE.FE,0
"Congo, Rep.",COG,1970,Length of paid parental leave for mother (calendar days),SH.PAR.LEVE.FE,0
"Congo, Rep.",COG,2023,Length of paid parental leave for father (calendar days),SH.PAR.LEVE.MA,0
"Congo, Rep.",COG,2022,Length of paid parental leave for father (calendar days),SH.PAR.LEVE.MA,0
"Congo, Rep.",COG,2021,Length of paid parental leave for father (calendar days),SH.PAR.LEVE.MA,0
"Congo, Rep.",COG,2020,Length of paid parental leave for father (calendar days),SH.PAR.LEVE.MA,0
"Congo, Rep.",COG,2019,Length of paid parental leave for father (calendar days),SH.PAR.LEVE.MA,0
"Congo, Rep.",COG,2018,Length of paid parental leave for father (calendar days),SH.PAR.LEVE.MA,0
"Congo, Rep.",COG,2017,Length of paid parental leave for father (calendar days),SH.PAR.LEVE.MA,0
"Congo, Rep.",COG,2016,Length of paid parental leave for father (calendar days),SH.PAR.LEVE.MA,0
"Congo, Rep.",COG,2015,Length of paid parental leave for father (calendar days),SH.PAR.LEVE.MA,0
"Congo, Rep.",COG,2014,Length of paid parental leave for father (calendar days),SH.PAR.LEVE.MA,0
"Congo, Rep.",COG,2013,Length of paid parental leave for father (calendar days),SH.PAR.LEVE.MA,0
"Congo, Rep.",COG,2012,Length of paid parental leave for father (calendar days),SH.PAR.LEVE.MA,0
"Congo, Rep.",COG,2011,Length of paid parental leave for father (calendar days),SH.PAR.LEVE.MA,0
"Congo, Rep.",COG,2010,Length of paid parental leave for father (calendar days),SH.PAR.LEVE.MA,0
"Congo, Rep.",COG,2009,Length of paid parental leave for father (calendar days),SH.PAR.LEVE.MA,0
"Congo, Rep.",COG,2008,Length of paid parental leave for father (calendar days),SH.PAR.LEVE.MA,0
"Congo, Rep.",COG,2007,Length of paid parental leave for father (calendar days),SH.PAR.LEVE.MA,0
"Congo, Rep.",COG,2006,Length of paid parental leave for father (calendar days),SH.PAR.LEVE.MA,0
"Congo, Rep.",COG,2005,Length of paid parental leave for father (calendar days),SH.PAR.LEVE.MA,0
"Congo, Rep.",COG,2004,Length of paid parental leave for father (calendar days),SH.PAR.LEVE.MA,0
"Congo, Rep.",COG,2003,Length of paid parental leave for father (calendar days),SH.PAR.LEVE.MA,0
"Congo, Rep.",COG,2002,Length of paid parental leave for father (calendar days),SH.PAR.LEVE.MA,0
"Congo, Rep.",COG,2001,Length of paid parental leave for father (calendar days),SH.PAR.LEVE.MA,0
"Congo, Rep.",COG,2000,Length of paid parental leave for father (calendar days),SH.PAR.LEVE.MA,0
"Congo, Rep.",COG,1999,Length of paid parental leave for father (calendar days),SH.PAR.LEVE.MA,0
"Congo, Rep.",COG,1998,Length of paid parental leave for father (calendar days),SH.PAR.LEVE.MA,0
"Congo, Rep.",COG,1997,Length of paid parental leave for father (calendar days),SH.PAR.LEVE.MA,0
"Congo, Rep.",COG,1996,Length of paid parental leave for father (calendar days),SH.PAR.LEVE.MA,0
"Congo, Rep.",COG,1995,Length of paid parental leave for father (calendar days),SH.PAR.LEVE.MA,0
"Congo, Rep.",COG,1994,Length of paid parental leave for father (calendar days),SH.PAR.LEVE.MA,0
"Congo, Rep.",COG,1993,Length of paid parental leave for father (calendar days),SH.PAR.LEVE.MA,0
"Congo, Rep.",COG,1992,Length of paid parental leave for father (calendar days),SH.PAR.LEVE.MA,0
"Congo, Rep.",COG,1991,Length of paid parental leave for father (calendar days),SH.PAR.LEVE.MA,0
"Congo, Rep.",COG,1990,Length of paid parental leave for father (calendar days),SH.PAR.LEVE.MA,0
"Congo, Rep.",COG,1989,Length of paid parental leave for father (calendar days),SH.PAR.LEVE.MA,0
"Congo, Rep.",COG,1988,Length of paid parental leave for father (calendar days),SH.PAR.LEVE.MA,0
"Congo, Rep.",COG,1987,Length of paid parental leave for father (calendar days),SH.PAR.LEVE.MA,0
"Congo, Rep.",COG,1986,Length of paid parental leave for father (calendar days),SH.PAR.LEVE.MA,0
"Congo, Rep.",COG,1985,Length of paid parental leave for father (calendar days),SH.PAR.LEVE.MA,0
"Congo, Rep.",COG,1984,Length of paid parental leave for father (calendar days),SH.PAR.LEVE.MA,0
"Congo, Rep.",COG,1983,Length of paid parental leave for father (calendar days),SH.PAR.LEVE.MA,0
"Congo, Rep.",COG,1982,Length of paid parental leave for father (calendar days),SH.PAR.LEVE.MA,0
"Congo, Rep.",COG,1981,Length of paid parental leave for father (calendar days),SH.PAR.LEVE.MA,0
"Congo, Rep.",COG,1980,Length of paid parental leave for father (calendar days),SH.PAR.LEVE.MA,0
"Congo, Rep.",COG,1979,Length of paid parental leave for father (calendar days),SH.PAR.LEVE.MA,0
"Congo, Rep.",COG,1978,Length of paid parental leave for father (calendar days),SH.PAR.LEVE.MA,0
"Congo, Rep.",COG,1977,Length of paid parental leave for father (calendar days),SH.PAR.LEVE.MA,0
"Congo, Rep.",COG,1976,Length of paid parental leave for father (calendar days),SH.PAR.LEVE.MA,0
"Congo, Rep.",COG,1975,Length of paid parental leave for father (calendar days),SH.PAR.LEVE.MA,0
"Congo, Rep.",COG,1974,Length of paid parental leave for father (calendar days),SH.PAR.LEVE.MA,0
"Congo, Rep.",COG,1973,Length of paid parental leave for father (calendar days),SH.PAR.LEVE.MA,0
"Congo, Rep.",COG,1972,Length of paid parental leave for father (calendar days),SH.PAR.LEVE.MA,0
"Congo, Rep.",COG,1971,Length of paid parental leave for father (calendar days),SH.PAR.LEVE.MA,0
"Congo, Rep.",COG,1970,Length of paid parental leave for father (calendar days),SH.PAR.LEVE.MA,0
"Congo, Rep.",COG,2023,Length of paid paternity leave (calendar days),SH.PTR.LEVE,0
"Congo, Rep.",COG,2022,Length of paid paternity leave (calendar days),SH.PTR.LEVE,0
"Congo, Rep.",COG,2021,Length of paid paternity leave (calendar days),SH.PTR.LEVE,0
"Congo, Rep.",COG,2020,Length of paid paternity leave (calendar days),SH.PTR.LEVE,0
"Congo, Rep.",COG,2019,Length of paid paternity leave (calendar days),SH.PTR.LEVE,0
"Congo, Rep.",COG,2018,Length of paid paternity leave (calendar days),SH.PTR.LEVE,0
"Congo, Rep.",COG,2017,Length of paid paternity leave (calendar days),SH.PTR.LEVE,0
"Congo, Rep.",COG,2016,Length of paid paternity leave (calendar days),SH.PTR.LEVE,0
"Congo, Rep.",COG,2015,Length of paid paternity leave (calendar days),SH.PTR.LEVE,0
"Congo, Rep.",COG,2014,Length of paid paternity leave (calendar days),SH.PTR.LEVE,0
"Congo, Rep.",COG,2013,Length of paid paternity leave (calendar days),SH.PTR.LEVE,0
"Congo, Rep.",COG,2012,Length of paid paternity leave (calendar days),SH.PTR.LEVE,0
"Congo, Rep.",COG,2011,Length of paid paternity leave (calendar days),SH.PTR.LEVE,0
"Congo, Rep.",COG,2010,Length of paid paternity leave (calendar days),SH.PTR.LEVE,0
"Congo, Rep.",COG,2009,Length of paid paternity leave (calendar days),SH.PTR.LEVE,0
"Congo, Rep.",COG,2008,Length of paid paternity leave (calendar days),SH.PTR.LEVE,0
"Congo, Rep.",COG,2007,Length of paid paternity leave (calendar days),SH.PTR.LEVE,0
"Congo, Rep.",COG,2006,Length of paid paternity leave (calendar days),SH.PTR.LEVE,0
"Congo, Rep.",COG,2005,Length of paid paternity leave (calendar days),SH.PTR.LEVE,0
"Congo, Rep.",COG,2004,Length of paid paternity leave (calendar days),SH.PTR.LEVE,0
"Congo, Rep.",COG,2003,Length of paid paternity leave (calendar days),SH.PTR.LEVE,0
"Congo, Rep.",COG,2002,Length of paid paternity leave (calendar days),SH.PTR.LEVE,0
"Congo, Rep.",COG,2001,Length of paid paternity leave (calendar days),SH.PTR.LEVE,0
"Congo, Rep.",COG,2000,Length of paid paternity leave (calendar days),SH.PTR.LEVE,0
"Congo, Rep.",COG,1999,Length of paid paternity leave (calendar days),SH.PTR.LEVE,0
"Congo, Rep.",COG,1998,Length of paid paternity leave (calendar days),SH.PTR.LEVE,0
"Congo, Rep.",COG,1997,Length of paid paternity leave (calendar days),SH.PTR.LEVE,0
"Congo, Rep.",COG,1996,Length of paid paternity leave (calendar days),SH.PTR.LEVE,0
"Congo, Rep.",COG,1995,Length of paid paternity leave (calendar days),SH.PTR.LEVE,0
"Congo, Rep.",COG,1994,Length of paid paternity leave (calendar days),SH.PTR.LEVE,0
"Congo, Rep.",COG,1993,Length of paid paternity leave (calendar days),SH.PTR.LEVE,0
"Congo, Rep.",COG,1992,Length of paid paternity leave (calendar days),SH.PTR.LEVE,0
"Congo, Rep.",COG,1991,Length of paid paternity leave (calendar days),SH.PTR.LEVE,0
"Congo, Rep.",COG,1990,Length of paid paternity leave (calendar days),SH.PTR.LEVE,0
"Congo, Rep.",COG,1989,Length of paid paternity leave (calendar days),SH.PTR.LEVE,0
"Congo, Rep.",COG,1988,Length of paid paternity leave (calendar days),SH.PTR.LEVE,0
"Congo, Rep.",COG,1987,Length of paid paternity leave (calendar days),SH.PTR.LEVE,0
"Congo, Rep.",COG,1986,Length of paid paternity leave (calendar days),SH.PTR.LEVE,0
"Congo, Rep.",COG,1985,Length of paid paternity leave (calendar days),SH.PTR.LEVE,0
"Congo, Rep.",COG,1984,Length of paid paternity leave (calendar days),SH.PTR.LEVE,0
"Congo, Rep.",COG,1983,Length of paid paternity leave (calendar days),SH.PTR.LEVE,0
"Congo, Rep.",COG,1982,Length of paid paternity leave (calendar days),SH.PTR.LEVE,0
"Congo, Rep.",COG,1981,Length of paid paternity leave (calendar days),SH.PTR.LEVE,0
"Congo, Rep.",COG,1980,Length of paid paternity leave (calendar days),SH.PTR.LEVE,0
"Congo, Rep.",COG,1979,Length of paid paternity leave (calendar days),SH.PTR.LEVE,0
"Congo, Rep.",COG,1978,Length of paid paternity leave (calendar days),SH.PTR.LEVE,0
"Congo, Rep.",COG,1977,Length of paid paternity leave (calendar days),SH.PTR.LEVE,0
"Congo, Rep.",COG,1976,Length of paid paternity leave (calendar days),SH.PTR.LEVE,0
"Congo, Rep.",COG,1975,Length of paid paternity leave (calendar days),SH.PTR.LEVE,0
"Congo, Rep.",COG,1974,Length of paid paternity leave (calendar days),SH.PTR.LEVE,0
"Congo, Rep.",COG,1973,Length of paid paternity leave (calendar days),SH.PTR.LEVE,0
"Congo, Rep.",COG,1972,Length of paid paternity leave (calendar days),SH.PTR.LEVE,0
"Congo, Rep.",COG,1971,Length of paid paternity leave (calendar days),SH.PTR.LEVE,0
"Congo, Rep.",COG,1970,Length of paid paternity leave (calendar days),SH.PTR.LEVE,0
"Congo, Rep.",COG,2023,Paid leave is available to fathers (1=yes; 0=no),SH.PTR.LEVE.AL,0
"Congo, Rep.",COG,2022,Paid leave is available to fathers (1=yes; 0=no),SH.PTR.LEVE.AL,0
"Congo, Rep.",COG,2021,Paid leave is available to fathers (1=yes; 0=no),SH.PTR.LEVE.AL,0
"Congo, Rep.",COG,2020,Paid leave is available to fathers (1=yes; 0=no),SH.PTR.LEVE.AL,0
"Congo, Rep.",COG,2019,Paid leave is available to fathers (1=yes; 0=no),SH.PTR.LEVE.AL,0
"Congo, Rep.",COG,2018,Paid leave is available to fathers (1=yes; 0=no),SH.PTR.LEVE.AL,0
"Congo, Rep.",COG,2017,Paid leave is available to fathers (1=yes; 0=no),SH.PTR.LEVE.AL,0
"Congo, Rep.",COG,2016,Paid leave is available to fathers (1=yes; 0=no),SH.PTR.LEVE.AL,0
"Congo, Rep.",COG,2015,Paid leave is available to fathers (1=yes; 0=no),SH.PTR.LEVE.AL,0
"Congo, Rep.",COG,2014,Paid leave is available to fathers (1=yes; 0=no),SH.PTR.LEVE.AL,0
"Congo, Rep.",COG,2013,Paid leave is available to fathers (1=yes; 0=no),SH.PTR.LEVE.AL,0
"Congo, Rep.",COG,2012,Paid leave is available to fathers (1=yes; 0=no),SH.PTR.LEVE.AL,0
"Congo, Rep.",COG,2011,Paid leave is available to fathers (1=yes; 0=no),SH.PTR.LEVE.AL,0
"Congo, Rep.",COG,2010,Paid leave is available to fathers (1=yes; 0=no),SH.PTR.LEVE.AL,0
"Congo, Rep.",COG,2009,Paid leave is available to fathers (1=yes; 0=no),SH.PTR.LEVE.AL,0
"Congo, Rep.",COG,2008,Paid leave is available to fathers (1=yes; 0=no),SH.PTR.LEVE.AL,0
"Congo, Rep.",COG,2007,Paid leave is available to fathers (1=yes; 0=no),SH.PTR.LEVE.AL,0
"Congo, Rep.",COG,2006,Paid leave is available to fathers (1=yes; 0=no),SH.PTR.LEVE.AL,0
"Congo, Rep.",COG,2005,Paid leave is available to fathers (1=yes; 0=no),SH.PTR.LEVE.AL,0
"Congo, Rep.",COG,2004,Paid leave is available to fathers (1=yes; 0=no),SH.PTR.LEVE.AL,0
"Congo, Rep.",COG,2003,Paid leave is available to fathers (1=yes; 0=no),SH.PTR.LEVE.AL,0
"Congo, Rep.",COG,2002,Paid leave is available to fathers (1=yes; 0=no),SH.PTR.LEVE.AL,0
"Congo, Rep.",COG,2001,Paid leave is available to fathers (1=yes; 0=no),SH.PTR.LEVE.AL,0
"Congo, Rep.",COG,2000,Paid leave is available to fathers (1=yes; 0=no),SH.PTR.LEVE.AL,0
"Congo, Rep.",COG,1999,Paid leave is available to fathers (1=yes; 0=no),SH.PTR.LEVE.AL,0
"Congo, Rep.",COG,1998,Paid leave is available to fathers (1=yes; 0=no),SH.PTR.LEVE.AL,0
"Congo, Rep.",COG,1997,Paid leave is available to fathers (1=yes; 0=no),SH.PTR.LEVE.AL,0
"Congo, Rep.",COG,1996,Paid leave is available to fathers (1=yes; 0=no),SH.PTR.LEVE.AL,0
"Congo, Rep.",COG,1995,Paid leave is available to fathers (1=yes; 0=no),SH.PTR.LEVE.AL,0
"Congo, Rep.",COG,1994,Paid leave is available to fathers (1=yes; 0=no),SH.PTR.LEVE.AL,0
"Congo, Rep.",COG,1993,Paid leave is available to fathers (1=yes; 0=no),SH.PTR.LEVE.AL,0
"Congo, Rep.",COG,1992,Paid leave is available to fathers (1=yes; 0=no),SH.PTR.LEVE.AL,0
"Congo, Rep.",COG,1991,Paid leave is available to fathers (1=yes; 0=no),SH.PTR.LEVE.AL,0
"Congo, Rep.",COG,1990,Paid leave is available to fathers (1=yes; 0=no),SH.PTR.LEVE.AL,0
"Congo, Rep.",COG,1989,Paid leave is available to fathers (1=yes; 0=no),SH.PTR.LEVE.AL,0
"Congo, Rep.",COG,1988,Paid leave is available to fathers (1=yes; 0=no),SH.PTR.LEVE.AL,0
"Congo, Rep.",COG,1987,Paid leave is available to fathers (1=yes; 0=no),SH.PTR.LEVE.AL,0
"Congo, Rep.",COG,1986,Paid leave is available to fathers (1=yes; 0=no),SH.PTR.LEVE.AL,0
"Congo, Rep.",COG,1985,Paid leave is available to fathers (1=yes; 0=no),SH.PTR.LEVE.AL,0
"Congo, Rep.",COG,1984,Paid leave is available to fathers (1=yes; 0=no),SH.PTR.LEVE.AL,0
"Congo, Rep.",COG,1983,Paid leave is available to fathers (1=yes; 0=no),SH.PTR.LEVE.AL,0
"Congo, Rep.",COG,1982,Paid leave is available to fathers (1=yes; 0=no),SH.PTR.LEVE.AL,0
"Congo, Rep.",COG,1981,Paid leave is available to fathers (1=yes; 0=no),SH.PTR.LEVE.AL,0
"Congo, Rep.",COG,1980,Paid leave is available to fathers (1=yes; 0=no),SH.PTR.LEVE.AL,0
"Congo, Rep.",COG,1979,Paid leave is available to fathers (1=yes; 0=no),SH.PTR.LEVE.AL,0
"Congo, Rep.",COG,1978,Paid leave is available to fathers (1=yes; 0=no),SH.PTR.LEVE.AL,0
"Congo, Rep.",COG,1977,Paid leave is available to fathers (1=yes; 0=no),SH.PTR.LEVE.AL,0
"Congo, Rep.",COG,1976,Paid leave is available to fathers (1=yes; 0=no),SH.PTR.LEVE.AL,0
"Congo, Rep.",COG,1975,Paid leave is available to fathers (1=yes; 0=no),SH.PTR.LEVE.AL,0
"Congo, Rep.",COG,1974,Paid leave is available to fathers (1=yes; 0=no),SH.PTR.LEVE.AL,0
"Congo, Rep.",COG,1973,Paid leave is available to fathers (1=yes; 0=no),SH.PTR.LEVE.AL,0
"Congo, Rep.",COG,1972,Paid leave is available to fathers (1=yes; 0=no),SH.PTR.LEVE.AL,0
"Congo, Rep.",COG,1971,Paid leave is available to fathers (1=yes; 0=no),SH.PTR.LEVE.AL,0
"Congo, Rep.",COG,1970,Paid leave is available to fathers (1=yes; 0=no),SH.PTR.LEVE.AL,0
"Congo, Rep.",COG,2016,"Prevalence of obesity, female (% of female population ages 18+)",SH.STA.OB18.FE.ZS,13.5
"Congo, Rep.",COG,2015,"Prevalence of obesity, female (% of female population ages 18+)",SH.STA.OB18.FE.ZS,13.1
"Congo, Rep.",COG,2014,"Prevalence of obesity, female (% of female population ages 18+)",SH.STA.OB18.FE.ZS,12.7
"Congo, Rep.",COG,2013,"Prevalence of obesity, female (% of female population ages 18+)",SH.STA.OB18.FE.ZS,12.3
"Congo, Rep.",COG,2012,"Prevalence of obesity, female (% of female population ages 18+)",SH.STA.OB18.FE.ZS,11.9
"Congo, Rep.",COG,2011,"Prevalence of obesity, female (% of female population ages 18+)",SH.STA.OB18.FE.ZS,11.5
"Congo, Rep.",COG,2010,"Prevalence of obesity, female (% of female population ages 18+)",SH.STA.OB18.FE.ZS,11.1
"Congo, Rep.",COG,2009,"Prevalence of obesity, female (% of female population ages 18+)",SH.STA.OB18.FE.ZS,10.8
"Congo, Rep.",COG,2008,"Prevalence of obesity, female (% of female population ages 18+)",SH.STA.OB18.FE.ZS,10.4
"Congo, Rep.",COG,2007,"Prevalence of obesity, female (% of female population ages 18+)",SH.STA.OB18.FE.ZS,10.1
"Congo, Rep.",COG,2006,"Prevalence of obesity, female (% of female population ages 18+)",SH.STA.OB18.FE.ZS,9.7
"Congo, Rep.",COG,2005,"Prevalence of obesity, female (% of female population ages 18+)",SH.STA.OB18.FE.ZS,9.4
"Congo, Rep.",COG,2004,"Prevalence of obesity, female (% of female population ages 18+)",SH.STA.OB18.FE.ZS,9.1
"Congo, Rep.",COG,2003,"Prevalence of obesity, female (% of female population ages 18+)",SH.STA.OB18.FE.ZS,8.7
"Congo, Rep.",COG,2002,"Prevalence of obesity, female (% of female population ages 18+)",SH.STA.OB18.FE.ZS,8.4
"Congo, Rep.",COG,2001,"Prevalence of obesity, female (% of female population ages 18+)",SH.STA.OB18.FE.ZS,8.1
"Congo, Rep.",COG,2000,"Prevalence of obesity, female (% of female population ages 18+)",SH.STA.OB18.FE.ZS,7.8
"Congo, Rep.",COG,1999,"Prevalence of obesity, female (% of female population ages 18+)",SH.STA.OB18.FE.ZS,7.5
"Congo, Rep.",COG,1998,"Prevalence of obesity, female (% of female population ages 18+)",SH.STA.OB18.FE.ZS,7.3
"Congo, Rep.",COG,1997,"Prevalence of obesity, female (% of female population ages 18+)",SH.STA.OB18.FE.ZS,7
"Congo, Rep.",COG,1996,"Prevalence of obesity, female (% of female population ages 18+)",SH.STA.OB18.FE.ZS,6.7
"Congo, Rep.",COG,1995,"Prevalence of obesity, female (% of female population ages 18+)",SH.STA.OB18.FE.ZS,6.5
"Congo, Rep.",COG,1994,"Prevalence of obesity, female (% of female population ages 18+)",SH.STA.OB18.FE.ZS,6.2
"Congo, Rep.",COG,1993,"Prevalence of obesity, female (% of female population ages 18+)",SH.STA.OB18.FE.ZS,6
"Congo, Rep.",COG,1992,"Prevalence of obesity, female (% of female population ages 18+)",SH.STA.OB18.FE.ZS,5.8
"Congo, Rep.",COG,1991,"Prevalence of obesity, female (% of female population ages 18+)",SH.STA.OB18.FE.ZS,5.6
"Congo, Rep.",COG,1990,"Prevalence of obesity, female (% of female population ages 18+)",SH.STA.OB18.FE.ZS,5.3
"Congo, Rep.",COG,1989,"Prevalence of obesity, female (% of female population ages 18+)",SH.STA.OB18.FE.ZS,5.1
"Congo, Rep.",COG,1988,"Prevalence of obesity, female (% of female population ages 18+)",SH.STA.OB18.FE.ZS,4.9
"Congo, Rep.",COG,1987,"Prevalence of obesity, female (% of female population ages 18+)",SH.STA.OB18.FE.ZS,4.7
"Congo, Rep.",COG,1986,"Prevalence of obesity, female (% of female population ages 18+)",SH.STA.OB18.FE.ZS,4.5
"Congo, Rep.",COG,1985,"Prevalence of obesity, female (% of female population ages 18+)",SH.STA.OB18.FE.ZS,4.3
"Congo, Rep.",COG,1984,"Prevalence of obesity, female (% of female population ages 18+)",SH.STA.OB18.FE.ZS,4.1
"Congo, Rep.",COG,1983,"Prevalence of obesity, female (% of female population ages 18+)",SH.STA.OB18.FE.ZS,3.9
"Congo, Rep.",COG,1982,"Prevalence of obesity, female (% of female population ages 18+)",SH.STA.OB18.FE.ZS,3.7
"Congo, Rep.",COG,1981,"Prevalence of obesity, female (% of female population ages 18+)",SH.STA.OB18.FE.ZS,3.5
"Congo, Rep.",COG,1980,"Prevalence of obesity, female (% of female population ages 18+)",SH.STA.OB18.FE.ZS,3.3
"Congo, Rep.",COG,1979,"Prevalence of obesity, female (% of female population ages 18+)",SH.STA.OB18.FE.ZS,3.1
"Congo, Rep.",COG,1978,"Prevalence of obesity, female (% of female population ages 18+)",SH.STA.OB18.FE.ZS,2.9
"Congo, Rep.",COG,1977,"Prevalence of obesity, female (% of female population ages 18+)",SH.STA.OB18.FE.ZS,2.8
"Congo, Rep.",COG,1976,"Prevalence of obesity, female (% of female population ages 18+)",SH.STA.OB18.FE.ZS,2.6
"Congo, Rep.",COG,1975,"Prevalence of obesity, female (% of female population ages 18+)",SH.STA.OB18.FE.ZS,2.5
"Congo, Rep.",COG,2016,"Prevalence of obesity, male (% of male population ages 18+)",SH.STA.OB18.MA.ZS,5.5
"Congo, Rep.",COG,2015,"Prevalence of obesity, male (% of male population ages 18+)",SH.STA.OB18.MA.ZS,5.2
"Congo, Rep.",COG,2014,"Prevalence of obesity, male (% of male population ages 18+)",SH.STA.OB18.MA.ZS,5
"Congo, Rep.",COG,2013,"Prevalence of obesity, male (% of male population ages 18+)",SH.STA.OB18.MA.ZS,4.7
"Congo, Rep.",COG,2012,"Prevalence of obesity, male (% of male population ages 18+)",SH.STA.OB18.MA.ZS,4.5
"Congo, Rep.",COG,2011,"Prevalence of obesity, male (% of male population ages 18+)",SH.STA.OB18.MA.ZS,4.3
"Congo, Rep.",COG,2010,"Prevalence of obesity, male (% of male population ages 18+)",SH.STA.OB18.MA.ZS,4.1
"Congo, Rep.",COG,2009,"Prevalence of obesity, male (% of male population ages 18+)",SH.STA.OB18.MA.ZS,3.8
"Congo, Rep.",COG,2008,"Prevalence of obesity, male (% of male population ages 18+)",SH.STA.OB18.MA.ZS,3.7
"Congo, Rep.",COG,2007,"Prevalence of obesity, male (% of male population ages 18+)",SH.STA.OB18.MA.ZS,3.5
"Congo, Rep.",COG,2006,"Prevalence of obesity, male (% of male population ages 18+)",SH.STA.OB18.MA.ZS,3.3
"Congo, Rep.",COG,2005,"Prevalence of obesity, male (% of male population ages 18+)",SH.STA.OB18.MA.ZS,3.1
"Congo, Rep.",COG,2004,"Prevalence of obesity, male (% of male population ages 18+)",SH.STA.OB18.MA.ZS,2.9
"Congo, Rep.",COG,2003,"Prevalence of obesity, male (% of male population ages 18+)",SH.STA.OB18.MA.ZS,2.8
"Congo, Rep.",COG,2002,"Prevalence of obesity, male (% of male population ages 18+)",SH.STA.OB18.MA.ZS,2.6
"Congo, Rep.",COG,2001,"Prevalence of obesity, male (% of male population ages 18+)",SH.STA.OB18.MA.ZS,2.5
"Congo, Rep.",COG,2000,"Prevalence of obesity, male (% of male population ages 18+)",SH.STA.OB18.MA.ZS,2.4
"Congo, Rep.",COG,1999,"Prevalence of obesity, male (% of male population ages 18+)",SH.STA.OB18.MA.ZS,2.2
"Congo, Rep.",COG,1998,"Prevalence of obesity, male (% of male population ages 18+)",SH.STA.OB18.MA.ZS,2.1
"Congo, Rep.",COG,1997,"Prevalence of obesity, male (% of male population ages 18+)",SH.STA.OB18.MA.ZS,2
"Congo, Rep.",COG,1996,"Prevalence of obesity, male (% of male population ages 18+)",SH.STA.OB18.MA.ZS,1.9
"Congo, Rep.",COG,1995,"Prevalence of obesity, male (% of male population ages 18+)",SH.STA.OB18.MA.ZS,1.8
"Congo, Rep.",COG,1994,"Prevalence of obesity, male (% of male population ages 18+)",SH.STA.OB18.MA.ZS,1.7
"Congo, Rep.",COG,1993,"Prevalence of obesity, male (% of male population ages 18+)",SH.STA.OB18.MA.ZS,1.6
"Congo, Rep.",COG,1992,"Prevalence of obesity, male (% of male population ages 18+)",SH.STA.OB18.MA.ZS,1.5
"Congo, Rep.",COG,1991,"Prevalence of obesity, male (% of male population ages 18+)",SH.STA.OB18.MA.ZS,1.4
"Congo, Rep.",COG,1990,"Prevalence of obesity, male (% of male population ages 18+)",SH.STA.OB18.MA.ZS,1.4
"Congo, Rep.",COG,1989,"Prevalence of obesity, male (% of male population ages 18+)",SH.STA.OB18.MA.ZS,1.3
"Congo, Rep.",COG,1988,"Prevalence of obesity, male (% of male population ages 18+)",SH.STA.OB18.MA.ZS,1.2
"Congo, Rep.",COG,1987,"Prevalence of obesity, male (% of male population ages 18+)",SH.STA.OB18.MA.ZS,1.1
"Congo, Rep.",COG,1986,"Prevalence of obesity, male (% of male population ages 18+)",SH.STA.OB18.MA.ZS,1
"Congo, Rep.",COG,1985,"Prevalence of obesity, male (% of male population ages 18+)",SH.STA.OB18.MA.ZS,1
"Congo, Rep.",COG,1984,"Prevalence of obesity, male (% of male population ages 18+)",SH.STA.OB18.MA.ZS,0.9
"Congo, Rep.",COG,1983,"Prevalence of obesity, male (% of male population ages 18+)",SH.STA.OB18.MA.ZS,0.8
"Congo, Rep.",COG,1982,"Prevalence of obesity, male (% of male population ages 18+)",SH.STA.OB18.MA.ZS,0.8
"Congo, Rep.",COG,1981,"Prevalence of obesity, male (% of male population ages 18+)",SH.STA.OB18.MA.ZS,0.7
"Congo, Rep.",COG,1980,"Prevalence of obesity, male (% of male population ages 18+)",SH.STA.OB18.MA.ZS,0.7
"Congo, Rep.",COG,1979,"Prevalence of obesity, male (% of male population ages 18+)",SH.STA.OB18.MA.ZS,0.6
"Congo, Rep.",COG,1978,"Prevalence of obesity, male (% of male population ages 18+)",SH.STA.OB18.MA.ZS,0.6
"Congo, Rep.",COG,1977,"Prevalence of obesity, male (% of male population ages 18+)",SH.STA.OB18.MA.ZS,0.5
"Congo, Rep.",COG,1976,"Prevalence of obesity, male (% of male population ages 18+)",SH.STA.OB18.MA.ZS,0.5
"Congo, Rep.",COG,1975,"Prevalence of obesity, male (% of male population ages 18+)",SH.STA.OB18.MA.ZS,0.5
"Congo, Rep.",COG,2024,"Labor force, female",SL.TLF.TOTL.FE.IN,1257842
"Congo, Rep.",COG,2023,"Labor force, female",SL.TLF.TOTL.FE.IN,1219913
"Congo, Rep.",COG,2022,"Labor force, female",SL.TLF.TOTL.FE.IN,1182150
"Congo, Rep.",COG,2021,"Labor force, female",SL.TLF.TOTL.FE.IN,1141324
"Congo, Rep.",COG,2020,"Labor force, female",SL.TLF.TOTL.FE.IN,1100397
"Congo, Rep.",COG,2019,"Labor force, female",SL.TLF.TOTL.FE.IN,1091628
"Congo, Rep.",COG,2018,"Labor force, female",SL.TLF.TOTL.FE.IN,1063000
"Congo, Rep.",COG,2017,"Labor force, female",SL.TLF.TOTL.FE.IN,1036430
"Congo, Rep.",COG,2016,"Labor force, female",SL.TLF.TOTL.FE.IN,1012153
"Congo, Rep.",COG,2015,"Labor force, female",SL.TLF.TOTL.FE.IN,990916
"Congo, Rep.",COG,2014,"Labor force, female",SL.TLF.TOTL.FE.IN,972384
"Congo, Rep.",COG,2013,"Labor force, female",SL.TLF.TOTL.FE.IN,955637
"Congo, Rep.",COG,2012,"Labor force, female",SL.TLF.TOTL.FE.IN,940222
"Congo, Rep.",COG,2011,"Labor force, female",SL.TLF.TOTL.FE.IN,920480
"Congo, Rep.",COG,2010,"Labor force, female",SL.TLF.TOTL.FE.IN,895178
"Congo, Rep.",COG,2009,"Labor force, female",SL.TLF.TOTL.FE.IN,857325
"Congo, Rep.",COG,2008,"Labor force, female",SL.TLF.TOTL.FE.IN,821641
"Congo, Rep.",COG,2007,"Labor force, female",SL.TLF.TOTL.FE.IN,795358
"Congo, Rep.",COG,2006,"Labor force, female",SL.TLF.TOTL.FE.IN,764120
"Congo, Rep.",COG,2005,"Labor force, female",SL.TLF.TOTL.FE.IN,732292
"Congo, Rep.",COG,2004,"Labor force, female",SL.TLF.TOTL.FE.IN,702661
"Congo, Rep.",COG,2003,"Labor force, female",SL.TLF.TOTL.FE.IN,675528
"Congo, Rep.",COG,2002,"Labor force, female",SL.TLF.TOTL.FE.IN,655622
"Congo, Rep.",COG,2001,"Labor force, female",SL.TLF.TOTL.FE.IN,640577
"Congo, Rep.",COG,2000,"Labor force, female",SL.TLF.TOTL.FE.IN,610580
"Congo, Rep.",COG,1999,"Labor force, female",SL.TLF.TOTL.FE.IN,580655
"Congo, Rep.",COG,1998,"Labor force, female",SL.TLF.TOTL.FE.IN,563071
"Congo, Rep.",COG,1997,"Labor force, female",SL.TLF.TOTL.FE.IN,550453
"Congo, Rep.",COG,1996,"Labor force, female",SL.TLF.TOTL.FE.IN,539306
"Congo, Rep.",COG,1995,"Labor force, female",SL.TLF.TOTL.FE.IN,524103
"Congo, Rep.",COG,1994,"Labor force, female",SL.TLF.TOTL.FE.IN,509128
"Congo, Rep.",COG,1993,"Labor force, female",SL.TLF.TOTL.FE.IN,493243
"Congo, Rep.",COG,1992,"Labor force, female",SL.TLF.TOTL.FE.IN,477506
"Congo, Rep.",COG,1991,"Labor force, female",SL.TLF.TOTL.FE.IN,463135
"Congo, Rep.",COG,1990,"Labor force, female",SL.TLF.TOTL.FE.IN,449074
"Congo, Rep.",COG,2009,Ratio of female to male youth unemployment rate (%) (national estimate),SL.UEM.1524.FM.NE.ZS,80.7092730486956
"Congo, Rep.",COG,2005,Ratio of female to male youth unemployment rate (%) (national estimate),SL.UEM.1524.FM.NE.ZS,95.6900549115314
"Congo, Rep.",COG,2024,Ratio of female to male youth unemployment rate (% ages 15-24) (modeled ILO estimate),SL.UEM.1524.FM.ZS,95.022911182607
"Congo, Rep.",COG,2023,Ratio of female to male youth unemployment rate (% ages 15-24) (modeled ILO estimate),SL.UEM.1524.FM.ZS,94.6748838440983
"Congo, Rep.",COG,2022,Ratio of female to male youth unemployment rate (% ages 15-24) (modeled ILO estimate),SL.UEM.1524.FM.ZS,94.5639244421183
"Congo, Rep.",COG,2021,Ratio of female to male youth unemployment rate (% ages 15-24) (modeled ILO estimate),SL.UEM.1524.FM.ZS,94.9690892806431
"Congo, Rep.",COG,2020,Ratio of female to male youth unemployment rate (% ages 15-24) (modeled ILO estimate),SL.UEM.1524.FM.ZS,95.9600870980699
"Congo, Rep.",COG,2019,Ratio of female to male youth unemployment rate (% ages 15-24) (modeled ILO estimate),SL.UEM.1524.FM.ZS,94.0337224383917
"Congo, Rep.",COG,2018,Ratio of female to male youth unemployment rate (% ages 15-24) (modeled ILO estimate),SL.UEM.1524.FM.ZS,93.9814391515041
"Congo, Rep.",COG,2017,Ratio of female to male youth unemployment rate (% ages 15-24) (modeled ILO estimate),SL.UEM.1524.FM.ZS,94.0042679149171
"Congo, Rep.",COG,2016,Ratio of female to male youth unemployment rate (% ages 15-24) (modeled ILO estimate),SL.UEM.1524.FM.ZS,94.0874515843016
"Congo, Rep.",COG,2015,Ratio of female to male youth unemployment rate (% ages 15-24) (modeled ILO estimate),SL.UEM.1524.FM.ZS,94.1326289972644
"Congo, Rep.",COG,2014,Ratio of female to male youth unemployment rate (% ages 15-24) (modeled ILO estimate),SL.UEM.1524.FM.ZS,94.1134345459754
"Congo, Rep.",COG,2013,Ratio of female to male youth unemployment rate (% ages 15-24) (modeled ILO estimate),SL.UEM.1524.FM.ZS,93.9569163684622
"Congo, Rep.",COG,2012,Ratio of female to male youth unemployment rate (% ages 15-24) (modeled ILO estimate),SL.UEM.1524.FM.ZS,93.9066551426102
"Congo, Rep.",COG,2011,Ratio of female to male youth unemployment rate (% ages 15-24) (modeled ILO estimate),SL.UEM.1524.FM.ZS,93.7959890347713
"Congo, Rep.",COG,2010,Ratio of female to male youth unemployment rate (% ages 15-24) (modeled ILO estimate),SL.UEM.1524.FM.ZS,93.8106649238738
"Congo, Rep.",COG,2009,Ratio of female to male youth unemployment rate (% ages 15-24) (modeled ILO estimate),SL.UEM.1524.FM.ZS,93.8498858447489
"Congo, Rep.",COG,2008,Ratio of female to male youth unemployment rate (% ages 15-24) (modeled ILO estimate),SL.UEM.1524.FM.ZS,94.0001426838839
"Congo, Rep.",COG,2007,Ratio of female to male youth unemployment rate (% ages 15-24) (modeled ILO estimate),SL.UEM.1524.FM.ZS,94.1480206540448
"Congo, Rep.",COG,2006,Ratio of female to male youth unemployment rate (% ages 15-24) (modeled ILO estimate),SL.UEM.1524.FM.ZS,94.534946105448
"Congo, Rep.",COG,2005,Ratio of female to male youth unemployment rate (% ages 15-24) (modeled ILO estimate),SL.UEM.1524.FM.ZS,94.7867529057044
"Congo, Rep.",COG,2004,Ratio of female to male youth unemployment rate (% ages 15-24) (modeled ILO estimate),SL.UEM.1524.FM.ZS,95.0669038972434
"Congo, Rep.",COG,2003,Ratio of female to male youth unemployment rate (% ages 15-24) (modeled ILO estimate),SL.UEM.1524.FM.ZS,95.3921688965263
"Congo, Rep.",COG,2002,Ratio of female to male youth unemployment rate (% ages 15-24) (modeled ILO estimate),SL.UEM.1524.FM.ZS,95.6674385597968
"Congo, Rep.",COG,2001,Ratio of female to male youth unemployment rate (% ages 15-24) (modeled ILO estimate),SL.UEM.1524.FM.ZS,95.7419961403335
"Congo, Rep.",COG,2000,Ratio of female to male youth unemployment rate (% ages 15-24) (modeled ILO estimate),SL.UEM.1524.FM.ZS,96.1959510122469
"Congo, Rep.",COG,1999,Ratio of female to male youth unemployment rate (% ages 15-24) (modeled ILO estimate),SL.UEM.1524.FM.ZS,96.5993358467953
"Congo, Rep.",COG,1998,Ratio of female to male youth unemployment rate (% ages 15-24) (modeled ILO estimate),SL.UEM.1524.FM.ZS,96.8558553997266
"Congo, Rep.",COG,1997,Ratio of female to male youth unemployment rate (% ages 15-24) (modeled ILO estimate),SL.UEM.1524.FM.ZS,96.8694550063371
"Congo, Rep.",COG,1996,Ratio of female to male youth unemployment rate (% ages 15-24) (modeled ILO estimate),SL.UEM.1524.FM.ZS,96.8386316691017
"Congo, Rep.",COG,1995,Ratio of female to male youth unemployment rate (% ages 15-24) (modeled ILO estimate),SL.UEM.1524.FM.ZS,96.9071389153665
"Congo, Rep.",COG,1994,Ratio of female to male youth unemployment rate (% ages 15-24) (modeled ILO estimate),SL.UEM.1524.FM.ZS,96.9834731501482
"Congo, Rep.",COG,1993,Ratio of female to male youth unemployment rate (% ages 15-24) (modeled ILO estimate),SL.UEM.1524.FM.ZS,97.1851814079192
"Congo, Rep.",COG,1992,Ratio of female to male youth unemployment rate (% ages 15-24) (modeled ILO estimate),SL.UEM.1524.FM.ZS,97.3108208667984
"Congo, Rep.",COG,1991,Ratio of female to male youth unemployment rate (% ages 15-24) (modeled ILO estimate),SL.UEM.1524.FM.ZS,97.3801374269758
"Congo, Rep.",COG,2023,"Life expectancy at age 60, female (years)",SP.DYN.LE60.FE.IN,17.3151
"Congo, Rep.",COG,2022,"Life expectancy at age 60, female (years)",SP.DYN.LE60.FE.IN,16.9261
"Congo, Rep.",COG,2021,"Life expectancy at age 60, female (years)",SP.DYN.LE60.FE.IN,16.5304
"Congo, Rep.",COG,2020,"Life expectancy at age 60, female (years)",SP.DYN.LE60.FE.IN,16.6806
"Congo, Rep.",COG,2019,"Life expectancy at age 60, female (years)",SP.DYN.LE60.FE.IN,16.7687
"Congo, Rep.",COG,2018,"Life expectancy at age 60, female (years)",SP.DYN.LE60.FE.IN,16.9981
"Congo, Rep.",COG,2017,"Life expectancy at age 60, female (years)",SP.DYN.LE60.FE.IN,16.9494
"Congo, Rep.",COG,2016,"Life expectancy at age 60, female (years)",SP.DYN.LE60.FE.IN,16.8943
"Congo, Rep.",COG,2015,"Life expectancy at age 60, female (years)",SP.DYN.LE60.FE.IN,16.8292
"Congo, Rep.",COG,2014,"Life expectancy at age 60, female (years)",SP.DYN.LE60.FE.IN,16.8027
"Congo, Rep.",COG,2013,"Life expectancy at age 60, female (years)",SP.DYN.LE60.FE.IN,16.7169
"Congo, Rep.",COG,2012,"Life expectancy at age 60, female (years)",SP.DYN.LE60.FE.IN,16.6778
"Congo, Rep.",COG,2011,"Life expectancy at age 60, female (years)",SP.DYN.LE60.FE.IN,16.5828
"Congo, Rep.",COG,2010,"Life expectancy at age 60, female (years)",SP.DYN.LE60.FE.IN,16.4547
"Congo, Rep.",COG,2009,"Life expectancy at age 60, female (years)",SP.DYN.LE60.FE.IN,16.3855
"Congo, Rep.",COG,2008,"Life expectancy at age 60, female (years)",SP.DYN.LE60.FE.IN,16.3233
"Congo, Rep.",COG,2007,"Life expectancy at age 60, female (years)",SP.DYN.LE60.FE.IN,16.2048
"Congo, Rep.",COG,2006,"Life expectancy at age 60, female (years)",SP.DYN.LE60.FE.IN,16.1174
"Congo, Rep.",COG,2005,"Life expectancy at age 60, female (years)",SP.DYN.LE60.FE.IN,16.0254
"Congo, Rep.",COG,2004,"Life expectancy at age 60, female (years)",SP.DYN.LE60.FE.IN,15.9134
"Congo, Rep.",COG,2003,"Life expectancy at age 60, female (years)",SP.DYN.LE60.FE.IN,15.8241
"Congo, Rep.",COG,2002,"Life expectancy at age 60, female (years)",SP.DYN.LE60.FE.IN,15.7534
"Congo, Rep.",COG,2001,"Life expectancy at age 60, female (years)",SP.DYN.LE60.FE.IN,15.6841
"Congo, Rep.",COG,2000,"Life expectancy at age 60, female (years)",SP.DYN.LE60.FE.IN,15.5975
"Congo, Rep.",COG,1999,"Life expectancy at age 60, female (years)",SP.DYN.LE60.FE.IN,15.4774
"Congo, Rep.",COG,1998,"Life expectancy at age 60, female (years)",SP.DYN.LE60.FE.IN,15.2592
"Congo, Rep.",COG,1997,"Life expectancy at age 60, female (years)",SP.DYN.LE60.FE.IN,15.0651
"Congo, Rep.",COG,1996,"Life expectancy at age 60, female (years)",SP.DYN.LE60.FE.IN,15.5252
"Congo, Rep.",COG,1995,"Life expectancy at age 60, female (years)",SP.DYN.LE60.FE.IN,15.5271
"Congo, Rep.",COG,1994,"Life expectancy at age 60, female (years)",SP.DYN.LE60.FE.IN,15.5554
"Congo, Rep.",COG,1993,"Life expectancy at age 60, female (years)",SP.DYN.LE60.FE.IN,15.5785
"Congo, Rep.",COG,1992,"Life expectancy at age 60, female (years)",SP.DYN.LE60.FE.IN,15.6428
"Congo, Rep.",COG,1991,"Life expectancy at age 60, female (years)",SP.DYN.LE60.FE.IN,15.6903
"Congo, Rep.",COG,1990,"Life expectancy at age 60, female (years)",SP.DYN.LE60.FE.IN,15.7445
"Congo, Rep.",COG,1989,"Life expectancy at age 60, female (years)",SP.DYN.LE60.FE.IN,15.7826
"Congo, Rep.",COG,1988,"Life expectancy at age 60, female (years)",SP.DYN.LE60.FE.IN,15.8618
"Congo, Rep.",COG,1987,"Life expectancy at age 60, female (years)",SP.DYN.LE60.FE.IN,15.939
"Congo, Rep.",COG,1986,"Life expectancy at age 60, female (years)",SP.DYN.LE60.FE.IN,16.017
"Congo, Rep.",COG,1985,"Life expectancy at age 60, female (years)",SP.DYN.LE60.FE.IN,16.075
"Congo, Rep.",COG,1984,"Life expectancy at age 60, female (years)",SP.DYN.LE60.FE.IN,16.1043
"Congo, Rep.",COG,1983,"Life expectancy at age 60, female (years)",SP.DYN.LE60.FE.IN,16.1516
"Congo, Rep.",COG,1982,"Life expectancy at age 60, female (years)",SP.DYN.LE60.FE.IN,16.1901
"Congo, Rep.",COG,1981,"Life expectancy at age 60, female (years)",SP.DYN.LE60.FE.IN,16.2284
"Congo, Rep.",COG,1980,"Life expectancy at age 60, female (years)",SP.DYN.LE60.FE.IN,16.1875
"Congo, Rep.",COG,1979,"Life expectancy at age 60, female (years)",SP.DYN.LE60.FE.IN,16.1485
"Congo, Rep.",COG,1978,"Life expectancy at age 60, female (years)",SP.DYN.LE60.FE.IN,16.0899
"Congo, Rep.",COG,1977,"Life expectancy at age 60, female (years)",SP.DYN.LE60.FE.IN,16.0934
"Congo, Rep.",COG,1976,"Life expectancy at age 60, female (years)",SP.DYN.LE60.FE.IN,16.0503
"Congo, Rep.",COG,1975,"Life expectancy at age 60, female (years)",SP.DYN.LE60.FE.IN,16.0331
"Congo, Rep.",COG,1974,"Life expectancy at age 60, female (years)",SP.DYN.LE60.FE.IN,15.9878
"Congo, Rep.",COG,1973,"Life expectancy at age 60, female (years)",SP.DYN.LE60.FE.IN,15.9638
"Congo, Rep.",COG,1972,"Life expectancy at age 60, female (years)",SP.DYN.LE60.FE.IN,15.9164
"Congo, Rep.",COG,1971,"Life expectancy at age 60, female (years)",SP.DYN.LE60.FE.IN,15.8677
"Congo, Rep.",COG,1970,"Life expectancy at age 60, female (years)",SP.DYN.LE60.FE.IN,15.8177
"Congo, Rep.",COG,1969,"Life expectancy at age 60, female (years)",SP.DYN.LE60.FE.IN,15.7758
"Congo, Rep.",COG,1968,"Life expectancy at age 60, female (years)",SP.DYN.LE60.FE.IN,15.7206
"Congo, Rep.",COG,1967,"Life expectancy at age 60, female (years)",SP.DYN.LE60.FE.IN,15.623
"Congo, Rep.",COG,1966,"Life expectancy at age 60, female (years)",SP.DYN.LE60.FE.IN,15.6184
"Congo, Rep.",COG,1965,"Life expectancy at age 60, female (years)",SP.DYN.LE60.FE.IN,15.5731
"Congo, Rep.",COG,1964,"Life expectancy at age 60, female (years)",SP.DYN.LE60.FE.IN,15.5046
"Congo, Rep.",COG,1963,"Life expectancy at age 60, female (years)",SP.DYN.LE60.FE.IN,15.4365
"Congo, Rep.",COG,1962,"Life expectancy at age 60, female (years)",SP.DYN.LE60.FE.IN,15.3697
"Congo, Rep.",COG,1961,"Life expectancy at age 60, female (years)",SP.DYN.LE60.FE.IN,15.3195
"Congo, Rep.",COG,1960,"Life expectancy at age 60, female (years)",SP.DYN.LE60.FE.IN,15.2504
"Congo, Rep.",COG,2023,"Life expectancy at age 60, male (years)",SP.DYN.LE60.MA.IN,15.5392
"Congo, Rep.",COG,2022,"Life expectancy at age 60, male (years)",SP.DYN.LE60.MA.IN,15.2027
"Congo, Rep.",COG,2021,"Life expectancy at age 60, male (years)",SP.DYN.LE60.MA.IN,14.863
"Congo, Rep.",COG,2020,"Life expectancy at age 60, male (years)",SP.DYN.LE60.MA.IN,14.5645
"Congo, Rep.",COG,2019,"Life expectancy at age 60, male (years)",SP.DYN.LE60.MA.IN,15.069
"Congo, Rep.",COG,2018,"Life expectancy at age 60, male (years)",SP.DYN.LE60.MA.IN,15.2802
"Congo, Rep.",COG,2017,"Life expectancy at age 60, male (years)",SP.DYN.LE60.MA.IN,15.2866
"Congo, Rep.",COG,2016,"Life expectancy at age 60, male (years)",SP.DYN.LE60.MA.IN,15.2858
"Congo, Rep.",COG,2015,"Life expectancy at age 60, male (years)",SP.DYN.LE60.MA.IN,15.289
"Congo, Rep.",COG,2014,"Life expectancy at age 60, male (years)",SP.DYN.LE60.MA.IN,15.2908
"Congo, Rep.",COG,2013,"Life expectancy at age 60, male (years)",SP.DYN.LE60.MA.IN,15.2783
"Congo, Rep.",COG,2012,"Life expectancy at age 60, male (years)",SP.DYN.LE60.MA.IN,15.2919
"Congo, Rep.",COG,2011,"Life expectancy at age 60, male (years)",SP.DYN.LE60.MA.IN,15.2859
"Congo, Rep.",COG,2010,"Life expectancy at age 60, male (years)",SP.DYN.LE60.MA.IN,15.3481
"Congo, Rep.",COG,2009,"Life expectancy at age 60, male (years)",SP.DYN.LE60.MA.IN,15.2476
"Congo, Rep.",COG,2008,"Life expectancy at age 60, male (years)",SP.DYN.LE60.MA.IN,15.2068
"Congo, Rep.",COG,2007,"Life expectancy at age 60, male (years)",SP.DYN.LE60.MA.IN,15.1657
"Congo, Rep.",COG,2006,"Life expectancy at age 60, male (years)",SP.DYN.LE60.MA.IN,15.1049
"Congo, Rep.",COG,2005,"Life expectancy at age 60, male (years)",SP.DYN.LE60.MA.IN,15.0743
"Congo, Rep.",COG,2004,"Life expectancy at age 60, male (years)",SP.DYN.LE60.MA.IN,15.0205
"Congo, Rep.",COG,2003,"Life expectancy at age 60, male (years)",SP.DYN.LE60.MA.IN,14.9418
"Congo, Rep.",COG,2002,"Life expectancy at age 60, male (years)",SP.DYN.LE60.MA.IN,14.8627
"Congo, Rep.",COG,2001,"Life expectancy at age 60, male (years)",SP.DYN.LE60.MA.IN,14.8205
"Congo, Rep.",COG,2000,"Life expectancy at age 60, male (years)",SP.DYN.LE60.MA.IN,14.7547
"Congo, Rep.",COG,1999,"Life expectancy at age 60, male (years)",SP.DYN.LE60.MA.IN,14.5609
"Congo, Rep.",COG,1998,"Life expectancy at age 60, male (years)",SP.DYN.LE60.MA.IN,14.1079
"Congo, Rep.",COG,1997,"Life expectancy at age 60, male (years)",SP.DYN.LE60.MA.IN,13.1936
"Congo, Rep.",COG,1996,"Life expectancy at age 60, male (years)",SP.DYN.LE60.MA.IN,14.6048
"Congo, Rep.",COG,1995,"Life expectancy at age 60, male (years)",SP.DYN.LE60.MA.IN,14.5919
"Congo, Rep.",COG,1994,"Life expectancy at age 60, male (years)",SP.DYN.LE60.MA.IN,14.5663
"Congo, Rep.",COG,1993,"Life expectancy at age 60, male (years)",SP.DYN.LE60.MA.IN,14.5869
"Congo, Rep.",COG,1992,"Life expectancy at age 60, male (years)",SP.DYN.LE60.MA.IN,14.6015
"Congo, Rep.",COG,1991,"Life expectancy at age 60, male (years)",SP.DYN.LE60.MA.IN,14.6042
"Congo, Rep.",COG,1990,"Life expectancy at age 60, male (years)",SP.DYN.LE60.MA.IN,14.6158
"Congo, Rep.",COG,1989,"Life expectancy at age 60, male (years)",SP.DYN.LE60.MA.IN,14.6261
"Congo, Rep.",COG,1988,"Life expectancy at age 60, male (years)",SP.DYN.LE60.MA.IN,14.626
"Congo, Rep.",COG,1987,"Life expectancy at age 60, male (years)",SP.DYN.LE60.MA.IN,14.6192
"Congo, Rep.",COG,1986,"Life expectancy at age 60, male (years)",SP.DYN.LE60.MA.IN,14.6179
"Congo, Rep.",COG,1985,"Life expectancy at age 60, male (years)",SP.DYN.LE60.MA.IN,14.6125
"Congo, Rep.",COG,1984,"Life expectancy at age 60, male (years)",SP.DYN.LE60.MA.IN,14.594
"Congo, Rep.",COG,1983,"Life expectancy at age 60, male (years)",SP.DYN.LE60.MA.IN,14.5963
"Congo, Rep.",COG,1982,"Life expectancy at age 60, male (years)",SP.DYN.LE60.MA.IN,14.5943
"Congo, Rep.",COG,1981,"Life expectancy at age 60, male (years)",SP.DYN.LE60.MA.IN,14.6078
"Congo, Rep.",COG,1980,"Life expectancy at age 60, male (years)",SP.DYN.LE60.MA.IN,14.6231
"Congo, Rep.",COG,1979,"Life expectancy at age 60, male (years)",SP.DYN.LE60.MA.IN,14.6221
"Congo, Rep.",COG,1978,"Life expectancy at age 60, male (years)",SP.DYN.LE60.MA.IN,14.6425
"Congo, Rep.",COG,1977,"Life expectancy at age 60, male (years)",SP.DYN.LE60.MA.IN,14.6453
"Congo, Rep.",COG,1976,"Life expectancy at age 60, male (years)",SP.DYN.LE60.MA.IN,14.6222
"Congo, Rep.",COG,1975,"Life expectancy at age 60, male (years)",SP.DYN.LE60.MA.IN,14.613
"Congo, Rep.",COG,1974,"Life expectancy at age 60, male (years)",SP.DYN.LE60.MA.IN,14.597
"Congo, Rep.",COG,1973,"Life expectancy at age 60, male (years)",SP.DYN.LE60.MA.IN,14.5906
"Congo, Rep.",COG,1972,"Life expectancy at age 60, male (years)",SP.DYN.LE60.MA.IN,14.5484
"Congo, Rep.",COG,1971,"Life expectancy at age 60, male (years)",SP.DYN.LE60.MA.IN,14.5335
"Congo, Rep.",COG,1970,"Life expectancy at age 60, male (years)",SP.DYN.LE60.MA.IN,14.5057
"Congo, Rep.",COG,1969,"Life expectancy at age 60, male (years)",SP.DYN.LE60.MA.IN,14.478
"Congo, Rep.",COG,1968,"Life expectancy at age 60, male (years)",SP.DYN.LE60.MA.IN,14.4732
"Congo, Rep.",COG,1967,"Life expectancy at age 60, male (years)",SP.DYN.LE60.MA.IN,14.4113
"Congo, Rep.",COG,1966,"Life expectancy at age 60, male (years)",SP.DYN.LE60.MA.IN,14.4139
"Congo, Rep.",COG,1965,"Life expectancy at age 60, male (years)",SP.DYN.LE60.MA.IN,14.3848
"Congo, Rep.",COG,1964,"Life expectancy at age 60, male (years)",SP.DYN.LE60.MA.IN,14.3427
"Congo, Rep.",COG,1963,"Life expectancy at age 60, male (years)",SP.DYN.LE60.MA.IN,14.312
"Congo, Rep.",COG,1962,"Life expectancy at age 60, male (years)",SP.DYN.LE60.MA.IN,14.2697
"Congo, Rep.",COG,1961,"Life expectancy at age 60, male (years)",SP.DYN.LE60.MA.IN,14.235
"Congo, Rep.",COG,1960,"Life expectancy at age 60, male (years)",SP.DYN.LE60.MA.IN,14.1728
"Congo, Rep.",COG,2015,"Age at first marriage, female",SP.DYN.SMAM.FE,21.9
"Congo, Rep.",COG,2012,"Age at first marriage, female",SP.DYN.SMAM.FE,21.3
"Congo, Rep.",COG,2009,"Age at first marriage, female",SP.DYN.SMAM.FE,21.1
"Congo, Rep.",COG,2005,"Age at first marriage, female",SP.DYN.SMAM.FE,21.9
"Congo, Rep.",COG,1984,"Age at first marriage, female",SP.DYN.SMAM.FE,22.6
"Congo, Rep.",COG,1974,"Age at first marriage, female",SP.DYN.SMAM.FE,19.6
"Congo, Rep.",COG,2015,"Rural population, female (% of total)",SP.RUR.TOTL.FE.ZS,17.7263969171484
"Congo, Rep.",COG,2010,"Rural population, female (% of total)",SP.RUR.TOTL.FE.ZS,18.7788859158356
"Congo, Rep.",COG,2005,"Rural population, female (% of total)",SP.RUR.TOTL.FE.ZS,20.016939582157
"Congo, Rep.",COG,2000,"Rural population, female (% of total)",SP.RUR.TOTL.FE.ZS,21.1704509114167
"Congo, Rep.",COG,1995,"Rural population, female (% of total)",SP.RUR.TOTL.FE.ZS,22.3161764705882
"Congo, Rep.",COG,1990,"Rural population, female (% of total)",SP.RUR.TOTL.FE.ZS,23.3417296389589
"Congo, Rep.",COG,1985,"Rural population, female (% of total)",SP.RUR.TOTL.FE.ZS,24.3867243867244
"Congo, Rep.",COG,1980,"Rural population, female (% of total)",SP.RUR.TOTL.FE.ZS,27.1563717306622
"Congo, Rep.",COG,2015,"Rural population, male (% of total)",SP.RUR.TOTL.MA.ZS,16.8914579319204
"Congo, Rep.",COG,2010,"Rural population, male (% of total)",SP.RUR.TOTL.MA.ZS,18.0004864996351
"Congo, Rep.",COG,2005,"Rural population, male (% of total)",SP.RUR.TOTL.MA.ZS,19.0005646527386
"Congo, Rep.",COG,2000,"Rural population, male (% of total)",SP.RUR.TOTL.MA.ZS,20.1471058522546
"Congo, Rep.",COG,1995,"Rural population, male (% of total)",SP.RUR.TOTL.MA.ZS,21.2867647058824
"Congo, Rep.",COG,1990,"Rural population, male (% of total)",SP.RUR.TOTL.MA.ZS,22.3341729638959
"Congo, Rep.",COG,1985,"Rural population, male (% of total)",SP.RUR.TOTL.MA.ZS,23.3766233766234
"Congo, Rep.",COG,1980,"Rural population, male (% of total)",SP.RUR.TOTL.MA.ZS,24.9860879243183
"Congo, Rep.",COG,2015,"Urban population, female (% of total)",SP.URB.TOTL.FE.ZS,32.2843074288161
"Congo, Rep.",COG,2010,"Urban population, female (% of total)",SP.URB.TOTL.FE.ZS,31.2332765750426
"Congo, Rep.",COG,2005,"Urban population, female (% of total)",SP.URB.TOTL.FE.ZS,30.0395256916996
"Congo, Rep.",COG,2000,"Urban population, female (% of total)",SP.URB.TOTL.FE.ZS,28.9414774544292
"Congo, Rep.",COG,1995,"Urban population, female (% of total)",SP.URB.TOTL.FE.ZS,27.8308823529412
"Congo, Rep.",COG,1990,"Urban population, female (% of total)",SP.URB.TOTL.FE.ZS,26.8261964735516
"Congo, Rep.",COG,1985,"Urban population, female (% of total)",SP.URB.TOTL.FE.ZS,25.8297258297258
"Congo, Rep.",COG,1980,"Urban population, female (% of total)",SP.URB.TOTL.FE.ZS,23.0940456316082
"Congo, Rep.",COG,2015,"Urban population, male (% of total)",SP.URB.TOTL.MA.ZS,33.0978377221152
"Congo, Rep.",COG,2010,"Urban population, male (% of total)",SP.URB.TOTL.MA.ZS,31.9873510094867
"Congo, Rep.",COG,2005,"Urban population, male (% of total)",SP.URB.TOTL.MA.ZS,30.9429700734049
"Congo, Rep.",COG,2000,"Urban population, male (% of total)",SP.URB.TOTL.MA.ZS,29.7409657818996
"Congo, Rep.",COG,1995,"Urban population, male (% of total)",SP.URB.TOTL.MA.ZS,28.5661764705882
"Congo, Rep.",COG,1990,"Urban population, male (% of total)",SP.URB.TOTL.MA.ZS,27.4979009235936
"Congo, Rep.",COG,1985,"Urban population, male (% of total)",SP.URB.TOTL.MA.ZS,26.4069264069264
"Congo, Rep.",COG,1980,"Urban population, male (% of total)",SP.URB.TOTL.MA.ZS,24.7634947134112
"Congo, Rep.",COG,2005,"Mortality rate, female child (per 1,000 female children age one)",SH.DYN.CHLD.FE,42.8
"Congo, Rep.",COG,2005,"Mortality rate, male child (per 1,000 male children age one)",SH.DYN.CHLD.MA,49.4
"Congo, Rep.",COG,2012,Demand for family planning satisfied by any methods (% of married women with demand for family planning),SH.FPL.SATI.ZS,70.9
"Congo, Rep.",COG,2005,Demand for family planning satisfied by any methods (% of married women with demand for family planning),SH.FPL.SATI.ZS,69.4
"Congo, Rep.",COG,2017,Maternal leave benefits (% of wages paid in covered period),SH.MMR.WAGE.ZS,100
"Congo, Rep.",COG,2015,Maternal leave benefits (% of wages paid in covered period),SH.MMR.WAGE.ZS,100
"Congo, Rep.",COG,2013,Maternal leave benefits (% of wages paid in covered period),SH.MMR.WAGE.ZS,100
"Congo, Rep.",COG,2011,Maternal leave benefits (% of wages paid in covered period),SH.MMR.WAGE.ZS,100
"Congo, Rep.",COG,2009,Maternal leave benefits (% of wages paid in covered period),SH.MMR.WAGE.ZS,100
"Congo, Rep.",COG,2015,"Age at first marriage, male",SP.DYN.SMAM.MA,27.5
"Congo, Rep.",COG,2012,"Age at first marriage, male",SP.DYN.SMAM.MA,26.9
"Congo, Rep.",COG,2009,"Age at first marriage, male",SP.DYN.SMAM.MA,26
"Congo, Rep.",COG,2005,"Age at first marriage, male",SP.DYN.SMAM.MA,25.8
"Congo, Rep.",COG,1984,"Age at first marriage, male",SP.DYN.SMAM.MA,27.9
"Congo, Rep.",COG,1974,"Age at first marriage, male",SP.DYN.SMAM.MA,26.5
"Congo, Rep.",COG,2024,"Age population, age 00, female",SP.POP.AG00.FE.IN,92237.5
"Congo, Rep.",COG,2023,"Age population, age 00, female",SP.POP.AG00.FE.IN,90711.5
"Congo, Rep.",COG,2022,"Age population, age 00, female",SP.POP.AG00.FE.IN,89555.5
"Congo, Rep.",COG,2021,"Age population, age 00, female",SP.POP.AG00.FE.IN,88534
"Congo, Rep.",COG,2020,"Age population, age 00, female",SP.POP.AG00.FE.IN,87429
"Congo, Rep.",COG,2019,"Age population, age 00, female",SP.POP.AG00.FE.IN,86670
"Congo, Rep.",COG,2018,"Age population, age 00, female",SP.POP.AG00.FE.IN,86167
"Congo, Rep.",COG,2017,"Age population, age 00, female",SP.POP.AG00.FE.IN,85673
"Congo, Rep.",COG,2016,"Age population, age 00, female",SP.POP.AG00.FE.IN,85413.5
"Congo, Rep.",COG,2015,"Age population, age 00, female",SP.POP.AG00.FE.IN,85373
"Congo, Rep.",COG,2014,"Age population, age 00, female",SP.POP.AG00.FE.IN,85479.5
"Congo, Rep.",COG,2013,"Age population, age 00, female",SP.POP.AG00.FE.IN,85649.5
"Congo, Rep.",COG,2012,"Age population, age 00, female",SP.POP.AG00.FE.IN,85271.5
"Congo, Rep.",COG,2011,"Age population, age 00, female",SP.POP.AG00.FE.IN,84002.5
"Congo, Rep.",COG,2010,"Age population, age 00, female",SP.POP.AG00.FE.IN,80822
"Congo, Rep.",COG,2009,"Age population, age 00, female",SP.POP.AG00.FE.IN,76551
"Congo, Rep.",COG,2008,"Age population, age 00, female",SP.POP.AG00.FE.IN,72743
"Congo, Rep.",COG,2007,"Age population, age 00, female",SP.POP.AG00.FE.IN,69434.5
"Congo, Rep.",COG,2006,"Age population, age 00, female",SP.POP.AG00.FE.IN,66665
"Congo, Rep.",COG,2005,"Age population, age 00, female",SP.POP.AG00.FE.IN,64123
"Congo, Rep.",COG,2004,"Age population, age 00, female",SP.POP.AG00.FE.IN,61700.5
"Congo, Rep.",COG,2003,"Age population, age 00, female",SP.POP.AG00.FE.IN,59719.5
"Congo, Rep.",COG,2002,"Age population, age 00, female",SP.POP.AG00.FE.IN,58142.5
"Congo, Rep.",COG,2001,"Age population, age 00, female",SP.POP.AG00.FE.IN,55870.5
"Congo, Rep.",COG,2000,"Age population, age 00, female",SP.POP.AG00.FE.IN,53729.5
"Congo, Rep.",COG,1999,"Age population, age 00, female",SP.POP.AG00.FE.IN,52667.5
"Congo, Rep.",COG,1998,"Age population, age 00, female",SP.POP.AG00.FE.IN,52181.5
"Congo, Rep.",COG,1997,"Age population, age 00, female",SP.POP.AG00.FE.IN,51646.5
"Congo, Rep.",COG,1996,"Age population, age 00, female",SP.POP.AG00.FE.IN,50621.5
"Congo, Rep.",COG,1995,"Age population, age 00, female",SP.POP.AG00.FE.IN,49441.5
"Congo, Rep.",COG,1994,"Age population, age 00, female",SP.POP.AG00.FE.IN,48157.5
"Congo, Rep.",COG,1993,"Age population, age 00, female",SP.POP.AG00.FE.IN,46823.5
"Congo, Rep.",COG,1992,"Age population, age 00, female",SP.POP.AG00.FE.IN,45612.5
"Congo, Rep.",COG,1991,"Age population, age 00, female",SP.POP.AG00.FE.IN,44459
"Congo, Rep.",COG,1990,"Age population, age 00, female",SP.POP.AG00.FE.IN,43375
"Congo, Rep.",COG,1989,"Age population, age 00, female",SP.POP.AG00.FE.IN,42331
"Congo, Rep.",COG,1988,"Age population, age 00, female",SP.POP.AG00.FE.IN,41292
"Congo, Rep.",COG,1987,"Age population, age 00, female",SP.POP.AG00.FE.IN,40255
"Congo, Rep.",COG,1986,"Age population, age 00, female",SP.POP.AG00.FE.IN,39286
"Congo, Rep.",COG,1985,"Age population, age 00, female",SP.POP.AG00.FE.IN,38388
"Congo, Rep.",COG,1984,"Age population, age 00, female",SP.POP.AG00.FE.IN,36708
"Congo, Rep.",COG,1983,"Age population, age 00, female",SP.POP.AG00.FE.IN,35532
"Congo, Rep.",COG,1982,"Age population, age 00, female",SP.POP.AG00.FE.IN,35608
"Congo, Rep.",COG,1981,"Age population, age 00, female",SP.POP.AG00.FE.IN,35409.5
"Congo, Rep.",COG,1980,"Age population, age 00, female",SP.POP.AG00.FE.IN,34979
"Congo, Rep.",COG,1979,"Age population, age 00, female",SP.POP.AG00.FE.IN,34688.5
"Congo, Rep.",COG,1978,"Age population, age 00, female",SP.POP.AG00.FE.IN,34508
"Congo, Rep.",COG,1977,"Age population, age 00, female",SP.POP.AG00.FE.IN,34202.5
"Congo, Rep.",COG,1976,"Age population, age 00, female",SP.POP.AG00.FE.IN,33826.5
"Congo, Rep.",COG,1975,"Age population, age 00, female",SP.POP.AG00.FE.IN,33213.5
"Congo, Rep.",COG,1974,"Age population, age 00, female",SP.POP.AG00.FE.IN,32333
"Congo, Rep.",COG,1973,"Age population, age 00, female",SP.POP.AG00.FE.IN,31453.5
"Congo, Rep.",COG,1972,"Age population, age 00, female",SP.POP.AG00.FE.IN,30471
"Congo, Rep.",COG,1971,"Age population, age 00, female",SP.POP.AG00.FE.IN,29382
"Congo, Rep.",COG,1970,"Age population, age 00, female",SP.POP.AG00.FE.IN,28343.5
"Congo, Rep.",COG,1969,"Age population, age 00, female",SP.POP.AG00.FE.IN,27392.5
"Congo, Rep.",COG,1968,"Age population, age 00, female",SP.POP.AG00.FE.IN,26471.5
"Congo, Rep.",COG,1967,"Age population, age 00, female",SP.POP.AG00.FE.IN,25608.5
"Congo, Rep.",COG,1966,"Age population, age 00, female",SP.POP.AG00.FE.IN,24800
"Congo, Rep.",COG,1965,"Age population, age 00, female",SP.POP.AG00.FE.IN,23998
"Congo, Rep.",COG,1964,"Age population, age 00, female",SP.POP.AG00.FE.IN,23248.5
"Congo, Rep.",COG,1963,"Age population, age 00, female",SP.POP.AG00.FE.IN,22538
"Congo, Rep.",COG,1962,"Age population, age 00, female",SP.POP.AG00.FE.IN,21915.5
"Congo, Rep.",COG,1961,"Age population, age 00, female",SP.POP.AG00.FE.IN,21394.5
"Congo, Rep.",COG,1960,"Age population, age 00, female",SP.POP.AG00.FE.IN,20913.5
"Congo, Rep.",COG,2024,"Age population, age 00, male",SP.POP.AG00.MA.IN,94073
"Congo, Rep.",COG,2023,"Age population, age 00, male",SP.POP.AG00.MA.IN,92558
"Congo, Rep.",COG,2022,"Age population, age 00, male",SP.POP.AG00.MA.IN,91368.5
"Congo, Rep.",COG,2021,"Age population, age 00, male",SP.POP.AG00.MA.IN,90259
"Congo, Rep.",COG,2020,"Age population, age 00, male",SP.POP.AG00.MA.IN,89096.5
"Congo, Rep.",COG,2019,"Age population, age 00, male",SP.POP.AG00.MA.IN,88306
"Congo, Rep.",COG,2018,"Age population, age 00, male",SP.POP.AG00.MA.IN,87795
"Congo, Rep.",COG,2017,"Age population, age 00, male",SP.POP.AG00.MA.IN,87280.5
"Congo, Rep.",COG,2016,"Age population, age 00, male",SP.POP.AG00.MA.IN,87002.5
"Congo, Rep.",COG,2015,"Age population, age 00, male",SP.POP.AG00.MA.IN,86941
"Congo, Rep.",COG,2014,"Age population, age 00, male",SP.POP.AG00.MA.IN,87019
"Congo, Rep.",COG,2013,"Age population, age 00, male",SP.POP.AG00.MA.IN,87170.5
"Congo, Rep.",COG,2012,"Age population, age 00, male",SP.POP.AG00.MA.IN,86755.5
"Congo, Rep.",COG,2011,"Age population, age 00, male",SP.POP.AG00.MA.IN,85431.5
"Congo, Rep.",COG,2010,"Age population, age 00, male",SP.POP.AG00.MA.IN,82166
"Congo, Rep.",COG,2009,"Age population, age 00, male",SP.POP.AG00.MA.IN,77797
"Congo, Rep.",COG,2008,"Age population, age 00, male",SP.POP.AG00.MA.IN,73910
"Congo, Rep.",COG,2007,"Age population, age 00, male",SP.POP.AG00.MA.IN,70535
"Congo, Rep.",COG,2006,"Age population, age 00, male",SP.POP.AG00.MA.IN,67721
"Congo, Rep.",COG,2005,"Age population, age 00, male",SP.POP.AG00.MA.IN,65144
"Congo, Rep.",COG,2004,"Age population, age 00, male",SP.POP.AG00.MA.IN,62688.5
"Congo, Rep.",COG,2003,"Age population, age 00, male",SP.POP.AG00.MA.IN,60675
"Congo, Rep.",COG,2002,"Age population, age 00, male",SP.POP.AG00.MA.IN,59053
"Congo, Rep.",COG,2001,"Age population, age 00, male",SP.POP.AG00.MA.IN,56725
"Congo, Rep.",COG,2000,"Age population, age 00, male",SP.POP.AG00.MA.IN,54547
"Congo, Rep.",COG,1999,"Age population, age 00, male",SP.POP.AG00.MA.IN,53470
"Congo, Rep.",COG,1998,"Age population, age 00, male",SP.POP.AG00.MA.IN,52969.5
"Congo, Rep.",COG,1997,"Age population, age 00, male",SP.POP.AG00.MA.IN,52416.5
"Congo, Rep.",COG,1996,"Age population, age 00, male",SP.POP.AG00.MA.IN,51375.5
"Congo, Rep.",COG,1995,"Age population, age 00, male",SP.POP.AG00.MA.IN,50182.5
"Congo, Rep.",COG,1994,"Age population, age 00, male",SP.POP.AG00.MA.IN,48886
"Congo, Rep.",COG,1993,"Age population, age 00, male",SP.POP.AG00.MA.IN,47542
"Congo, Rep.",COG,1992,"Age population, age 00, male",SP.POP.AG00.MA.IN,46331
"Congo, Rep.",COG,1991,"Age population, age 00, male",SP.POP.AG00.MA.IN,45173.5
"Congo, Rep.",COG,1990,"Age population, age 00, male",SP.POP.AG00.MA.IN,44079.5
"Congo, Rep.",COG,1989,"Age population, age 00, male",SP.POP.AG00.MA.IN,43027
"Congo, Rep.",COG,1988,"Age population, age 00, male",SP.POP.AG00.MA.IN,41976.5
"Congo, Rep.",COG,1987,"Age population, age 00, male",SP.POP.AG00.MA.IN,40928
"Congo, Rep.",COG,1986,"Age population, age 00, male",SP.POP.AG00.MA.IN,39943
"Congo, Rep.",COG,1985,"Age population, age 00, male",SP.POP.AG00.MA.IN,39028
"Congo, Rep.",COG,1984,"Age population, age 00, male",SP.POP.AG00.MA.IN,37800
"Congo, Rep.",COG,1983,"Age population, age 00, male",SP.POP.AG00.MA.IN,37073
"Congo, Rep.",COG,1982,"Age population, age 00, male",SP.POP.AG00.MA.IN,37073
"Congo, Rep.",COG,1981,"Age population, age 00, male",SP.POP.AG00.MA.IN,36739
"Congo, Rep.",COG,1980,"Age population, age 00, male",SP.POP.AG00.MA.IN,36219
"Congo, Rep.",COG,1979,"Age population, age 00, male",SP.POP.AG00.MA.IN,35862
"Congo, Rep.",COG,1978,"Age population, age 00, male",SP.POP.AG00.MA.IN,35563
"Congo, Rep.",COG,1977,"Age population, age 00, male",SP.POP.AG00.MA.IN,35138.5
"Congo, Rep.",COG,1976,"Age population, age 00, male",SP.POP.AG00.MA.IN,34683
"Congo, Rep.",COG,1975,"Age population, age 00, male",SP.POP.AG00.MA.IN,33895.5
"Congo, Rep.",COG,1974,"Age population, age 00, male",SP.POP.AG00.MA.IN,32862.5
"Congo, Rep.",COG,1973,"Age population, age 00, male",SP.POP.AG00.MA.IN,31961.5
"Congo, Rep.",COG,1972,"Age population, age 00, male",SP.POP.AG00.MA.IN,30956.5
"Congo, Rep.",COG,1971,"Age population, age 00, male",SP.POP.AG00.MA.IN,29843.5
"Congo, Rep.",COG,1970,"Age population, age 00, male",SP.POP.AG00.MA.IN,28783
"Congo, Rep.",COG,1969,"Age population, age 00, male",SP.POP.AG00.MA.IN,27813.5
"Congo, Rep.",COG,1968,"Age population, age 00, male",SP.POP.AG00.MA.IN,26874
"Congo, Rep.",COG,1967,"Age population, age 00, male",SP.POP.AG00.MA.IN,25991.5
"Congo, Rep.",COG,1966,"Age population, age 00, male",SP.POP.AG00.MA.IN,25165.5
"Congo, Rep.",COG,1965,"Age population, age 00, male",SP.POP.AG00.MA.IN,24345.5
"Congo, Rep.",COG,1964,"Age population, age 00, male",SP.POP.AG00.MA.IN,23577
"Congo, Rep.",COG,1963,"Age population, age 00, male",SP.POP.AG00.MA.IN,22850
"Congo, Rep.",COG,1962,"Age population, age 00, male",SP.POP.AG00.MA.IN,22215.5
"Congo, Rep.",COG,1961,"Age population, age 00, male",SP.POP.AG00.MA.IN,21681.5
"Congo, Rep.",COG,1960,"Age population, age 00, male",SP.POP.AG00.MA.IN,21187
"Congo, Rep.",COG,2024,"Age population, age 01, female",SP.POP.AG01.FE.IN,90128.5
"Congo, Rep.",COG,2023,"Age population, age 01, female",SP.POP.AG01.FE.IN,89006
"Congo, Rep.",COG,2022,"Age population, age 01, female",SP.POP.AG01.FE.IN,87952.5
"Congo, Rep.",COG,2021,"Age population, age 01, female",SP.POP.AG01.FE.IN,86774.5
"Congo, Rep.",COG,2020,"Age population, age 01, female",SP.POP.AG01.FE.IN,85928.5
"Congo, Rep.",COG,2019,"Age population, age 01, female",SP.POP.AG01.FE.IN,85377
"Congo, Rep.",COG,2018,"Age population, age 01, female",SP.POP.AG01.FE.IN,84887.5
"Congo, Rep.",COG,2017,"Age population, age 01, female",SP.POP.AG01.FE.IN,84572.5
"Congo, Rep.",COG,2016,"Age population, age 01, female",SP.POP.AG01.FE.IN,84471.5
"Congo, Rep.",COG,2015,"Age population, age 01, female",SP.POP.AG01.FE.IN,84513.5
"Congo, Rep.",COG,2014,"Age population, age 01, female",SP.POP.AG01.FE.IN,84613
"Congo, Rep.",COG,2013,"Age population, age 01, female",SP.POP.AG01.FE.IN,84173
"Congo, Rep.",COG,2012,"Age population, age 01, female",SP.POP.AG01.FE.IN,82970
"Congo, Rep.",COG,2011,"Age population, age 01, female",SP.POP.AG01.FE.IN,79898
"Congo, Rep.",COG,2010,"Age population, age 01, female",SP.POP.AG01.FE.IN,75885
"Congo, Rep.",COG,2009,"Age population, age 01, female",SP.POP.AG01.FE.IN,72015
"Congo, Rep.",COG,2008,"Age population, age 01, female",SP.POP.AG01.FE.IN,68470.5
"Congo, Rep.",COG,2007,"Age population, age 01, female",SP.POP.AG01.FE.IN,65748.5
"Congo, Rep.",COG,2006,"Age population, age 01, female",SP.POP.AG01.FE.IN,63154.5
"Congo, Rep.",COG,2005,"Age population, age 01, female",SP.POP.AG01.FE.IN,60614
"Congo, Rep.",COG,2004,"Age population, age 01, female",SP.POP.AG01.FE.IN,58500
"Congo, Rep.",COG,2003,"Age population, age 01, female",SP.POP.AG01.FE.IN,56696.5
"Congo, Rep.",COG,2002,"Age population, age 01, female",SP.POP.AG01.FE.IN,54289
"Congo, Rep.",COG,2001,"Age population, age 01, female",SP.POP.AG01.FE.IN,52454
"Congo, Rep.",COG,2000,"Age population, age 01, female",SP.POP.AG01.FE.IN,51380.5
"Congo, Rep.",COG,1999,"Age population, age 01, female",SP.POP.AG01.FE.IN,50614
"Congo, Rep.",COG,1998,"Age population, age 01, female",SP.POP.AG01.FE.IN,49968
"Congo, Rep.",COG,1997,"Age population, age 01, female",SP.POP.AG01.FE.IN,49021
"Congo, Rep.",COG,1996,"Age population, age 01, female",SP.POP.AG01.FE.IN,48076.5
"Congo, Rep.",COG,1995,"Age population, age 01, female",SP.POP.AG01.FE.IN,46886
"Congo, Rep.",COG,1994,"Age population, age 01, female",SP.POP.AG01.FE.IN,45661.5
"Congo, Rep.",COG,1993,"Age population, age 01, female",SP.POP.AG01.FE.IN,44522
"Congo, Rep.",COG,1992,"Age population, age 01, female",SP.POP.AG01.FE.IN,43408
"Congo, Rep.",COG,1991,"Age population, age 01, female",SP.POP.AG01.FE.IN,42377
"Congo, Rep.",COG,1990,"Age population, age 01, female",SP.POP.AG01.FE.IN,41372.5
"Congo, Rep.",COG,1989,"Age population, age 01, female",SP.POP.AG01.FE.IN,40366
"Congo, Rep.",COG,1988,"Age population, age 01, female",SP.POP.AG01.FE.IN,39348
"Congo, Rep.",COG,1987,"Age population, age 01, female",SP.POP.AG01.FE.IN,38390.5
"Congo, Rep.",COG,1986,"Age population, age 01, female",SP.POP.AG01.FE.IN,37492
"Congo, Rep.",COG,1985,"Age population, age 01, female",SP.POP.AG01.FE.IN,35825.5
"Congo, Rep.",COG,1984,"Age population, age 01, female",SP.POP.AG01.FE.IN,34311.5
"Congo, Rep.",COG,1983,"Age population, age 01, female",SP.POP.AG01.FE.IN,34055
"Congo, Rep.",COG,1982,"Age population, age 01, female",SP.POP.AG01.FE.IN,33865.5
"Congo, Rep.",COG,1981,"Age population, age 01, female",SP.POP.AG01.FE.IN,33410.5
"Congo, Rep.",COG,1980,"Age population, age 01, female",SP.POP.AG01.FE.IN,33121.5
"Congo, Rep.",COG,1979,"Age population, age 01, female",SP.POP.AG01.FE.IN,32972.5
"Congo, Rep.",COG,1978,"Age population, age 01, female",SP.POP.AG01.FE.IN,32671
"Congo, Rep.",COG,1977,"Age population, age 01, female",SP.POP.AG01.FE.IN,32271
"Congo, Rep.",COG,1976,"Age population, age 01, female",SP.POP.AG01.FE.IN,31656
"Congo, Rep.",COG,1975,"Age population, age 01, female",SP.POP.AG01.FE.IN,31017
"Congo, Rep.",COG,1974,"Age population, age 01, female",SP.POP.AG01.FE.IN,30372.5
"Congo, Rep.",COG,1973,"Age population, age 01, female",SP.POP.AG01.FE.IN,29397
"Congo, Rep.",COG,1972,"Age population, age 01, female",SP.POP.AG01.FE.IN,28317.5
"Congo, Rep.",COG,1971,"Age population, age 01, female",SP.POP.AG01.FE.IN,27286
"Congo, Rep.",COG,1970,"Age population, age 01, female",SP.POP.AG01.FE.IN,26339.5
"Congo, Rep.",COG,1969,"Age population, age 01, female",SP.POP.AG01.FE.IN,25422
"Congo, Rep.",COG,1968,"Age population, age 01, female",SP.POP.AG01.FE.IN,24556
"Congo, Rep.",COG,1967,"Age population, age 01, female",SP.POP.AG01.FE.IN,23745
"Congo, Rep.",COG,1966,"Age population, age 01, female",SP.POP.AG01.FE.IN,22943
"Congo, Rep.",COG,1965,"Age population, age 01, female",SP.POP.AG01.FE.IN,22188
"Congo, Rep.",COG,1964,"Age population, age 01, female",SP.POP.AG01.FE.IN,21470.5
"Congo, Rep.",COG,1963,"Age population, age 01, female",SP.POP.AG01.FE.IN,20837
"Congo, Rep.",COG,1962,"Age population, age 01, female",SP.POP.AG01.FE.IN,20300
"Congo, Rep.",COG,1961,"Age population, age 01, female",SP.POP.AG01.FE.IN,19800
"Congo, Rep.",COG,1960,"Age population, age 01, female",SP.POP.AG01.FE.IN,19320
"Congo, Rep.",COG,2024,"Age population, age 01, male",SP.POP.AG01.MA.IN,91927.5
"Congo, Rep.",COG,2023,"Age population, age 01, male",SP.POP.AG01.MA.IN,90731
"Congo, Rep.",COG,2022,"Age population, age 01, male",SP.POP.AG01.MA.IN,89589.5
"Congo, Rep.",COG,2021,"Age population, age 01, male",SP.POP.AG01.MA.IN,88394.5
"Congo, Rep.",COG,2020,"Age population, age 01, male",SP.POP.AG01.MA.IN,87516.5
"Congo, Rep.",COG,2019,"Age population, age 01, male",SP.POP.AG01.MA.IN,86959
"Congo, Rep.",COG,2018,"Age population, age 01, male",SP.POP.AG01.MA.IN,86446
"Congo, Rep.",COG,2017,"Age population, age 01, male",SP.POP.AG01.MA.IN,86103
"Congo, Rep.",COG,2016,"Age population, age 01, male",SP.POP.AG01.MA.IN,85970.5
"Congo, Rep.",COG,2015,"Age population, age 01, male",SP.POP.AG01.MA.IN,85974.5
"Congo, Rep.",COG,2014,"Age population, age 01, male",SP.POP.AG01.MA.IN,86044
"Congo, Rep.",COG,2013,"Age population, age 01, male",SP.POP.AG01.MA.IN,85554.5
"Congo, Rep.",COG,2012,"Age population, age 01, male",SP.POP.AG01.MA.IN,84283.5
"Congo, Rep.",COG,2011,"Age population, age 01, male",SP.POP.AG01.MA.IN,81117
"Congo, Rep.",COG,2010,"Age population, age 01, male",SP.POP.AG01.MA.IN,77001.5
"Congo, Rep.",COG,2009,"Age population, age 01, male",SP.POP.AG01.MA.IN,73048
"Congo, Rep.",COG,2008,"Age population, age 01, male",SP.POP.AG01.MA.IN,69431
"Congo, Rep.",COG,2007,"Age population, age 01, male",SP.POP.AG01.MA.IN,66656.5
"Congo, Rep.",COG,2006,"Age population, age 01, male",SP.POP.AG01.MA.IN,64019
"Congo, Rep.",COG,2005,"Age population, age 01, male",SP.POP.AG01.MA.IN,61439
"Congo, Rep.",COG,2004,"Age population, age 01, male",SP.POP.AG01.MA.IN,59286.5
"Congo, Rep.",COG,2003,"Age population, age 01, male",SP.POP.AG01.MA.IN,57431.5
"Congo, Rep.",COG,2002,"Age population, age 01, male",SP.POP.AG01.MA.IN,54970
"Congo, Rep.",COG,2001,"Age population, age 01, male",SP.POP.AG01.MA.IN,53103.5
"Congo, Rep.",COG,2000,"Age population, age 01, male",SP.POP.AG01.MA.IN,52017
"Congo, Rep.",COG,1999,"Age population, age 01, male",SP.POP.AG01.MA.IN,51236.5
"Congo, Rep.",COG,1998,"Age population, age 01, male",SP.POP.AG01.MA.IN,50567
"Congo, Rep.",COG,1997,"Age population, age 01, male",SP.POP.AG01.MA.IN,49619
"Congo, Rep.",COG,1996,"Age population, age 01, male",SP.POP.AG01.MA.IN,48686
"Congo, Rep.",COG,1995,"Age population, age 01, male",SP.POP.AG01.MA.IN,47494
"Congo, Rep.",COG,1994,"Age population, age 01, male",SP.POP.AG01.MA.IN,46270.5
"Congo, Rep.",COG,1993,"Age population, age 01, male",SP.POP.AG01.MA.IN,45139.5
"Congo, Rep.",COG,1992,"Age population, age 01, male",SP.POP.AG01.MA.IN,44027.5
"Congo, Rep.",COG,1991,"Age population, age 01, male",SP.POP.AG01.MA.IN,42991
"Congo, Rep.",COG,1990,"Age population, age 01, male",SP.POP.AG01.MA.IN,41982
"Congo, Rep.",COG,1989,"Age population, age 01, male",SP.POP.AG01.MA.IN,40966
"Congo, Rep.",COG,1988,"Age population, age 01, male",SP.POP.AG01.MA.IN,39937.5
"Congo, Rep.",COG,1987,"Age population, age 01, male",SP.POP.AG01.MA.IN,38964
"Congo, Rep.",COG,1986,"Age population, age 01, male",SP.POP.AG01.MA.IN,38048
"Congo, Rep.",COG,1985,"Age population, age 01, male",SP.POP.AG01.MA.IN,36822
"Congo, Rep.",COG,1984,"Age population, age 01, male",SP.POP.AG01.MA.IN,35721
"Congo, Rep.",COG,1983,"Age population, age 01, male",SP.POP.AG01.MA.IN,35361.5
"Congo, Rep.",COG,1982,"Age population, age 01, male",SP.POP.AG01.MA.IN,35030.5
"Congo, Rep.",COG,1981,"Age population, age 01, male",SP.POP.AG01.MA.IN,34485.5
"Congo, Rep.",COG,1980,"Age population, age 01, male",SP.POP.AG01.MA.IN,34133
"Congo, Rep.",COG,1979,"Age population, age 01, male",SP.POP.AG01.MA.IN,33855.5
"Congo, Rep.",COG,1978,"Age population, age 01, male",SP.POP.AG01.MA.IN,33418.5
"Congo, Rep.",COG,1977,"Age population, age 01, male",SP.POP.AG01.MA.IN,32929.5
"Congo, Rep.",COG,1976,"Age population, age 01, male",SP.POP.AG01.MA.IN,32152.5
"Congo, Rep.",COG,1975,"Age population, age 01, male",SP.POP.AG01.MA.IN,31399.5
"Congo, Rep.",COG,1974,"Age population, age 01, male",SP.POP.AG01.MA.IN,30758
"Congo, Rep.",COG,1973,"Age population, age 01, male",SP.POP.AG01.MA.IN,29762
"Congo, Rep.",COG,1972,"Age population, age 01, male",SP.POP.AG01.MA.IN,28660.5
"Congo, Rep.",COG,1971,"Age population, age 01, male",SP.POP.AG01.MA.IN,27609.5
"Congo, Rep.",COG,1970,"Age population, age 01, male",SP.POP.AG01.MA.IN,26645.5
"Congo, Rep.",COG,1969,"Age population, age 01, male",SP.POP.AG01.MA.IN,25710
"Congo, Rep.",COG,1968,"Age population, age 01, male",SP.POP.AG01.MA.IN,24826.5
"Congo, Rep.",COG,1967,"Age population, age 01, male",SP.POP.AG01.MA.IN,23999.5
"Congo, Rep.",COG,1966,"Age population, age 01, male",SP.POP.AG01.MA.IN,23180.5
"Congo, Rep.",COG,1965,"Age population, age 01, male",SP.POP.AG01.MA.IN,22408.5
"Congo, Rep.",COG,1964,"Age population, age 01, male",SP.POP.AG01.MA.IN,21676
"Congo, Rep.",COG,1963,"Age population, age 01, male",SP.POP.AG01.MA.IN,21030.5
"Congo, Rep.",COG,1962,"Age population, age 01, male",SP.POP.AG01.MA.IN,20480
"Congo, Rep.",COG,1961,"Age population, age 01, male",SP.POP.AG01.MA.IN,19967
"Congo, Rep.",COG,1960,"Age population, age 01, male",SP.POP.AG01.MA.IN,19476.5
"Congo, Rep.",COG,2024,"Age population, age 02, female",SP.POP.AG02.FE.IN,88639.5
"Congo, Rep.",COG,2023,"Age population, age 02, female",SP.POP.AG02.FE.IN,87589.5
"Congo, Rep.",COG,2022,"Age population, age 02, female",SP.POP.AG02.FE.IN,86396.5
"Congo, Rep.",COG,2021,"Age population, age 02, female",SP.POP.AG02.FE.IN,85536
"Congo, Rep.",COG,2020,"Age population, age 02, female",SP.POP.AG02.FE.IN,84910.5
"Congo, Rep.",COG,2019,"Age population, age 02, female",SP.POP.AG02.FE.IN,84388.5
"Congo, Rep.",COG,2018,"Age population, age 02, female",SP.POP.AG02.FE.IN,84097.5
"Congo, Rep.",COG,2017,"Age population, age 02, female",SP.POP.AG02.FE.IN,83961.5
"Congo, Rep.",COG,2016,"Age population, age 02, female",SP.POP.AG02.FE.IN,83965
"Congo, Rep.",COG,2015,"Age population, age 02, female",SP.POP.AG02.FE.IN,84025
"Congo, Rep.",COG,2014,"Age population, age 02, female",SP.POP.AG02.FE.IN,83546
"Congo, Rep.",COG,2013,"Age population, age 02, female",SP.POP.AG02.FE.IN,82312.5
"Congo, Rep.",COG,2012,"Age population, age 02, female",SP.POP.AG02.FE.IN,79324.5
"Congo, Rep.",COG,2011,"Age population, age 02, female",SP.POP.AG02.FE.IN,75421.5
"Congo, Rep.",COG,2010,"Age population, age 02, female",SP.POP.AG02.FE.IN,71780
"Congo, Rep.",COG,2009,"Age population, age 02, female",SP.POP.AG02.FE.IN,68198
"Congo, Rep.",COG,2008,"Age population, age 02, female",SP.POP.AG02.FE.IN,65295
"Congo, Rep.",COG,2007,"Age population, age 02, female",SP.POP.AG02.FE.IN,62770
"Congo, Rep.",COG,2006,"Age population, age 02, female",SP.POP.AG02.FE.IN,60221
"Congo, Rep.",COG,2005,"Age population, age 02, female",SP.POP.AG02.FE.IN,58040.5
"Congo, Rep.",COG,2004,"Age population, age 02, female",SP.POP.AG02.FE.IN,56161
"Congo, Rep.",COG,2003,"Age population, age 02, female",SP.POP.AG02.FE.IN,53609.5
"Congo, Rep.",COG,2002,"Age population, age 02, female",SP.POP.AG02.FE.IN,51674
"Congo, Rep.",COG,2001,"Age population, age 02, female",SP.POP.AG02.FE.IN,50855.5
"Congo, Rep.",COG,2000,"Age population, age 02, female",SP.POP.AG02.FE.IN,50084.5
"Congo, Rep.",COG,1999,"Age population, age 02, female",SP.POP.AG02.FE.IN,49212
"Congo, Rep.",COG,1998,"Age population, age 02, female",SP.POP.AG02.FE.IN,48176.5
"Congo, Rep.",COG,1997,"Age population, age 02, female",SP.POP.AG02.FE.IN,47264
"Congo, Rep.",COG,1996,"Age population, age 02, female",SP.POP.AG02.FE.IN,46231.5
"Congo, Rep.",COG,1995,"Age population, age 02, female",SP.POP.AG02.FE.IN,45053
"Congo, Rep.",COG,1994,"Age population, age 02, female",SP.POP.AG02.FE.IN,43970.5
"Congo, Rep.",COG,1993,"Age population, age 02, female",SP.POP.AG02.FE.IN,42886
"Congo, Rep.",COG,1992,"Age population, age 02, female",SP.POP.AG02.FE.IN,41862
"Congo, Rep.",COG,1991,"Age population, age 02, female",SP.POP.AG02.FE.IN,40883
"Congo, Rep.",COG,1990,"Age population, age 02, female",SP.POP.AG02.FE.IN,39894.5
"Congo, Rep.",COG,1989,"Age population, age 02, female",SP.POP.AG02.FE.IN,38892.5
"Congo, Rep.",COG,1988,"Age population, age 02, female",SP.POP.AG02.FE.IN,37944
"Congo, Rep.",COG,1987,"Age population, age 02, female",SP.POP.AG02.FE.IN,37051.5
"Congo, Rep.",COG,1986,"Age population, age 02, female",SP.POP.AG02.FE.IN,35395
"Congo, Rep.",COG,1985,"Age population, age 02, female",SP.POP.AG02.FE.IN,33887.5
"Congo, Rep.",COG,1984,"Age population, age 02, female",SP.POP.AG02.FE.IN,33404.5
"Congo, Rep.",COG,1983,"Age population, age 02, female",SP.POP.AG02.FE.IN,32978
"Congo, Rep.",COG,1982,"Age population, age 02, female",SP.POP.AG02.FE.IN,32494
"Congo, Rep.",COG,1981,"Age population, age 02, female",SP.POP.AG02.FE.IN,32201
"Congo, Rep.",COG,1980,"Age population, age 02, female",SP.POP.AG02.FE.IN,32077
"Congo, Rep.",COG,1979,"Age population, age 02, female",SP.POP.AG02.FE.IN,31773.5
"Congo, Rep.",COG,1978,"Age population, age 02, female",SP.POP.AG02.FE.IN,31345
"Congo, Rep.",COG,1977,"Age population, age 02, female",SP.POP.AG02.FE.IN,30710
"Congo, Rep.",COG,1976,"Age population, age 02, female",SP.POP.AG02.FE.IN,30038.5
"Congo, Rep.",COG,1975,"Age population, age 02, female",SP.POP.AG02.FE.IN,29605
"Congo, Rep.",COG,1974,"Age population, age 02, female",SP.POP.AG02.FE.IN,28866.5
"Congo, Rep.",COG,1973,"Age population, age 02, female",SP.POP.AG02.FE.IN,27788
"Congo, Rep.",COG,1972,"Age population, age 02, female",SP.POP.AG02.FE.IN,26756
"Congo, Rep.",COG,1971,"Age population, age 02, female",SP.POP.AG02.FE.IN,25806.5
"Congo, Rep.",COG,1970,"Age population, age 02, female",SP.POP.AG02.FE.IN,24885
"Congo, Rep.",COG,1969,"Age population, age 02, female",SP.POP.AG02.FE.IN,24013.5
"Congo, Rep.",COG,1968,"Age population, age 02, female",SP.POP.AG02.FE.IN,23192
"Congo, Rep.",COG,1967,"Age population, age 02, female",SP.POP.AG02.FE.IN,22382
"Congo, Rep.",COG,1966,"Age population, age 02, female",SP.POP.AG02.FE.IN,21620
"Congo, Rep.",COG,1965,"Age population, age 02, female",SP.POP.AG02.FE.IN,20890
"Congo, Rep.",COG,1964,"Age population, age 02, female",SP.POP.AG02.FE.IN,20241.5
"Congo, Rep.",COG,1963,"Age population, age 02, female",SP.POP.AG02.FE.IN,19686.5
"Congo, Rep.",COG,1962,"Age population, age 02, female",SP.POP.AG02.FE.IN,19166.5
"Congo, Rep.",COG,1961,"Age population, age 02, female",SP.POP.AG02.FE.IN,18665
"Congo, Rep.",COG,1960,"Age population, age 02, female",SP.POP.AG02.FE.IN,18142.5
"Congo, Rep.",COG,2024,"Age population, age 02, male",SP.POP.AG02.MA.IN,90372
"Congo, Rep.",COG,2023,"Age population, age 02, male",SP.POP.AG02.MA.IN,89238
"Congo, Rep.",COG,2022,"Age population, age 02, male",SP.POP.AG02.MA.IN,88032.5
"Congo, Rep.",COG,2021,"Age population, age 02, male",SP.POP.AG02.MA.IN,87142
"Congo, Rep.",COG,2020,"Age population, age 02, male",SP.POP.AG02.MA.IN,86518.5
"Congo, Rep.",COG,2019,"Age population, age 02, male",SP.POP.AG02.MA.IN,85982
"Congo, Rep.",COG,2018,"Age population, age 02, male",SP.POP.AG02.MA.IN,85660
"Congo, Rep.",COG,2017,"Age population, age 02, male",SP.POP.AG02.MA.IN,85484
"Congo, Rep.",COG,2016,"Age population, age 02, male",SP.POP.AG02.MA.IN,85439.5
"Congo, Rep.",COG,2015,"Age population, age 02, male",SP.POP.AG02.MA.IN,85458.5
"Congo, Rep.",COG,2014,"Age population, age 02, male",SP.POP.AG02.MA.IN,84917
"Congo, Rep.",COG,2013,"Age population, age 02, male",SP.POP.AG02.MA.IN,83602
"Congo, Rep.",COG,2012,"Age population, age 02, male",SP.POP.AG02.MA.IN,80505
"Congo, Rep.",COG,2011,"Age population, age 02, male",SP.POP.AG02.MA.IN,76488
"Congo, Rep.",COG,2010,"Age population, age 02, male",SP.POP.AG02.MA.IN,72758.5
"Congo, Rep.",COG,2009,"Age population, age 02, male",SP.POP.AG02.MA.IN,69102.5
"Congo, Rep.",COG,2008,"Age population, age 02, male",SP.POP.AG02.MA.IN,66146
"Congo, Rep.",COG,2007,"Age population, age 02, male",SP.POP.AG02.MA.IN,63576
"Congo, Rep.",COG,2006,"Age population, age 02, male",SP.POP.AG02.MA.IN,60985
"Congo, Rep.",COG,2005,"Age population, age 02, male",SP.POP.AG02.MA.IN,58765.5
"Congo, Rep.",COG,2004,"Age population, age 02, male",SP.POP.AG02.MA.IN,56835.5
"Congo, Rep.",COG,2003,"Age population, age 02, male",SP.POP.AG02.MA.IN,54228.5
"Congo, Rep.",COG,2002,"Age population, age 02, male",SP.POP.AG02.MA.IN,52264
"Congo, Rep.",COG,2001,"Age population, age 02, male",SP.POP.AG02.MA.IN,51436
"Congo, Rep.",COG,2000,"Age population, age 02, male",SP.POP.AG02.MA.IN,50651
"Congo, Rep.",COG,1999,"Age population, age 02, male",SP.POP.AG02.MA.IN,49759
"Congo, Rep.",COG,1998,"Age population, age 02, male",SP.POP.AG02.MA.IN,48724.5
"Congo, Rep.",COG,1997,"Age population, age 02, male",SP.POP.AG02.MA.IN,47826.5
"Congo, Rep.",COG,1996,"Age population, age 02, male",SP.POP.AG02.MA.IN,46798
"Congo, Rep.",COG,1995,"Age population, age 02, male",SP.POP.AG02.MA.IN,45622.5
"Congo, Rep.",COG,1994,"Age population, age 02, male",SP.POP.AG02.MA.IN,44552
"Congo, Rep.",COG,1993,"Age population, age 02, male",SP.POP.AG02.MA.IN,43473
"Congo, Rep.",COG,1992,"Age population, age 02, male",SP.POP.AG02.MA.IN,42444
"Congo, Rep.",COG,1991,"Age population, age 02, male",SP.POP.AG02.MA.IN,41460
"Congo, Rep.",COG,1990,"Age population, age 02, male",SP.POP.AG02.MA.IN,40464.5
"Congo, Rep.",COG,1989,"Age population, age 02, male",SP.POP.AG02.MA.IN,39453.5
"Congo, Rep.",COG,1988,"Age population, age 02, male",SP.POP.AG02.MA.IN,38488
"Congo, Rep.",COG,1987,"Age population, age 02, male",SP.POP.AG02.MA.IN,37578
"Congo, Rep.",COG,1986,"Age population, age 02, male",SP.POP.AG02.MA.IN,36356.5
"Congo, Rep.",COG,1985,"Age population, age 02, male",SP.POP.AG02.MA.IN,35256.5
"Congo, Rep.",COG,1984,"Age population, age 02, male",SP.POP.AG02.MA.IN,34667
"Congo, Rep.",COG,1983,"Age population, age 02, male",SP.POP.AG02.MA.IN,34090.5
"Congo, Rep.",COG,1982,"Age population, age 02, male",SP.POP.AG02.MA.IN,33513.5
"Congo, Rep.",COG,1981,"Age population, age 02, male",SP.POP.AG02.MA.IN,33157.5
"Congo, Rep.",COG,1980,"Age population, age 02, male",SP.POP.AG02.MA.IN,32894.5
"Congo, Rep.",COG,1979,"Age population, age 02, male",SP.POP.AG02.MA.IN,32437
"Congo, Rep.",COG,1978,"Age population, age 02, male",SP.POP.AG02.MA.IN,31906.5
"Congo, Rep.",COG,1977,"Age population, age 02, male",SP.POP.AG02.MA.IN,31117.5
"Congo, Rep.",COG,1976,"Age population, age 02, male",SP.POP.AG02.MA.IN,30343
"Congo, Rep.",COG,1975,"Age population, age 02, male",SP.POP.AG02.MA.IN,29931.5
"Congo, Rep.",COG,1974,"Age population, age 02, male",SP.POP.AG02.MA.IN,29194
"Congo, Rep.",COG,1973,"Age population, age 02, male",SP.POP.AG02.MA.IN,28094.5
"Congo, Rep.",COG,1972,"Age population, age 02, male",SP.POP.AG02.MA.IN,27042.5
"Congo, Rep.",COG,1971,"Age population, age 02, male",SP.POP.AG02.MA.IN,26075.5
"Congo, Rep.",COG,1970,"Age population, age 02, male",SP.POP.AG02.MA.IN,25136.5
"Congo, Rep.",COG,1969,"Age population, age 02, male",SP.POP.AG02.MA.IN,24247
"Congo, Rep.",COG,1968,"Age population, age 02, male",SP.POP.AG02.MA.IN,23410
"Congo, Rep.",COG,1967,"Age population, age 02, male",SP.POP.AG02.MA.IN,22584.5
"Congo, Rep.",COG,1966,"Age population, age 02, male",SP.POP.AG02.MA.IN,21805.5
"Congo, Rep.",COG,1965,"Age population, age 02, male",SP.POP.AG02.MA.IN,21061.5
"Congo, Rep.",COG,1964,"Age population, age 02, male",SP.POP.AG02.MA.IN,20402
"Congo, Rep.",COG,1963,"Age population, age 02, male",SP.POP.AG02.MA.IN,19832.5
"Congo, Rep.",COG,1962,"Age population, age 02, male",SP.POP.AG02.MA.IN,19297
"Congo, Rep.",COG,1961,"Age population, age 02, male",SP.POP.AG02.MA.IN,18784
"Congo, Rep.",COG,1960,"Age population, age 02, male",SP.POP.AG02.MA.IN,18250.5
"Congo, Rep.",COG,2024,"Age population, age 03, female",SP.POP.AG03.FE.IN,87355
"Congo, Rep.",COG,2023,"Age population, age 03, female",SP.POP.AG03.FE.IN,86168
"Congo, Rep.",COG,2022,"Age population, age 03, female",SP.POP.AG03.FE.IN,85295
"Congo, Rep.",COG,2021,"Age population, age 03, female",SP.POP.AG03.FE.IN,84657.5
"Congo, Rep.",COG,2020,"Age population, age 03, female",SP.POP.AG03.FE.IN,84077.5
"Congo, Rep.",COG,2019,"Age population, age 03, female",SP.POP.AG03.FE.IN,83763
"Congo, Rep.",COG,2018,"Age population, age 03, female",SP.POP.AG03.FE.IN,83648.5
"Congo, Rep.",COG,2017,"Age population, age 03, female",SP.POP.AG03.FE.IN,83626
"Congo, Rep.",COG,2016,"Age population, age 03, female",SP.POP.AG03.FE.IN,83657.5
"Congo, Rep.",COG,2015,"Age population, age 03, female",SP.POP.AG03.FE.IN,83151
"Congo, Rep.",COG,2014,"Age population, age 03, female",SP.POP.AG03.FE.IN,81891.5
"Congo, Rep.",COG,2013,"Age population, age 03, female",SP.POP.AG03.FE.IN,78888.5
"Congo, Rep.",COG,2012,"Age population, age 03, female",SP.POP.AG03.FE.IN,75061.5
"Congo, Rep.",COG,2011,"Age population, age 03, female",SP.POP.AG03.FE.IN,71513
"Congo, Rep.",COG,2010,"Age population, age 03, female",SP.POP.AG03.FE.IN,68126
"Congo, Rep.",COG,2009,"Age population, age 03, female",SP.POP.AG03.FE.IN,65191.5
"Congo, Rep.",COG,2008,"Age population, age 03, female",SP.POP.AG03.FE.IN,62517.5
"Congo, Rep.",COG,2007,"Age population, age 03, female",SP.POP.AG03.FE.IN,60034.5
"Congo, Rep.",COG,2006,"Age population, age 03, female",SP.POP.AG03.FE.IN,57852.5
"Congo, Rep.",COG,2005,"Age population, age 03, female",SP.POP.AG03.FE.IN,55924.5
"Congo, Rep.",COG,2004,"Age population, age 03, female",SP.POP.AG03.FE.IN,53325
"Congo, Rep.",COG,2003,"Age population, age 03, female",SP.POP.AG03.FE.IN,51270
"Congo, Rep.",COG,2002,"Age population, age 03, female",SP.POP.AG03.FE.IN,50364
"Congo, Rep.",COG,2001,"Age population, age 03, female",SP.POP.AG03.FE.IN,49812.5
"Congo, Rep.",COG,2000,"Age population, age 03, female",SP.POP.AG03.FE.IN,48940
"Congo, Rep.",COG,1999,"Age population, age 03, female",SP.POP.AG03.FE.IN,47720
"Congo, Rep.",COG,1998,"Age population, age 03, female",SP.POP.AG03.FE.IN,46733.5
"Congo, Rep.",COG,1997,"Age population, age 03, female",SP.POP.AG03.FE.IN,45717.5
"Congo, Rep.",COG,1996,"Age population, age 03, female",SP.POP.AG03.FE.IN,44657
"Congo, Rep.",COG,1995,"Age population, age 03, female",SP.POP.AG03.FE.IN,43602.5
"Congo, Rep.",COG,1994,"Age population, age 03, female",SP.POP.AG03.FE.IN,42557.5
"Congo, Rep.",COG,1993,"Age population, age 03, female",SP.POP.AG03.FE.IN,41550
"Congo, Rep.",COG,1992,"Age population, age 03, female",SP.POP.AG03.FE.IN,40569.5
"Congo, Rep.",COG,1991,"Age population, age 03, female",SP.POP.AG03.FE.IN,39596
"Congo, Rep.",COG,1990,"Age population, age 03, female",SP.POP.AG03.FE.IN,38604.5
"Congo, Rep.",COG,1989,"Age population, age 03, female",SP.POP.AG03.FE.IN,37665.5
"Congo, Rep.",COG,1988,"Age population, age 03, female",SP.POP.AG03.FE.IN,36778
"Congo, Rep.",COG,1987,"Age population, age 03, female",SP.POP.AG03.FE.IN,35132
"Congo, Rep.",COG,1986,"Age population, age 03, female",SP.POP.AG03.FE.IN,33629.5
"Congo, Rep.",COG,1985,"Age population, age 03, female",SP.POP.AG03.FE.IN,33143
"Congo, Rep.",COG,1984,"Age population, age 03, female",SP.POP.AG03.FE.IN,32535
"Congo, Rep.",COG,1983,"Age population, age 03, female",SP.POP.AG03.FE.IN,31860
"Congo, Rep.",COG,1982,"Age population, age 03, female",SP.POP.AG03.FE.IN,31569.5
"Congo, Rep.",COG,1981,"Age population, age 03, female",SP.POP.AG03.FE.IN,31478.5
"Congo, Rep.",COG,1980,"Age population, age 03, female",SP.POP.AG03.FE.IN,31180
"Congo, Rep.",COG,1979,"Age population, age 03, female",SP.POP.AG03.FE.IN,30728
"Congo, Rep.",COG,1978,"Age population, age 03, female",SP.POP.AG03.FE.IN,30077.5
"Congo, Rep.",COG,1977,"Age population, age 03, female",SP.POP.AG03.FE.IN,29371
"Congo, Rep.",COG,1976,"Age population, age 03, female",SP.POP.AG03.FE.IN,28924
"Congo, Rep.",COG,1975,"Age population, age 03, female",SP.POP.AG03.FE.IN,28375
"Congo, Rep.",COG,1974,"Age population, age 03, female",SP.POP.AG03.FE.IN,27471
"Congo, Rep.",COG,1973,"Age population, age 03, female",SP.POP.AG03.FE.IN,26440
"Congo, Rep.",COG,1972,"Age population, age 03, female",SP.POP.AG03.FE.IN,25489.5
"Congo, Rep.",COG,1971,"Age population, age 03, female",SP.POP.AG03.FE.IN,24566
"Congo, Rep.",COG,1970,"Age population, age 03, female",SP.POP.AG03.FE.IN,23692.5
"Congo, Rep.",COG,1969,"Age population, age 03, female",SP.POP.AG03.FE.IN,22868.5
"Congo, Rep.",COG,1968,"Age population, age 03, female",SP.POP.AG03.FE.IN,22052.5
"Congo, Rep.",COG,1967,"Age population, age 03, female",SP.POP.AG03.FE.IN,21285
"Congo, Rep.",COG,1966,"Age population, age 03, female",SP.POP.AG03.FE.IN,20551
"Congo, Rep.",COG,1965,"Age population, age 03, female",SP.POP.AG03.FE.IN,19895
"Congo, Rep.",COG,1964,"Age population, age 03, female",SP.POP.AG03.FE.IN,19330.5
"Congo, Rep.",COG,1963,"Age population, age 03, female",SP.POP.AG03.FE.IN,18799.5
"Congo, Rep.",COG,1962,"Age population, age 03, female",SP.POP.AG03.FE.IN,18286.5
"Congo, Rep.",COG,1961,"Age population, age 03, female",SP.POP.AG03.FE.IN,17752.5
"Congo, Rep.",COG,1960,"Age population, age 03, female",SP.POP.AG03.FE.IN,17238
"Congo, Rep.",COG,2024,"Age population, age 03, male",SP.POP.AG03.MA.IN,89001.5
"Congo, Rep.",COG,2023,"Age population, age 03, male",SP.POP.AG03.MA.IN,87803.5
"Congo, Rep.",COG,2022,"Age population, age 03, male",SP.POP.AG03.MA.IN,86903
"Congo, Rep.",COG,2021,"Age population, age 03, male",SP.POP.AG03.MA.IN,86268.5
"Congo, Rep.",COG,2020,"Age population, age 03, male",SP.POP.AG03.MA.IN,85681
"Congo, Rep.",COG,2019,"Age population, age 03, male",SP.POP.AG03.MA.IN,85340.5
"Congo, Rep.",COG,2018,"Age population, age 03, male",SP.POP.AG03.MA.IN,85181.5
"Congo, Rep.",COG,2017,"Age population, age 03, male",SP.POP.AG03.MA.IN,85105.5
"Congo, Rep.",COG,2016,"Age population, age 03, male",SP.POP.AG03.MA.IN,85090.5
"Congo, Rep.",COG,2015,"Age population, age 03, male",SP.POP.AG03.MA.IN,84515.5
"Congo, Rep.",COG,2014,"Age population, age 03, male",SP.POP.AG03.MA.IN,83166
"Congo, Rep.",COG,2013,"Age population, age 03, male",SP.POP.AG03.MA.IN,80046
"Congo, Rep.",COG,2012,"Age population, age 03, male",SP.POP.AG03.MA.IN,76097
"Congo, Rep.",COG,2011,"Age population, age 03, male",SP.POP.AG03.MA.IN,72454.5
"Congo, Rep.",COG,2010,"Age population, age 03, male",SP.POP.AG03.MA.IN,68992
"Congo, Rep.",COG,2009,"Age population, age 03, male",SP.POP.AG03.MA.IN,66003
"Congo, Rep.",COG,2008,"Age population, age 03, male",SP.POP.AG03.MA.IN,63283.5
"Congo, Rep.",COG,2007,"Age population, age 03, male",SP.POP.AG03.MA.IN,60758.5
"Congo, Rep.",COG,2006,"Age population, age 03, male",SP.POP.AG03.MA.IN,58536
"Congo, Rep.",COG,2005,"Age population, age 03, male",SP.POP.AG03.MA.IN,56558
"Congo, Rep.",COG,2004,"Age population, age 03, male",SP.POP.AG03.MA.IN,53904.5
"Congo, Rep.",COG,2003,"Age population, age 03, male",SP.POP.AG03.MA.IN,51819
"Congo, Rep.",COG,2002,"Age population, age 03, male",SP.POP.AG03.MA.IN,50904
"Congo, Rep.",COG,2001,"Age population, age 03, male",SP.POP.AG03.MA.IN,50340.5
"Congo, Rep.",COG,2000,"Age population, age 03, male",SP.POP.AG03.MA.IN,49449
"Congo, Rep.",COG,1999,"Age population, age 03, male",SP.POP.AG03.MA.IN,48233
"Congo, Rep.",COG,1998,"Age population, age 03, male",SP.POP.AG03.MA.IN,47264
"Congo, Rep.",COG,1997,"Age population, age 03, male",SP.POP.AG03.MA.IN,46252
"Congo, Rep.",COG,1996,"Age population, age 03, male",SP.POP.AG03.MA.IN,45194.5
"Congo, Rep.",COG,1995,"Age population, age 03, male",SP.POP.AG03.MA.IN,44153
"Congo, Rep.",COG,1994,"Age population, age 03, male",SP.POP.AG03.MA.IN,43116
"Congo, Rep.",COG,1993,"Age population, age 03, male",SP.POP.AG03.MA.IN,42105.5
"Congo, Rep.",COG,1992,"Age population, age 03, male",SP.POP.AG03.MA.IN,41120.5
"Congo, Rep.",COG,1991,"Age population, age 03, male",SP.POP.AG03.MA.IN,40140.5
"Congo, Rep.",COG,1990,"Age population, age 03, male",SP.POP.AG03.MA.IN,39141.5
"Congo, Rep.",COG,1989,"Age population, age 03, male",SP.POP.AG03.MA.IN,38187
"Congo, Rep.",COG,1988,"Age population, age 03, male",SP.POP.AG03.MA.IN,37281.5
"Congo, Rep.",COG,1987,"Age population, age 03, male",SP.POP.AG03.MA.IN,36067
"Congo, Rep.",COG,1986,"Age population, age 03, male",SP.POP.AG03.MA.IN,34969.5
"Congo, Rep.",COG,1985,"Age population, age 03, male",SP.POP.AG03.MA.IN,34376.5
"Congo, Rep.",COG,1984,"Age population, age 03, male",SP.POP.AG03.MA.IN,33653
"Congo, Rep.",COG,1983,"Age population, age 03, male",SP.POP.AG03.MA.IN,32922.5
"Congo, Rep.",COG,1982,"Age population, age 03, male",SP.POP.AG03.MA.IN,32572.5
"Congo, Rep.",COG,1981,"Age population, age 03, male",SP.POP.AG03.MA.IN,32333.5
"Congo, Rep.",COG,1980,"Age population, age 03, male",SP.POP.AG03.MA.IN,31864.5
"Congo, Rep.",COG,1979,"Age population, age 03, male",SP.POP.AG03.MA.IN,31300.5
"Congo, Rep.",COG,1978,"Age population, age 03, male",SP.POP.AG03.MA.IN,30501.5
"Congo, Rep.",COG,1977,"Age population, age 03, male",SP.POP.AG03.MA.IN,29699
"Congo, Rep.",COG,1976,"Age population, age 03, male",SP.POP.AG03.MA.IN,29262.5
"Congo, Rep.",COG,1975,"Age population, age 03, male",SP.POP.AG03.MA.IN,28690
"Congo, Rep.",COG,1974,"Age population, age 03, male",SP.POP.AG03.MA.IN,27752
"Congo, Rep.",COG,1973,"Age population, age 03, male",SP.POP.AG03.MA.IN,26702.5
"Congo, Rep.",COG,1972,"Age population, age 03, male",SP.POP.AG03.MA.IN,25735
"Congo, Rep.",COG,1971,"Age population, age 03, male",SP.POP.AG03.MA.IN,24794.5
"Congo, Rep.",COG,1970,"Age population, age 03, male",SP.POP.AG03.MA.IN,23903
"Congo, Rep.",COG,1969,"Age population, age 03, male",SP.POP.AG03.MA.IN,23063.5
"Congo, Rep.",COG,1968,"Age population, age 03, male",SP.POP.AG03.MA.IN,22233
"Congo, Rep.",COG,1967,"Age population, age 03, male",SP.POP.AG03.MA.IN,21449.5
"Congo, Rep.",COG,1966,"Age population, age 03, male",SP.POP.AG03.MA.IN,20702
"Congo, Rep.",COG,1965,"Age population, age 03, male",SP.POP.AG03.MA.IN,20035.5
"Congo, Rep.",COG,1964,"Age population, age 03, male",SP.POP.AG03.MA.IN,19457
"Congo, Rep.",COG,1963,"Age population, age 03, male",SP.POP.AG03.MA.IN,18911.5
"Congo, Rep.",COG,1962,"Age population, age 03, male",SP.POP.AG03.MA.IN,18386.5
"Congo, Rep.",COG,1961,"Age population, age 03, male",SP.POP.AG03.MA.IN,17841
"Congo, Rep.",COG,1960,"Age population, age 03, male",SP.POP.AG03.MA.IN,17314.5
"Congo, Rep.",COG,2024,"Age population, age 04, female",SP.POP.AG04.FE.IN,86004.5
"Congo, Rep.",COG,2023,"Age population, age 04, female",SP.POP.AG04.FE.IN,85137
"Congo, Rep.",COG,2022,"Age population, age 04, female",SP.POP.AG04.FE.IN,84489.5
"Congo, Rep.",COG,2021,"Age population, age 04, female",SP.POP.AG04.FE.IN,83899.5
"Congo, Rep.",COG,2020,"Age population, age 04, female",SP.POP.AG04.FE.IN,83537.5
"Congo, Rep.",COG,2019,"Age population, age 04, female",SP.POP.AG04.FE.IN,83405
"Congo, Rep.",COG,2018,"Age population, age 04, female",SP.POP.AG04.FE.IN,83402
"Congo, Rep.",COG,2017,"Age population, age 04, female",SP.POP.AG04.FE.IN,83413.5
"Congo, Rep.",COG,2016,"Age population, age 04, female",SP.POP.AG04.FE.IN,82886
"Congo, Rep.",COG,2015,"Age population, age 04, female",SP.POP.AG04.FE.IN,81607.5
"Congo, Rep.",COG,2014,"Age population, age 04, female",SP.POP.AG04.FE.IN,78588.5
"Congo, Rep.",COG,2013,"Age population, age 04, female",SP.POP.AG04.FE.IN,74751.5
"Congo, Rep.",COG,2012,"Age population, age 04, female",SP.POP.AG04.FE.IN,71267
"Congo, Rep.",COG,2011,"Age population, age 04, female",SP.POP.AG04.FE.IN,67959
"Congo, Rep.",COG,2010,"Age population, age 04, female",SP.POP.AG04.FE.IN,65190.5
"Congo, Rep.",COG,2009,"Age population, age 04, female",SP.POP.AG04.FE.IN,62491
"Congo, Rep.",COG,2008,"Age population, age 04, female",SP.POP.AG04.FE.IN,59884.5
"Congo, Rep.",COG,2007,"Age population, age 04, female",SP.POP.AG04.FE.IN,57761.5
"Congo, Rep.",COG,2006,"Age population, age 04, female",SP.POP.AG04.FE.IN,55836
"Congo, Rep.",COG,2005,"Age population, age 04, female",SP.POP.AG04.FE.IN,53205
"Congo, Rep.",COG,2004,"Age population, age 04, female",SP.POP.AG04.FE.IN,51111.5
"Congo, Rep.",COG,2003,"Age population, age 04, female",SP.POP.AG04.FE.IN,50102.5
"Congo, Rep.",COG,2002,"Age population, age 04, female",SP.POP.AG04.FE.IN,49480
"Congo, Rep.",COG,2001,"Age population, age 04, female",SP.POP.AG04.FE.IN,48798.5
"Congo, Rep.",COG,2000,"Age population, age 04, female",SP.POP.AG04.FE.IN,47582.5
"Congo, Rep.",COG,1999,"Age population, age 04, female",SP.POP.AG04.FE.IN,46440
"Congo, Rep.",COG,1998,"Age population, age 04, female",SP.POP.AG04.FE.IN,45361.5
"Congo, Rep.",COG,1997,"Age population, age 04, female",SP.POP.AG04.FE.IN,44310
"Congo, Rep.",COG,1996,"Age population, age 04, female",SP.POP.AG04.FE.IN,43347.5
"Congo, Rep.",COG,1995,"Age population, age 04, female",SP.POP.AG04.FE.IN,42320.5
"Congo, Rep.",COG,1994,"Age population, age 04, female",SP.POP.AG04.FE.IN,41341
"Congo, Rep.",COG,1993,"Age population, age 04, female",SP.POP.AG04.FE.IN,40370
"Congo, Rep.",COG,1992,"Age population, age 04, female",SP.POP.AG04.FE.IN,39391.5
"Congo, Rep.",COG,1991,"Age population, age 04, female",SP.POP.AG04.FE.IN,38409.5
"Congo, Rep.",COG,1990,"Age population, age 04, female",SP.POP.AG04.FE.IN,37477.5
"Congo, Rep.",COG,1989,"Age population, age 04, female",SP.POP.AG04.FE.IN,36596.5
"Congo, Rep.",COG,1988,"Age population, age 04, female",SP.POP.AG04.FE.IN,34956.5
"Congo, Rep.",COG,1987,"Age population, age 04, female",SP.POP.AG04.FE.IN,33460.5
"Congo, Rep.",COG,1986,"Age population, age 04, female",SP.POP.AG04.FE.IN,32972.5
"Congo, Rep.",COG,1985,"Age population, age 04, female",SP.POP.AG04.FE.IN,32362
"Congo, Rep.",COG,1984,"Age population, age 04, female",SP.POP.AG04.FE.IN,31521.5
"Congo, Rep.",COG,1983,"Age population, age 04, female",SP.POP.AG04.FE.IN,31082.5
"Congo, Rep.",COG,1982,"Age population, age 04, female",SP.POP.AG04.FE.IN,31027
"Congo, Rep.",COG,1981,"Age population, age 04, female",SP.POP.AG04.FE.IN,30736.5
"Congo, Rep.",COG,1980,"Age population, age 04, female",SP.POP.AG04.FE.IN,30264.5
"Congo, Rep.",COG,1979,"Age population, age 04, female",SP.POP.AG04.FE.IN,29599
"Congo, Rep.",COG,1978,"Age population, age 04, female",SP.POP.AG04.FE.IN,28858.5
"Congo, Rep.",COG,1977,"Age population, age 04, female",SP.POP.AG04.FE.IN,28398
"Congo, Rep.",COG,1976,"Age population, age 04, female",SP.POP.AG04.FE.IN,27877
"Congo, Rep.",COG,1975,"Age population, age 04, female",SP.POP.AG04.FE.IN,27127
"Congo, Rep.",COG,1974,"Age population, age 04, female",SP.POP.AG04.FE.IN,26236.5
"Congo, Rep.",COG,1973,"Age population, age 04, female",SP.POP.AG04.FE.IN,25286.5
"Congo, Rep.",COG,1972,"Age population, age 04, female",SP.POP.AG04.FE.IN,24363
"Congo, Rep.",COG,1971,"Age population, age 04, female",SP.POP.AG04.FE.IN,23488.5
"Congo, Rep.",COG,1970,"Age population, age 04, female",SP.POP.AG04.FE.IN,22663
"Congo, Rep.",COG,1969,"Age population, age 04, female",SP.POP.AG04.FE.IN,21845.5
"Congo, Rep.",COG,1968,"Age population, age 04, female",SP.POP.AG04.FE.IN,21074
"Congo, Rep.",COG,1967,"Age population, age 04, female",SP.POP.AG04.FE.IN,20337.5
"Congo, Rep.",COG,1966,"Age population, age 04, female",SP.POP.AG04.FE.IN,19679.5
"Congo, Rep.",COG,1965,"Age population, age 04, female",SP.POP.AG04.FE.IN,19109.5
"Congo, Rep.",COG,1964,"Age population, age 04, female",SP.POP.AG04.FE.IN,18572.5
"Congo, Rep.",COG,1963,"Age population, age 04, female",SP.POP.AG04.FE.IN,18053
"Congo, Rep.",COG,1962,"Age population, age 04, female",SP.POP.AG04.FE.IN,17512.5
"Congo, Rep.",COG,1961,"Age population, age 04, female",SP.POP.AG04.FE.IN,16991
"Congo, Rep.",COG,1960,"Age population, age 04, female",SP.POP.AG04.FE.IN,16502.5
"Congo, Rep.",COG,2024,"Age population, age 04, male",SP.POP.AG04.MA.IN,87634
"Congo, Rep.",COG,2023,"Age population, age 04, male",SP.POP.AG04.MA.IN,86740.5
"Congo, Rep.",COG,2022,"Age population, age 04, male",SP.POP.AG04.MA.IN,86097.5
"Congo, Rep.",COG,2021,"Age population, age 04, male",SP.POP.AG04.MA.IN,85501
"Congo, Rep.",COG,2020,"Age population, age 04, male",SP.POP.AG04.MA.IN,85119
"Congo, Rep.",COG,2019,"Age population, age 04, male",SP.POP.AG04.MA.IN,84945.5
"Congo, Rep.",COG,2018,"Age population, age 04, male",SP.POP.AG04.MA.IN,84884.5
"Congo, Rep.",COG,2017,"Age population, age 04, male",SP.POP.AG04.MA.IN,84845
"Congo, Rep.",COG,2016,"Age population, age 04, male",SP.POP.AG04.MA.IN,84245
"Congo, Rep.",COG,2015,"Age population, age 04, male",SP.POP.AG04.MA.IN,82872.5
"Congo, Rep.",COG,2014,"Age population, age 04, male",SP.POP.AG04.MA.IN,79732
"Congo, Rep.",COG,2013,"Age population, age 04, male",SP.POP.AG04.MA.IN,75769
"Congo, Rep.",COG,2012,"Age population, age 04, male",SP.POP.AG04.MA.IN,72186
"Congo, Rep.",COG,2011,"Age population, age 04, male",SP.POP.AG04.MA.IN,68798.5
"Congo, Rep.",COG,2010,"Age population, age 04, male",SP.POP.AG04.MA.IN,65974
"Congo, Rep.",COG,2009,"Age population, age 04, male",SP.POP.AG04.MA.IN,63228.5
"Congo, Rep.",COG,2008,"Age population, age 04, male",SP.POP.AG04.MA.IN,60579.5
"Congo, Rep.",COG,2007,"Age population, age 04, male",SP.POP.AG04.MA.IN,58416
"Congo, Rep.",COG,2006,"Age population, age 04, male",SP.POP.AG04.MA.IN,56439.5
"Congo, Rep.",COG,2005,"Age population, age 04, male",SP.POP.AG04.MA.IN,53754
"Congo, Rep.",COG,2004,"Age population, age 04, male",SP.POP.AG04.MA.IN,51630.5
"Congo, Rep.",COG,2003,"Age population, age 04, male",SP.POP.AG04.MA.IN,50612
"Congo, Rep.",COG,2002,"Age population, age 04, male",SP.POP.AG04.MA.IN,49977.5
"Congo, Rep.",COG,2001,"Age population, age 04, male",SP.POP.AG04.MA.IN,49278
"Congo, Rep.",COG,2000,"Age population, age 04, male",SP.POP.AG04.MA.IN,48066
"Congo, Rep.",COG,1999,"Age population, age 04, male",SP.POP.AG04.MA.IN,46943
"Congo, Rep.",COG,1998,"Age population, age 04, male",SP.POP.AG04.MA.IN,45872
"Congo, Rep.",COG,1997,"Age population, age 04, male",SP.POP.AG04.MA.IN,44823.5
"Congo, Rep.",COG,1996,"Age population, age 04, male",SP.POP.AG04.MA.IN,43873
"Congo, Rep.",COG,1995,"Age population, age 04, male",SP.POP.AG04.MA.IN,42854.5
"Congo, Rep.",COG,1994,"Age population, age 04, male",SP.POP.AG04.MA.IN,41874
"Congo, Rep.",COG,1993,"Age population, age 04, male",SP.POP.AG04.MA.IN,40900.5
"Congo, Rep.",COG,1992,"Age population, age 04, male",SP.POP.AG04.MA.IN,39915.5
"Congo, Rep.",COG,1991,"Age population, age 04, male",SP.POP.AG04.MA.IN,38926
"Congo, Rep.",COG,1990,"Age population, age 04, male",SP.POP.AG04.MA.IN,37979.5
"Congo, Rep.",COG,1989,"Age population, age 04, male",SP.POP.AG04.MA.IN,37081.5
"Congo, Rep.",COG,1988,"Age population, age 04, male",SP.POP.AG04.MA.IN,35871
"Congo, Rep.",COG,1987,"Age population, age 04, male",SP.POP.AG04.MA.IN,34778
"Congo, Rep.",COG,1986,"Age population, age 04, male",SP.POP.AG04.MA.IN,34184.5
"Congo, Rep.",COG,1985,"Age population, age 04, male",SP.POP.AG04.MA.IN,33459.5
"Congo, Rep.",COG,1984,"Age population, age 04, male",SP.POP.AG04.MA.IN,32601.5
"Congo, Rep.",COG,1983,"Age population, age 04, male",SP.POP.AG04.MA.IN,32141
"Congo, Rep.",COG,1982,"Age population, age 04, male",SP.POP.AG04.MA.IN,31928.5
"Congo, Rep.",COG,1981,"Age population, age 04, male",SP.POP.AG04.MA.IN,31450.5
"Congo, Rep.",COG,1980,"Age population, age 04, male",SP.POP.AG04.MA.IN,30856.5
"Congo, Rep.",COG,1979,"Age population, age 04, male",SP.POP.AG04.MA.IN,30048.5
"Congo, Rep.",COG,1978,"Age population, age 04, male",SP.POP.AG04.MA.IN,29218.5
"Congo, Rep.",COG,1977,"Age population, age 04, male",SP.POP.AG04.MA.IN,28756.5
"Congo, Rep.",COG,1976,"Age population, age 04, male",SP.POP.AG04.MA.IN,28186
"Congo, Rep.",COG,1975,"Age population, age 04, male",SP.POP.AG04.MA.IN,27388
"Congo, Rep.",COG,1974,"Age population, age 04, male",SP.POP.AG04.MA.IN,26481.5
"Congo, Rep.",COG,1973,"Age population, age 04, male",SP.POP.AG04.MA.IN,25515
"Congo, Rep.",COG,1972,"Age population, age 04, male",SP.POP.AG04.MA.IN,24575
"Congo, Rep.",COG,1971,"Age population, age 04, male",SP.POP.AG04.MA.IN,23683.5
"Congo, Rep.",COG,1970,"Age population, age 04, male",SP.POP.AG04.MA.IN,22842.5
"Congo, Rep.",COG,1969,"Age population, age 04, male",SP.POP.AG04.MA.IN,22010
"Congo, Rep.",COG,1968,"Age population, age 04, male",SP.POP.AG04.MA.IN,21223.5
"Congo, Rep.",COG,1967,"Age population, age 04, male",SP.POP.AG04.MA.IN,20474
"Congo, Rep.",COG,1966,"Age population, age 04, male",SP.POP.AG04.MA.IN,19805.5
"Congo, Rep.",COG,1965,"Age population, age 04, male",SP.POP.AG04.MA.IN,19222.5
"Congo, Rep.",COG,1964,"Age population, age 04, male",SP.POP.AG04.MA.IN,18671.5
"Congo, Rep.",COG,1963,"Age population, age 04, male",SP.POP.AG04.MA.IN,18140.5
"Congo, Rep.",COG,1962,"Age population, age 04, male",SP.POP.AG04.MA.IN,17588.5
"Congo, Rep.",COG,1961,"Age population, age 04, male",SP.POP.AG04.MA.IN,17055
"Congo, Rep.",COG,1960,"Age population, age 04, male",SP.POP.AG04.MA.IN,16555.5
"Congo, Rep.",COG,2024,"Age population, age 05, female",SP.POP.AG05.FE.IN,85016
"Congo, Rep.",COG,2023,"Age population, age 05, female",SP.POP.AG05.FE.IN,84373.5
"Congo, Rep.",COG,2022,"Age population, age 05, female",SP.POP.AG05.FE.IN,83775.5
"Congo, Rep.",COG,2021,"Age population, age 05, female",SP.POP.AG05.FE.IN,83405.5
"Congo, Rep.",COG,2020,"Age population, age 05, female",SP.POP.AG05.FE.IN,83234
"Congo, Rep.",COG,2019,"Age population, age 05, female",SP.POP.AG05.FE.IN,83217
"Congo, Rep.",COG,2018,"Age population, age 05, female",SP.POP.AG05.FE.IN,83245
"Congo, Rep.",COG,2017,"Age population, age 05, female",SP.POP.AG05.FE.IN,82702
"Congo, Rep.",COG,2016,"Age population, age 05, female",SP.POP.AG05.FE.IN,81408
"Congo, Rep.",COG,2015,"Age population, age 05, female",SP.POP.AG05.FE.IN,78377.5
"Congo, Rep.",COG,2014,"Age population, age 05, female",SP.POP.AG05.FE.IN,74529
"Congo, Rep.",COG,2013,"Age population, age 05, female",SP.POP.AG05.FE.IN,71036
"Congo, Rep.",COG,2012,"Age population, age 05, female",SP.POP.AG05.FE.IN,67782.5
"Congo, Rep.",COG,2011,"Age population, age 05, female",SP.POP.AG05.FE.IN,65080
"Congo, Rep.",COG,2010,"Age population, age 05, female",SP.POP.AG05.FE.IN,62521.5
"Congo, Rep.",COG,2009,"Age population, age 05, female",SP.POP.AG05.FE.IN,59894.5
"Congo, Rep.",COG,2008,"Age population, age 05, female",SP.POP.AG05.FE.IN,57668
"Congo, Rep.",COG,2007,"Age population, age 05, female",SP.POP.AG05.FE.IN,55794.5
"Congo, Rep.",COG,2006,"Age population, age 05, female",SP.POP.AG05.FE.IN,53171
"Congo, Rep.",COG,2005,"Age population, age 05, female",SP.POP.AG05.FE.IN,51052
"Congo, Rep.",COG,2004,"Age population, age 05, female",SP.POP.AG05.FE.IN,50009.5
"Congo, Rep.",COG,2003,"Age population, age 05, female",SP.POP.AG05.FE.IN,49301.5
"Congo, Rep.",COG,2002,"Age population, age 05, female",SP.POP.AG05.FE.IN,48563.5
"Congo, Rep.",COG,2001,"Age population, age 05, female",SP.POP.AG05.FE.IN,47513
"Congo, Rep.",COG,2000,"Age population, age 05, female",SP.POP.AG05.FE.IN,46374.5
"Congo, Rep.",COG,1999,"Age population, age 05, female",SP.POP.AG05.FE.IN,45164.5
"Congo, Rep.",COG,1998,"Age population, age 05, female",SP.POP.AG05.FE.IN,44059
"Congo, Rep.",COG,1997,"Age population, age 05, female",SP.POP.AG05.FE.IN,43101
"Congo, Rep.",COG,1996,"Age population, age 05, female",SP.POP.AG05.FE.IN,42148
"Congo, Rep.",COG,1995,"Age population, age 05, female",SP.POP.AG05.FE.IN,41180
"Congo, Rep.",COG,1994,"Age population, age 05, female",SP.POP.AG05.FE.IN,40230.5
"Congo, Rep.",COG,1993,"Age population, age 05, female",SP.POP.AG05.FE.IN,39258
"Congo, Rep.",COG,1992,"Age population, age 05, female",SP.POP.AG05.FE.IN,38269.5
"Congo, Rep.",COG,1991,"Age population, age 05, female",SP.POP.AG05.FE.IN,37343.5
"Congo, Rep.",COG,1990,"Age population, age 05, female",SP.POP.AG05.FE.IN,36466.5
"Congo, Rep.",COG,1989,"Age population, age 05, female",SP.POP.AG05.FE.IN,34834
"Congo, Rep.",COG,1988,"Age population, age 05, female",SP.POP.AG05.FE.IN,33341.5
"Congo, Rep.",COG,1987,"Age population, age 05, female",SP.POP.AG05.FE.IN,32854
"Congo, Rep.",COG,1986,"Age population, age 05, female",SP.POP.AG05.FE.IN,32243.5
"Congo, Rep.",COG,1985,"Age population, age 05, female",SP.POP.AG05.FE.IN,31402.5
"Congo, Rep.",COG,1984,"Age population, age 05, female",SP.POP.AG05.FE.IN,30828
"Congo, Rep.",COG,1983,"Age population, age 05, female",SP.POP.AG05.FE.IN,30658
"Congo, Rep.",COG,1982,"Age population, age 05, female",SP.POP.AG05.FE.IN,30376
"Congo, Rep.",COG,1981,"Age population, age 05, female",SP.POP.AG05.FE.IN,29885
"Congo, Rep.",COG,1980,"Age population, age 05, female",SP.POP.AG05.FE.IN,29206
"Congo, Rep.",COG,1979,"Age population, age 05, female",SP.POP.AG05.FE.IN,28432
"Congo, Rep.",COG,1978,"Age population, age 05, female",SP.POP.AG05.FE.IN,27959.5
"Congo, Rep.",COG,1977,"Age population, age 05, female",SP.POP.AG05.FE.IN,27466
"Congo, Rep.",COG,1976,"Age population, age 05, female",SP.POP.AG05.FE.IN,26761.5
"Congo, Rep.",COG,1975,"Age population, age 05, female",SP.POP.AG05.FE.IN,26001.5
"Congo, Rep.",COG,1974,"Age population, age 05, female",SP.POP.AG05.FE.IN,25149.5
"Congo, Rep.",COG,1973,"Age population, age 05, female",SP.POP.AG05.FE.IN,24227
"Congo, Rep.",COG,1972,"Age population, age 05, female",SP.POP.AG05.FE.IN,23352
"Congo, Rep.",COG,1971,"Age population, age 05, female",SP.POP.AG05.FE.IN,22526
"Congo, Rep.",COG,1970,"Age population, age 05, female",SP.POP.AG05.FE.IN,21708.5
"Congo, Rep.",COG,1969,"Age population, age 05, female",SP.POP.AG05.FE.IN,20936
"Congo, Rep.",COG,1968,"Age population, age 05, female",SP.POP.AG05.FE.IN,20196.5
"Congo, Rep.",COG,1967,"Age population, age 05, female",SP.POP.AG05.FE.IN,19536.5
"Congo, Rep.",COG,1966,"Age population, age 05, female",SP.POP.AG05.FE.IN,18965
"Congo, Rep.",COG,1965,"Age population, age 05, female",SP.POP.AG05.FE.IN,18424.5
"Congo, Rep.",COG,1964,"Age population, age 05, female",SP.POP.AG05.FE.IN,17901.5
"Congo, Rep.",COG,1963,"Age population, age 05, female",SP.POP.AG05.FE.IN,17357.5
"Congo, Rep.",COG,1962,"Age population, age 05, female",SP.POP.AG05.FE.IN,16832.5
"Congo, Rep.",COG,1961,"Age population, age 05, female",SP.POP.AG05.FE.IN,16340
"Congo, Rep.",COG,1960,"Age population, age 05, female",SP.POP.AG05.FE.IN,15844.5
"Congo, Rep.",COG,2024,"Age population, age 05, male",SP.POP.AG05.MA.IN,86612.5
"Congo, Rep.",COG,2023,"Age population, age 05, male",SP.POP.AG05.MA.IN,85975.5
"Congo, Rep.",COG,2022,"Age population, age 05, male",SP.POP.AG05.MA.IN,85371.5
"Congo, Rep.",COG,2021,"Age population, age 05, male",SP.POP.AG05.MA.IN,84982.5
"Congo, Rep.",COG,2020,"Age population, age 05, male",SP.POP.AG05.MA.IN,84775.5
"Congo, Rep.",COG,2019,"Age population, age 05, male",SP.POP.AG05.MA.IN,84702.5
"Congo, Rep.",COG,2018,"Age population, age 05, male",SP.POP.AG05.MA.IN,84675.5
"Congo, Rep.",COG,2017,"Age population, age 05, male",SP.POP.AG05.MA.IN,84057.5
"Congo, Rep.",COG,2016,"Age population, age 05, male",SP.POP.AG05.MA.IN,82666.5
"Congo, Rep.",COG,2015,"Age population, age 05, male",SP.POP.AG05.MA.IN,79511
"Congo, Rep.",COG,2014,"Age population, age 05, male",SP.POP.AG05.MA.IN,75534.5
"Congo, Rep.",COG,2013,"Age population, age 05, male",SP.POP.AG05.MA.IN,71940.5
"Congo, Rep.",COG,2012,"Age population, age 05, male",SP.POP.AG05.MA.IN,68604.5
"Congo, Rep.",COG,2011,"Age population, age 05, male",SP.POP.AG05.MA.IN,65844.5
"Congo, Rep.",COG,2010,"Age population, age 05, male",SP.POP.AG05.MA.IN,63239.5
"Congo, Rep.",COG,2009,"Age population, age 05, male",SP.POP.AG05.MA.IN,60570
"Congo, Rep.",COG,2008,"Age population, age 05, male",SP.POP.AG05.MA.IN,58302.5
"Congo, Rep.",COG,2007,"Age population, age 05, male",SP.POP.AG05.MA.IN,56377.5
"Congo, Rep.",COG,2006,"Age population, age 05, male",SP.POP.AG05.MA.IN,53698.5
"Congo, Rep.",COG,2005,"Age population, age 05, male",SP.POP.AG05.MA.IN,51549
"Congo, Rep.",COG,2004,"Age population, age 05, male",SP.POP.AG05.MA.IN,50497
"Congo, Rep.",COG,2003,"Age population, age 05, male",SP.POP.AG05.MA.IN,49776
"Congo, Rep.",COG,2002,"Age population, age 05, male",SP.POP.AG05.MA.IN,49019
"Congo, Rep.",COG,2001,"Age population, age 05, male",SP.POP.AG05.MA.IN,47974
"Congo, Rep.",COG,2000,"Age population, age 05, male",SP.POP.AG05.MA.IN,46854.5
"Congo, Rep.",COG,1999,"Age population, age 05, male",SP.POP.AG05.MA.IN,45652.5
"Congo, Rep.",COG,1998,"Age population, age 05, male",SP.POP.AG05.MA.IN,44553.5
"Congo, Rep.",COG,1997,"Age population, age 05, male",SP.POP.AG05.MA.IN,43606.5
"Congo, Rep.",COG,1996,"Age population, age 05, male",SP.POP.AG05.MA.IN,42661.5
"Congo, Rep.",COG,1995,"Age population, age 05, male",SP.POP.AG05.MA.IN,41694.5
"Congo, Rep.",COG,1994,"Age population, age 05, male",SP.POP.AG05.MA.IN,40743
"Congo, Rep.",COG,1993,"Age population, age 05, male",SP.POP.AG05.MA.IN,39765
"Congo, Rep.",COG,1992,"Age population, age 05, male",SP.POP.AG05.MA.IN,38770
"Congo, Rep.",COG,1991,"Age population, age 05, male",SP.POP.AG05.MA.IN,37830
"Congo, Rep.",COG,1990,"Age population, age 05, male",SP.POP.AG05.MA.IN,36937
"Congo, Rep.",COG,1989,"Age population, age 05, male",SP.POP.AG05.MA.IN,35733
"Congo, Rep.",COG,1988,"Age population, age 05, male",SP.POP.AG05.MA.IN,34642.5
"Congo, Rep.",COG,1987,"Age population, age 05, male",SP.POP.AG05.MA.IN,34050
"Congo, Rep.",COG,1986,"Age population, age 05, male",SP.POP.AG05.MA.IN,33325
"Congo, Rep.",COG,1985,"Age population, age 05, male",SP.POP.AG05.MA.IN,32467
"Congo, Rep.",COG,1984,"Age population, age 05, male",SP.POP.AG05.MA.IN,31908.5
"Congo, Rep.",COG,1983,"Age population, age 05, male",SP.POP.AG05.MA.IN,31609.5
"Congo, Rep.",COG,1982,"Age population, age 05, male",SP.POP.AG05.MA.IN,31125
"Congo, Rep.",COG,1981,"Age population, age 05, male",SP.POP.AG05.MA.IN,30503
"Congo, Rep.",COG,1980,"Age population, age 05, male",SP.POP.AG05.MA.IN,29687
"Congo, Rep.",COG,1979,"Age population, age 05, male",SP.POP.AG05.MA.IN,28830.5
"Congo, Rep.",COG,1978,"Age population, age 05, male",SP.POP.AG05.MA.IN,28344
"Congo, Rep.",COG,1977,"Age population, age 05, male",SP.POP.AG05.MA.IN,27773.5
"Congo, Rep.",COG,1976,"Age population, age 05, male",SP.POP.AG05.MA.IN,26995
"Congo, Rep.",COG,1975,"Age population, age 05, male",SP.POP.AG05.MA.IN,26222
"Congo, Rep.",COG,1974,"Age population, age 05, male",SP.POP.AG05.MA.IN,25366
"Congo, Rep.",COG,1973,"Age population, age 05, male",SP.POP.AG05.MA.IN,24427
"Congo, Rep.",COG,1972,"Age population, age 05, male",SP.POP.AG05.MA.IN,23535.5
"Congo, Rep.",COG,1971,"Age population, age 05, male",SP.POP.AG05.MA.IN,22694.5
"Congo, Rep.",COG,1970,"Age population, age 05, male",SP.POP.AG05.MA.IN,21862
"Congo, Rep.",COG,1969,"Age population, age 05, male",SP.POP.AG05.MA.IN,21075
"Congo, Rep.",COG,1968,"Age population, age 05, male",SP.POP.AG05.MA.IN,20323
"Congo, Rep.",COG,1967,"Age population, age 05, male",SP.POP.AG05.MA.IN,19652.5
"Congo, Rep.",COG,1966,"Age population, age 05, male",SP.POP.AG05.MA.IN,19068.5
"Congo, Rep.",COG,1965,"Age population, age 05, male",SP.POP.AG05.MA.IN,18514.5
"Congo, Rep.",COG,1964,"Age population, age 05, male",SP.POP.AG05.MA.IN,17980
"Congo, Rep.",COG,1963,"Age population, age 05, male",SP.POP.AG05.MA.IN,17425
"Congo, Rep.",COG,1962,"Age population, age 05, male",SP.POP.AG05.MA.IN,16887.5
"Congo, Rep.",COG,1961,"Age population, age 05, male",SP.POP.AG05.MA.IN,16383.5
"Congo, Rep.",COG,1960,"Age population, age 05, male",SP.POP.AG05.MA.IN,15881
"Congo, Rep.",COG,2016,"Own-account workers, female (% of female employment) (modeled ILO estimate)",SL.EMP.OWAC.FE.ZS,87.0130004882813
"Congo, Rep.",COG,2015,"Own-account workers, female (% of female employment) (modeled ILO estimate)",SL.EMP.OWAC.FE.ZS,86.1689987182617
"Congo, Rep.",COG,2014,"Own-account workers, female (% of female employment) (modeled ILO estimate)",SL.EMP.OWAC.FE.ZS,84.6760025024414
"Congo, Rep.",COG,2013,"Own-account workers, female (% of female employment) (modeled ILO estimate)",SL.EMP.OWAC.FE.ZS,84.7649993896484
"Congo, Rep.",COG,2012,"Own-account workers, female (% of female employment) (modeled ILO estimate)",SL.EMP.OWAC.FE.ZS,85.0210037231445
"Congo, Rep.",COG,2011,"Own-account workers, female (% of female employment) (modeled ILO estimate)",SL.EMP.OWAC.FE.ZS,84.7570037841797
"Congo, Rep.",COG,2010,"Own-account workers, female (% of female employment) (modeled ILO estimate)",SL.EMP.OWAC.FE.ZS,84.8759994506836
"Congo, Rep.",COG,2009,"Own-account workers, female (% of female employment) (modeled ILO estimate)",SL.EMP.OWAC.FE.ZS,85.2600021362305
"Congo, Rep.",COG,2008,"Own-account workers, female (% of female employment) (modeled ILO estimate)",SL.EMP.OWAC.FE.ZS,84.4599990844727
"Congo, Rep.",COG,2007,"Own-account workers, female (% of female employment) (modeled ILO estimate)",SL.EMP.OWAC.FE.ZS,85.504997253418
"Congo, Rep.",COG,2006,"Own-account workers, female (% of female employment) (modeled ILO estimate)",SL.EMP.OWAC.FE.ZS,84.8479995727539
"Congo, Rep.",COG,2005,"Own-account workers, female (% of female employment) (modeled ILO estimate)",SL.EMP.OWAC.FE.ZS,84.6969985961914
"Congo, Rep.",COG,2004,"Own-account workers, female (% of female employment) (modeled ILO estimate)",SL.EMP.OWAC.FE.ZS,82.8929977416992
"Congo, Rep.",COG,2003,"Own-account workers, female (% of female employment) (modeled ILO estimate)",SL.EMP.OWAC.FE.ZS,85.3649978637695
"Congo, Rep.",COG,2002,"Own-account workers, female (% of female employment) (modeled ILO estimate)",SL.EMP.OWAC.FE.ZS,85.2539978027344
"Congo, Rep.",COG,2001,"Own-account workers, female (% of female employment) (modeled ILO estimate)",SL.EMP.OWAC.FE.ZS,85.4280014038086
"Congo, Rep.",COG,2000,"Own-account workers, female (% of female employment) (modeled ILO estimate)",SL.EMP.OWAC.FE.ZS,84.6100006103516
"Congo, Rep.",COG,1999,"Own-account workers, female (% of female employment) (modeled ILO estimate)",SL.EMP.OWAC.FE.ZS,87.0100021362305
"Congo, Rep.",COG,1998,"Own-account workers, female (% of female employment) (modeled ILO estimate)",SL.EMP.OWAC.FE.ZS,88.5009994506836
"Congo, Rep.",COG,1997,"Own-account workers, female (% of female employment) (modeled ILO estimate)",SL.EMP.OWAC.FE.ZS,87.2949981689453
"Congo, Rep.",COG,1996,"Own-account workers, female (% of female employment) (modeled ILO estimate)",SL.EMP.OWAC.FE.ZS,85.9459991455078
"Congo, Rep.",COG,1995,"Own-account workers, female (% of female employment) (modeled ILO estimate)",SL.EMP.OWAC.FE.ZS,88.6419982910156
"Congo, Rep.",COG,1994,"Own-account workers, female (% of female employment) (modeled ILO estimate)",SL.EMP.OWAC.FE.ZS,88.7180023193359
"Congo, Rep.",COG,1993,"Own-account workers, female (% of female employment) (modeled ILO estimate)",SL.EMP.OWAC.FE.ZS,89.7529983520508
"Congo, Rep.",COG,1992,"Own-account workers, female (% of female employment) (modeled ILO estimate)",SL.EMP.OWAC.FE.ZS,90.2409973144531
"Congo, Rep.",COG,1991,"Own-account workers, female (% of female employment) (modeled ILO estimate)",SL.EMP.OWAC.FE.ZS,91.1190032958984
"Congo, Rep.",COG,2016,"Own-account workers, male (% of male employment) (modeled ILO estimate)",SL.EMP.OWAC.MA.ZS,54.9029998779297
"Congo, Rep.",COG,2015,"Own-account workers, male (% of male employment) (modeled ILO estimate)",SL.EMP.OWAC.MA.ZS,54.8129997253418
"Congo, Rep.",COG,2014,"Own-account workers, male (% of male employment) (modeled ILO estimate)",SL.EMP.OWAC.MA.ZS,54.4269981384277
"Congo, Rep.",COG,2013,"Own-account workers, male (% of male employment) (modeled ILO estimate)",SL.EMP.OWAC.MA.ZS,54.4329986572266
"Congo, Rep.",COG,2012,"Own-account workers, male (% of male employment) (modeled ILO estimate)",SL.EMP.OWAC.MA.ZS,54.8370018005371
"Congo, Rep.",COG,2011,"Own-account workers, male (% of male employment) (modeled ILO estimate)",SL.EMP.OWAC.MA.ZS,54.8079986572266
"Congo, Rep.",COG,2010,"Own-account workers, male (% of male employment) (modeled ILO estimate)",SL.EMP.OWAC.MA.ZS,55.6279983520508
"Congo, Rep.",COG,2009,"Own-account workers, male (% of male employment) (modeled ILO estimate)",SL.EMP.OWAC.MA.ZS,56.1870002746582
"Congo, Rep.",COG,2008,"Own-account workers, male (% of male employment) (modeled ILO estimate)",SL.EMP.OWAC.MA.ZS,55.7470016479492
"Congo, Rep.",COG,2007,"Own-account workers, male (% of male employment) (modeled ILO estimate)",SL.EMP.OWAC.MA.ZS,55.8810005187988
"Congo, Rep.",COG,2006,"Own-account workers, male (% of male employment) (modeled ILO estimate)",SL.EMP.OWAC.MA.ZS,56.1640014648438
"Congo, Rep.",COG,2005,"Own-account workers, male (% of male employment) (modeled ILO estimate)",SL.EMP.OWAC.MA.ZS,56.4990005493164
"Congo, Rep.",COG,2004,"Own-account workers, male (% of male employment) (modeled ILO estimate)",SL.EMP.OWAC.MA.ZS,55.2919998168945
"Congo, Rep.",COG,2003,"Own-account workers, male (% of male employment) (modeled ILO estimate)",SL.EMP.OWAC.MA.ZS,56.6870002746582
"Congo, Rep.",COG,2002,"Own-account workers, male (% of male employment) (modeled ILO estimate)",SL.EMP.OWAC.MA.ZS,57.0390014648438
"Congo, Rep.",COG,2001,"Own-account workers, male (% of male employment) (modeled ILO estimate)",SL.EMP.OWAC.MA.ZS,57.2840003967285
"Congo, Rep.",COG,2000,"Own-account workers, male (% of male employment) (modeled ILO estimate)",SL.EMP.OWAC.MA.ZS,57.3209991455078
"Congo, Rep.",COG,1999,"Own-account workers, male (% of male employment) (modeled ILO estimate)",SL.EMP.OWAC.MA.ZS,58.2369995117188
"Congo, Rep.",COG,1998,"Own-account workers, male (% of male employment) (modeled ILO estimate)",SL.EMP.OWAC.MA.ZS,59.9389991760254
"Congo, Rep.",COG,1997,"Own-account workers, male (% of male employment) (modeled ILO estimate)",SL.EMP.OWAC.MA.ZS,58.6549987792969
"Congo, Rep.",COG,1996,"Own-account workers, male (% of male employment) (modeled ILO estimate)",SL.EMP.OWAC.MA.ZS,58.1389999389648
"Congo, Rep.",COG,1995,"Own-account workers, male (% of male employment) (modeled ILO estimate)",SL.EMP.OWAC.MA.ZS,60.3629989624023
"Congo, Rep.",COG,1994,"Own-account workers, male (% of male employment) (modeled ILO estimate)",SL.EMP.OWAC.MA.ZS,59.5730018615723
"Congo, Rep.",COG,1993,"Own-account workers, male (% of male employment) (modeled ILO estimate)",SL.EMP.OWAC.MA.ZS,60.6660003662109
"Congo, Rep.",COG,1992,"Own-account workers, male (% of male employment) (modeled ILO estimate)",SL.EMP.OWAC.MA.ZS,61.4539985656738
"Congo, Rep.",COG,1991,"Own-account workers, male (% of male employment) (modeled ILO estimate)",SL.EMP.OWAC.MA.ZS,62.443000793457
